name	smiles	source
hexanes	CCCCCC	manual
TEA	CCN(CC)CC	manual
SiO2	O=[Si]=O	manual
Hexanes	CCCCCC	manual
N,N′-Carbonyldiimidazole	O=C(n1ccnc1)n1ccnc1	manual
heptanes	CCCCCCC	manual
N,N′-carbonyldiimidazole	O=C(n1ccnc1)n1ccnc1	manual
cuprous iodide	[Cu][I]	manual
NaSO4	O=S(=O)([O-])[O-].[Na+].[Na+]	manual
NH4OAc	CC(=O)[O-].[NH4+]	manual
N,N-dimethylaminopyridine	CN(C)c1ccncc1	manual
cuprous chloride	[Cl][Cu]	manual
IMS	CCO	manual
NaH2PO4	O=P([O-])(O)O.[Na+]	manual
Mg2SO4	O=S(=O)([O-])[O-].[Mg+2]	manual
PCy3	C1CCC(P(C2CCCCC2)C2CCCCC2)CC1	manual
stannous chloride dihydrate	O.O.[Cl][Sn][Cl]	manual
KHCO3	O=C([O-])O.[K+]	manual
N,N'-carbonyldiimidazole	O=C(n1ccnc1)n1ccnc1	manual
stannous chloride	[Cl][Sn][Cl]	manual
Mg	[Mg]	manual
tetrakistriphenylphosphine palladium	[Pd].c1ccc(P(c2ccccc2)c2ccccc2)cc1.c1ccc(P(c2ccccc2)c2ccccc2)cc1.c1ccc(P(c2ccccc2)c2ccccc2)cc1.c1ccc(P(c2ccccc2)c2ccccc2)cc1	OPSIN
CuBr	[Cu][Br]	manual
NaIO4	[Na+].[O-][I+3]([O-])([O-])[O-]	manual
cuprous cyanide	N#[C][Cu]	manual
Na	[Na]	manual
4-N,N-dimethylaminopyridine	CN(C)c1ccncc1	manual
ferric chloride	[Cl][Fe]([Cl])[Cl]	manual
Si	[Si]	manual
Na2S2O5	O=S([O-])S(=O)(=O)[O-].[Na+].[Na+]	manual
PtO2	[O]=[Pt]=[O]	manual
NH4HCO3	O=C([O-])O.[NH4+]	manual
nitro	O=[N+][O-]	OPSIN
reduced iron	[Fe]	manual
stannic chloride	[Cl][Sn]([Cl])([Cl])[Cl]	manual
sodium sulfate anhydride	O=S(=O)([O-])[O-].[Na+].[Na+]	manual
mercuric chloride	[Cl][Hg][Cl]	manual
industrial methylated spirit	CCO	manual
Boc	CC(C)(C)O[C]=O	OPSIN
mercuric acetate	CC(=O)[O-].CC(=O)[O-].[Hg+2]	OPSIN
mercuric oxide	[O]=[Hg]	OPSIN
cuprous bromide	[Cu][Br]	OPSIN
palladium tetrakistriphenylphosphine	[Pd].c1ccc(P(c2ccccc2)c2ccccc2)cc1.c1ccc(P(c2ccccc2)c2ccccc2)cc1.c1ccc(P(c2ccccc2)c2ccccc2)cc1.c1ccc(P(c2ccccc2)c2ccccc2)cc1	OPSIN
cuprous oxide	[O]=[Cu-]	OPSIN
potassium tert.-butylate	CC(C)(C)[O-].[K+]	OPSIN
amino	[NH2]	OPSIN
ceric ammonium nitrate	O=[N+]([O-])[O-].O=[N+]([O-])[O-].O=[N+]([O-])[O-].O=[N+]([O-])[O-].O=[N+]([O-])[O-].[Ce+4].[NH4+]	OPSIN
cupric acetate	CC(=O)[O-].CC(=O)[O-].[Cu+2]	OPSIN
carbonyl	[C]=O	OPSIN
BOC	CC(C)(C)O[C]=O	OPSIN
ferrous sulfate	O=S(=O)([O-])[O-].[Fe+2]	OPSIN
cupric chloride	[Cl][Cu][Cl]	OPSIN
tetrakistriphenylphosphine palladium(0)	[Pd].c1ccc(P(c2ccccc2)c2ccccc2)cc1.c1ccc(P(c2ccccc2)c2ccccc2)cc1.c1ccc(P(c2ccccc2)c2ccccc2)cc1.c1ccc(P(c2ccccc2)c2ccccc2)cc1	OPSIN
bromo	[Br]	OPSIN
tetrakistriphenylphosphine palladium (0)	[Pd].c1ccc(P(c2ccccc2)c2ccccc2)cc1.c1ccc(P(c2ccccc2)c2ccccc2)cc1.c1ccc(P(c2ccccc2)c2ccccc2)cc1.c1ccc(P(c2ccccc2)c2ccccc2)cc1	OPSIN
ferric chloride hexahydrate	O.O.O.O.O.O.[Cl][Fe]([Cl])[Cl]	OPSIN
potassium t-butylate	CC(C)(C)[O-].[K+]	OPSIN
chloro	[Cl]	OPSIN
aminopropyl	[CH2]CCN	OPSIN
ferrous chloride tetrahydrate	O.O.O.O.[Cl][Fe][Cl]	OPSIN
ethyl acetate	CCOC(C)=O	OPSIN
diazo	[N+]=[N-]	OPSIN
tetrakis triphenylphosphine palladium	[Pd].c1ccc(P(c2ccccc2)c2ccccc2)cc1.c1ccc(P(c2ccccc2)c2ccccc2)cc1.c1ccc(P(c2ccccc2)c2ccccc2)cc1.c1ccc(P(c2ccccc2)c2ccccc2)cc1	OPSIN
cupric sulfate	O=S(=O)([O-])[O-].[Cu+2]	OPSIN
hydroxyl	[OH]	OPSIN
ferrous sulfate heptahydrate	O.O.O.O.O.O.O.O=S(=O)([O-])[O-].[Fe+2]	OPSIN
ethyl	[CH2]C	OPSIN
Tetrakistriphenylphosphine Palladium	[Pd].c1ccc(P(c2ccccc2)c2ccccc2)cc1.c1ccc(P(c2ccccc2)c2ccccc2)cc1.c1ccc(P(c2ccccc2)c2ccccc2)cc1.c1ccc(P(c2ccccc2)c2ccccc2)cc1	OPSIN
methyl	[CH3]	OPSIN
potassium tert.butylate	CC(C)(C)[O-].[K+]	OPSIN
cupric oxide	[O]=[Cu]	OPSIN
tetrakis-triphenylphosphine palladium	[Pd].c1ccc(P(c2ccccc2)c2ccccc2)cc1.c1ccc(P(c2ccccc2)c2ccccc2)cc1.c1ccc(P(c2ccccc2)c2ccccc2)cc1.c1ccc(P(c2ccccc2)c2ccccc2)cc1	OPSIN
benzyl	[CH2]c1ccccc1	OPSIN
Stannous chloride dihydrate	O.O.[Cl][Sn][Cl]	OPSIN
cupric chloride dihydrate	O.O.[Cl][Cu][Cl]	OPSIN
palladium tetrakis triphenylphosphine	[Pd].c1ccc(P(c2ccccc2)c2ccccc2)cc1.c1ccc(P(c2ccccc2)c2ccccc2)cc1.c1ccc(P(c2ccccc2)c2ccccc2)cc1.c1ccc(P(c2ccccc2)c2ccccc2)cc1	OPSIN
azo	[N]=[N]	OPSIN
Cuprous iodide	[Cu][I]	OPSIN
tetrakis triphenylphosphine palladium (0)	[Pd].c1ccc(P(c2ccccc2)c2ccccc2)cc1.c1ccc(P(c2ccccc2)c2ccccc2)cc1.c1ccc(P(c2ccccc2)c2ccccc2)cc1.c1ccc(P(c2ccccc2)c2ccccc2)cc1	OPSIN
acetyl	C[C]=O	OPSIN
sodium tert-butylate	CC(C)(C)[O-].[Na+]	OPSIN
ferric nitrate	O=[N+]([O-])[O-].O=[N+]([O-])[O-].O=[N+]([O-])[O-].[Fe+3]	OPSIN
mercuric sulfate	O=S(=O)([O-])[O-].[Hg+2]	OPSIN
Tetrakis triphenylphosphine Palladium	[Pd].c1ccc(P(c2ccccc2)c2ccccc2)cc1.c1ccc(P(c2ccccc2)c2ccccc2)cc1.c1ccc(P(c2ccccc2)c2ccccc2)cc1.c1ccc(P(c2ccccc2)c2ccccc2)cc1	OPSIN
bistriphenylphosphine palladium dichloride	[Cl][Pd][Cl].c1ccc(P(c2ccccc2)c2ccccc2)cc1.c1ccc(P(c2ccccc2)c2ccccc2)cc1	OPSIN
dihydrogen	[H][H]	OPSIN
hydroxy	[OH]	OPSIN
tetrahydrofuran-ethyl acetate	C1CCOC1.CCOC(C)=O	OPSIN
L-p-boronophenylalanine	N[C@@H](Cc1ccc(B(O)O)cc1)C(=O)O	OPSIN
methoxy	C[O]	OPSIN
ozonide	[O]O[O-]	OPSIN
tetrakis-triphenylphosphane palladium	[Pd].c1ccc(P(c2ccccc2)c2ccccc2)cc1.c1ccc(P(c2ccccc2)c2ccccc2)cc1.c1ccc(P(c2ccccc2)c2ccccc2)cc1.c1ccc(P(c2ccccc2)c2ccccc2)cc1	OPSIN
2-(1H-benzo[d][1,2,3]triazol-1-yl)-1,1,3,3-tetramethylisouronium tetrafluoroborate	CN(C)C(On1nnc2ccccc21)=[N+](C)C.F[B-](F)(F)F	OPSIN
hydroxymethyl	[CH2]O	OPSIN
vinyl	[CH]=C	OPSIN
Nitro	O=[N+][O-]	OPSIN
nitroso	[N]=O	OPSIN
hexamethyleneimine	C1CCCNCC1	OPSIN
methanol-toluene	CO.Cc1ccccc1	OPSIN
silyl	[SiH3]	OPSIN
Ferric chloride	[Cl][Fe]([Cl])[Cl]	OPSIN
oxo	[O]	OPSIN
tert-butoxycarbonyl	CC(C)(C)O[C]=O	OPSIN
methylene	[CH2]	OPSIN
titanium tetra-iso-propoxide	CC(C)[O-].CC(C)[O-].CC(C)[O-].CC(C)[O-].[Ti+4]	OPSIN
R-3-aminoquinuclidine dihydrochloride	Cl.Cl.N[C@H]1CN2CCC1CC2	OPSIN
Cuprous chloride	[Cl][Cu]	OPSIN
Stannous chloride	[Cl][Sn][Cl]	OPSIN
iodo	[I]	OPSIN
R-(+)-propylene oxide	C[C@@H]1CO1	OPSIN
bistriphenylphosphine palladium(II)chloride	[Cl][Pd][Cl].c1ccc(P(c2ccccc2)c2ccccc2)cc1.c1ccc(P(c2ccccc2)c2ccccc2)cc1	OPSIN
ferrous chloride	[Cl][Fe][Cl]	OPSIN
magnesium salt hexahydrate	O.O.O.O.O.O.[Mg]	OPSIN
mercuric diacetate	CC(=O)[O-].CC(=O)[O-].[Hg+2]	OPSIN
(2′-dicyclohexyl phosphanyl-biphenyl-2-yl)-dimethylamine	CN(C)c1ccccc1-c1ccccc1P(C1CCCCC1)C1CCCCC1	OPSIN
TBDMS	C[Si](C)C(C)(C)C	OPSIN
cupric sulfate pentahydrate	O.O.O.O.O.O=S(=O)([O-])[O-].[Cu+2]	OPSIN
Fmoc	O=[C]OCC1c2ccccc2-c2ccccc21	OPSIN
cupric bromide	[Br][Cu][Br]	OPSIN
cyano	[C]#N	OPSIN
lithio	[Li]	OPSIN
tetrakis-triphenylphosphine palladium(0)	[Pd].c1ccc(P(c2ccccc2)c2ccccc2)cc1.c1ccc(P(c2ccccc2)c2ccccc2)cc1.c1ccc(P(c2ccccc2)c2ccccc2)cc1.c1ccc(P(c2ccccc2)c2ccccc2)cc1	OPSIN
Cuprous cyanide	N#[C][Cu]	OPSIN
ferric sulfate	O=S(=O)([O-])[O-].O=S(=O)([O-])[O-].O=S(=O)([O-])[O-].[Fe+3].[Fe+3]	OPSIN
paratoluenesulfonic acid	Cc1ccc(S(=O)(=O)O)cc1	OPSIN
Stannic chloride	[Cl][Sn]([Cl])([Cl])[Cl]	OPSIN
ethanol-toluene	CCO.Cc1ccccc1	OPSIN
ferrous sulphate	O=S(=O)([O-])[O-].[Fe+2]	OPSIN
potassium tert-butylate	CC(C)(C)[O-].[K+]	OPSIN
potassium tert. butylate	CC(C)(C)[O-].[K+]	OPSIN
sodium tert.-butylate	CC(C)(C)[O-].[Na+]	OPSIN
bis-triphenylphosphine palladium dichloride	[Cl][Pd][Cl].c1ccc(P(c2ccccc2)c2ccccc2)cc1.c1ccc(P(c2ccccc2)c2ccccc2)cc1	OPSIN
formyl	[CH]=O	OPSIN
mercuric cyanide	N#[C][Hg][C]#N	OPSIN
sodium t-pentoxide	CCC(C)(C)[O-].[Na+]	OPSIN
Mercuric oxide	[O]=[Hg]	OPSIN
siloxane	[O][SiH2]	OPSIN
tetrakistriphenyl phosphine palladium	[Pd].c1ccc(P(c2ccccc2)c2ccccc2)cc1.c1ccc(P(c2ccccc2)c2ccccc2)cc1.c1ccc(P(c2ccccc2)c2ccccc2)cc1.c1ccc(P(c2ccccc2)c2ccccc2)cc1	OPSIN
trimethylsilyl	C[Si](C)C	OPSIN
Palladium tetrakis-triphenylphosphine	[Pd].c1ccc(P(c2ccccc2)c2ccccc2)cc1.c1ccc(P(c2ccccc2)c2ccccc2)cc1.c1ccc(P(c2ccccc2)c2ccccc2)cc1.c1ccc(P(c2ccccc2)c2ccccc2)cc1	OPSIN
allyl	[CH2]C=C	OPSIN
fluoro	[F]	OPSIN
molecular oxygen	O=O	OPSIN
tetrakis triphenylphosphine palladium(0)	[Pd].c1ccc(P(c2ccccc2)c2ccccc2)cc1.c1ccc(P(c2ccccc2)c2ccccc2)cc1.c1ccc(P(c2ccccc2)c2ccccc2)cc1.c1ccc(P(c2ccccc2)c2ccccc2)cc1	OPSIN
Tetrakistriphenylphosphine palladium	[Pd].c1ccc(P(c2ccccc2)c2ccccc2)cc1.c1ccc(P(c2ccccc2)c2ccccc2)cc1.c1ccc(P(c2ccccc2)c2ccccc2)cc1.c1ccc(P(c2ccccc2)c2ccccc2)cc1	OPSIN
carboxyl	O=[C]O	OPSIN
cupric acetate monohydrate	CC(=O)[O-].CC(=O)[O-].O.[Cu+2]	OPSIN
ethanol-benzene	CCO.c1ccccc1	OPSIN
methanol-benzene	CO.c1ccccc1	OPSIN
cephem	O=C1C[C@H]2SCC=CN12	OPSIN
divinylsiloxane	C=C[Si]([O])C=C	OPSIN
mercuric sulphate	O=S(=O)([O-])[O-].[Hg+2]	OPSIN
t-butyldimethylsilyl	C[Si](C)C(C)(C)C	OPSIN
Ceric ammonium nitrate	O=[N+]([O-])[O-].O=[N+]([O-])[O-].O=[N+]([O-])[O-].O=[N+]([O-])[O-].O=[N+]([O-])[O-].[Ce+4].[NH4+]	OPSIN
Palladium tetrakis triphenylphosphine	[Pd].c1ccc(P(c2ccccc2)c2ccccc2)cc1.c1ccc(P(c2ccccc2)c2ccccc2)cc1.c1ccc(P(c2ccccc2)c2ccccc2)cc1.c1ccc(P(c2ccccc2)c2ccccc2)cc1	OPSIN
di-isopropylazodicarboxylate	CC(C)OC(=O)N=NC(=O)OC(C)C	OPSIN
isopropyl	C[CH]C	OPSIN
tetrahydropyranyl	[CH]1CCCCO1	OPSIN
1,8-diazabicyclo-[5.4.0]-7-undecene	C1CCC2=NCCCN2CC1	OPSIN
Palladium tetrakistriphenylphosphine	[Pd].c1ccc(P(c2ccccc2)c2ccccc2)cc1.c1ccc(P(c2ccccc2)c2ccccc2)cc1.c1ccc(P(c2ccccc2)c2ccccc2)cc1.c1ccc(P(c2ccccc2)c2ccccc2)cc1	OPSIN
azido	[N]=[N+]=[N-]	OPSIN
keto	[O]	OPSIN
Cbz	O=[C]OCc1ccccc1	OPSIN
Cuprous bromide	[Cu][Br]	OPSIN
benzyloxycarbonyl	O=[C]OCc1ccccc1	OPSIN
chloromethyl	[CH2]Cl	OPSIN
trityl	c1ccc([C](c2ccccc2)c2ccccc2)cc1	OPSIN
Mercuric acetate	CC(=O)[O-].CC(=O)[O-].[Hg+2]	OPSIN
aminomethyl	[CH2]N	OPSIN
bis(2-methoxyethyl)azodicarboxylate	COCCOC(=O)N=NC(=O)OCCOC	OPSIN
chromic oxide	[Cr+3].[Cr+3].[O-2].[O-2].[O-2]	OPSIN
palladium tetrakis-triphenylphosphine	[Pd].c1ccc(P(c2ccccc2)c2ccccc2)cc1.c1ccc(P(c2ccccc2)c2ccccc2)cc1.c1ccc(P(c2ccccc2)c2ccccc2)cc1.c1ccc(P(c2ccccc2)c2ccccc2)cc1	OPSIN
tert-butyl	C[C](C)C	OPSIN
tetrakis-triphenylphosphine palladium (0)	[Pd].c1ccc(P(c2ccccc2)c2ccccc2)cc1.c1ccc(P(c2ccccc2)c2ccccc2)cc1.c1ccc(P(c2ccccc2)c2ccccc2)cc1.c1ccc(P(c2ccccc2)c2ccccc2)cc1	OPSIN
tris-(dibenzylideneacetone) dipalladium(0)	O=C(C=Cc1ccccc1)C=Cc1ccccc1.O=C(C=Cc1ccccc1)C=Cc1ccccc1.O=C(C=Cc1ccccc1)C=Cc1ccccc1.[Pd].[Pd]	OPSIN
Cupric acetate	CC(=O)[O-].CC(=O)[O-].[Cu+2]	OPSIN
[9-(2,2-dimethyl-propyl)-8-oxo-3,6,7,8,9,10-hexahydro-2,3,9-triaza-(R)-cyclohepta[e]inden-7-yl]-carbamic acid benzyl ester	CC(C)(C)CN1Cc2c(ccc3[nH]ncc23)C[C@@H](NC(=O)OCc2ccccc2)C1=O	OPSIN
palladium tetrakistriphenyl phosphine	[Pd].c1ccc(P(c2ccccc2)c2ccccc2)cc1.c1ccc(P(c2ccccc2)c2ccccc2)cc1.c1ccc(P(c2ccccc2)c2ccccc2)cc1.c1ccc(P(c2ccccc2)c2ccccc2)cc1	OPSIN
sulfinyl	O=S	OPSIN
tert-butyloxy carbonyl	CC(C)(C)O[C]=O	OPSIN
tetrakis triphenyl phosphine palladium	[Pd].c1ccc(P(c2ccccc2)c2ccccc2)cc1.c1ccc(P(c2ccccc2)c2ccccc2)cc1.c1ccc(P(c2ccccc2)c2ccccc2)cc1.c1ccc(P(c2ccccc2)c2ccccc2)cc1	OPSIN
Ferric chloride hexahydrate	O.O.O.O.O.O.[Cl][Fe]([Cl])[Cl]	OPSIN
Mercuric chloride	[Cl][Hg][Cl]	OPSIN
Tetrakistriphenylphosphine Palladium(0)	[Pd].c1ccc(P(c2ccccc2)c2ccccc2)cc1.c1ccc(P(c2ccccc2)c2ccccc2)cc1.c1ccc(P(c2ccccc2)c2ccccc2)cc1.c1ccc(P(c2ccccc2)c2ccccc2)cc1	OPSIN
dimethylaminomethylene	[CH]N(C)C	OPSIN
manganous acetate tetrahydrate	CC(=O)[O-].CC(=O)[O-].O.O.O.O.[Mn+2]	OPSIN
mercapto	[SH]	OPSIN
mercuric perchlorate hydrate	O.[Hg+2].[O-][Cl+3]([O-])([O-])[O-].[O-][Cl+3]([O-])([O-])[O-]	OPSIN
mercuric trifluoroacetate	O=C([O-])C(F)(F)F.O=C([O-])C(F)(F)F.[Hg+2]	OPSIN
morpholino	C1COCC[N]1	OPSIN
palladium (0) tetrakis-triphenylphosphine	[Pd].c1ccc(P(c2ccccc2)c2ccccc2)cc1.c1ccc(P(c2ccccc2)c2ccccc2)cc1.c1ccc(P(c2ccccc2)c2ccccc2)cc1.c1ccc(P(c2ccccc2)c2ccccc2)cc1	OPSIN
stannous octanoate	CCCCCCCC(=O)[O-].CCCCCCCC(=O)[O-].[Sn+2]	OPSIN
2-methyl-2-oxiranylmethyl(S)-4-nitrobenzenesulfonate	CC1(CC2CO2)C=C([N+](=O)[O-])C=C[C@@H]1S(=O)(=O)[O-]	OPSIN
5-amino-5-carboxy-valeryl	NC(CCC[C]=O)C(=O)O	OPSIN
Bis-triphenylphosphine palladium dichloride	[Cl][Pd][Cl].c1ccc(P(c2ccccc2)c2ccccc2)cc1.c1ccc(P(c2ccccc2)c2ccccc2)cc1	OPSIN
Molecular Oxygen	O=O	OPSIN
N,N-dimethylmethyleneiminium iodide	C=[N+](C)C.[I-]	OPSIN
Tetrakis triphenylphosphine palladium	[Pd].c1ccc(P(c2ccccc2)c2ccccc2)cc1.c1ccc(P(c2ccccc2)c2ccccc2)cc1.c1ccc(P(c2ccccc2)c2ccccc2)cc1.c1ccc(P(c2ccccc2)c2ccccc2)cc1	OPSIN
bistriphenylphosphine palladium chloride	[Cl][Pd][Cl].c1ccc(P(c2ccccc2)c2ccccc2)cc1.c1ccc(P(c2ccccc2)c2ccccc2)cc1	OPSIN
chloroform	ClC(Cl)Cl	OPSIN
cyclopentadienyl	[CH]1C=CC=C1	OPSIN
di-t-butylazodicarboxylate	CC(C)(C)OC(=O)N=NC(=O)OC(C)(C)C	OPSIN
ethanol-dioxane	C1COCCO1.CCO	OPSIN
manganic acetate	CC(=O)[O-].CC(=O)[O-].CC(=O)[O-].[Mn+3]	OPSIN
methanol-dioxane	C1COCCO1.CO	OPSIN
palladium(0) tetrakis-triphenylphosphine	[Pd].c1ccc(P(c2ccccc2)c2ccccc2)cc1.c1ccc(P(c2ccccc2)c2ccccc2)cc1.c1ccc(P(c2ccccc2)c2ccccc2)cc1.c1ccc(P(c2ccccc2)c2ccccc2)cc1	OPSIN
potassium tertiary-butylate	CC(C)(C)[O-].[K+]	OPSIN
sulfonyl	O=S=O	OPSIN
thio	[S]	OPSIN
Bis tritertbutylphosphine palladium	CC(C)(C)P(C(C)(C)C)C(C)(C)C.CC(C)(C)P(C(C)(C)C)C(C)(C)C.[Pd]	OPSIN
Bistriphenylphosphine dichloropalladium (II)	[Cl][Pd][Cl].c1ccc(P(c2ccccc2)c2ccccc2)cc1.c1ccc(P(c2ccccc2)c2ccccc2)cc1	OPSIN
Methyl	[CH3]	OPSIN
bis-tri-o-tolylphosphine palladium(II) chloride	Cc1ccccc1P(c1ccccc1C)c1ccccc1C.Cc1ccccc1P(c1ccccc1C)c1ccccc1C.[Cl][Pd][Cl]	OPSIN
bromomethyl	[CH2]Br	OPSIN
carboxy	O=[C]O	OPSIN
cyclohexyl	[CH]1CCCCC1	OPSIN
di-palladium tris(dibenzylideneacetone)	O=C(C=Cc1ccccc1)C=Cc1ccccc1.O=C(C=Cc1ccccc1)C=Cc1ccccc1.O=C(C=Cc1ccccc1)C=Cc1ccccc1.[Pd].[Pd]	OPSIN
ethyl hexane	CCCCCCCC	OPSIN
mercuric sulfide	[S]=[Hg]	OPSIN
palladium (0) tetrakis triphenylphosphine	[Pd].c1ccc(P(c2ccccc2)c2ccccc2)cc1.c1ccc(P(c2ccccc2)c2ccccc2)cc1.c1ccc(P(c2ccccc2)c2ccccc2)cc1.c1ccc(P(c2ccccc2)c2ccccc2)cc1	OPSIN
phenyl	[c]1ccccc1	OPSIN
potassium bis-(trimethylsilylamide)	C[Si](C)(C)[NH-].C[Si](C)(C)[NH-].[K+].[K+]	OPSIN
tert-butyl-oxycarbonyl	CC(C)(C)O[C]=O	OPSIN
tetrahydrofuran-ethyl acetate heptane	C1CCOC1.CCCCCCC.CCOC(C)=O	OPSIN
(+)-L-ε-hydroxynorleucine	N[C@@H](CCCCO)C(=O)O	OPSIN
(5S,6S)- and (5S,6R)-6-(3-butylthio-1,2,5-thiadiazol-4-yl)-1-azabicyclo[3.2.1]octane	CCCCSc1nsnc1C1CN2CCC[C@@H]1C2	OPSIN
(5S,6S)- and (5S,6R)-6-(3-chloro-1,2,5-thiadiazol-4-yl)-1-azabicyclo[3.2.1]octane	Clc1nsnc1C1CN2CCC[C@@H]1C2	OPSIN
70/30/1 ethyl acetate methanol ammonium hydroxide	CCOC(C)=O.CO.[NH4+].[OH-]	OPSIN
Cuprous oxide	[O]=[Cu-]	OPSIN
Di-isopropylazodicarboxylate	CC(C)OC(=O)N=NC(=O)OC(C)C	OPSIN
Tristriphenylphosphine rhodium chloride	[Cl][Rh]([Cl])[Cl].c1ccc(P(c2ccccc2)c2ccccc2)cc1.c1ccc(P(c2ccccc2)c2ccccc2)cc1.c1ccc(P(c2ccccc2)c2ccccc2)cc1	OPSIN
acetamido	CC([NH])=O	OPSIN
bis-triphenylphosphine palladium (II) chloride	[Cl][Pd][Cl].c1ccc(P(c2ccccc2)c2ccccc2)cc1.c1ccc(P(c2ccccc2)c2ccccc2)cc1	OPSIN
cuprous thiocyanate	N#C[S][Cu]	OPSIN
diethyl ethoxymagnesium malonate	CCC(C)(CC)[O][Mg+2].O=C([O-])CC(=O)[O-]	OPSIN
ethylene bis-stearoylamide	C=C.CCCCCCCCCCCCCCCCCC(=O)[N-]C(=O)CCCCCCCCCCCCCCCCC	OPSIN
ferric oxide	[Fe+3].[Fe+3].[O-2].[O-2].[O-2]	OPSIN
ferrous sulphate heptahydrate	O.O.O.O.O.O.O.O=S(=O)([O-])[O-].[Fe+2]	OPSIN
fluorosilicic acid	F[Si-2](F)(F)(F)(F)F.[H+].[H+]	OPSIN
isopropyl ether	CC(C)OC(C)C	OPSIN
magnesium (IV) oxide	[Mg+4].[O-2].[O-2]	OPSIN
mercuric iodide	[I][Hg][I]	OPSIN
palladium dichloride bis-triphenylphosphine	[Cl][Pd][Cl].c1ccc(P(c2ccccc2)c2ccccc2)cc1.c1ccc(P(c2ccccc2)c2ccccc2)cc1	OPSIN
sodium isobutylate	CC(C)C[O-].[Na+]	OPSIN
stannic tetrachloride	[Cl][Sn]([Cl])([Cl])[Cl]	OPSIN
stannous dichloride	[Cl][Sn][Cl]	OPSIN
t-butoxycarbonyl	CC(C)(C)O[C]=O	OPSIN
tert-butyldimethylsilyl	C[Si](C)C(C)(C)C	OPSIN
trisdibenzylideneacetone dipalladium	O=C(C=Cc1ccccc1)C=Cc1ccccc1.O=C(C=Cc1ccccc1)C=Cc1ccccc1.O=C(C=Cc1ccccc1)C=Cc1ccccc1.[Pd].[Pd]	OPSIN
2,2-bis-tri-fluoromethyl-2-hydroxyacetic acid	O=C(O)C(O)(C(F)(F)F)C(F)(F)F	OPSIN
3-butylsydnoneimine	CCCC[n+]1cc(=N)o[n-]1	OPSIN
Ferrous sulfate heptahydrate	O.O.O.O.O.O.O.O=S(=O)([O-])[O-].[Fe+2]	OPSIN
Fmoc-amino	[NH]C(=O)OCC1c2ccccc2-c2ccccc21	OPSIN
Sodium tert-butylate	CC(C)(C)[O-].[Na+]	OPSIN
TBDPS	CC(C)(C)[Si](c1ccccc1)c1ccccc1	OPSIN
[4-chloro-9-(2,2-dimethyl-propyl)-8-oxo-3,6,7,8,9,10-hexahydro-2,3,9-triaza-(S)-cyclohepta[e]inden-7-yl]acetic acid	CC(C)(C)CN1Cc2c(cc(Cl)c3[nH]ncc23)C[C@@H](CC(=O)O)C1=O	OPSIN
cupric hydroxide	[OH][Cu][OH]	OPSIN
cupric nitrate	O=[N+]([O-])[O-].O=[N+]([O-])[O-].[Cu+2]	OPSIN
dichloride palladium(II)	[Cl-].[Cl-].[Pd+2]	OPSIN
formylamino	[NH]C=O	OPSIN
isobutyl	[CH2]C(C)C	OPSIN
methylene chloride	ClCCl	OPSIN
phosphorous acid trisdiethylamide	CCN(CC)P(N(CC)CC)N(CC)CC	OPSIN
potassium tertbutylate	CC(C)(C)[O-].[K+]	OPSIN
potassium-t-butylate	CC(C)(C)[O-].[K+]	OPSIN
sodium n-propoxide	CCC[O-].[Na+]	OPSIN
stannous chloride hydrate	O.[Cl][Sn][Cl]	OPSIN
stannous chloride, dihydrate	O.O.[Cl][Sn][Cl]	OPSIN
t-butyl	C[C](C)C	OPSIN
tetrakis(triphenylphosphane) palladium	[Pd].c1ccc(P(c2ccccc2)c2ccccc2)cc1.c1ccc(P(c2ccccc2)c2ccccc2)cc1.c1ccc(P(c2ccccc2)c2ccccc2)cc1.c1ccc(P(c2ccccc2)c2ccccc2)cc1	OPSIN
(E)- and (Z)-2-methyl-2-butenenitrile	CC=C(C)C#N	OPSIN
(E)- and (Z)-2-methyl-2-butenoic acid	CC=C(C)C(=O)O	OPSIN
(R)-1-(3-methoxymethoxyphenyl)-1,2-ethanediol 2-tosylate	COCOc1cccc([C@@H](O)COS(=O)(=O)c2ccc(C)cc2)c1	OPSIN
2-(1H-benzo[d][1,2,3]triazol-1-yl)-1,1,3,3-tetramethylisouronium hexafluorophosphate	CN(C)C(On1nnc2ccccc21)=[N+](C)C.F[P-](F)(F)(F)(F)F	OPSIN
2-ethyl	[CH2]C	OPSIN
3-cyano-5-methoxybenzyltriflate	COc1cc(C#N)cc(COS(=O)(=O)C(F)(F)F)c1	OPSIN
3-cyano-5-methoxyphenyltriflate	COc1cc(C#N)cc(OS(=O)(=O)C(F)(F)F)c1	OPSIN
4-(2-oxo-1,4-dihydro-2H-quinazolin-3-yl)-piperidine-1-carboxylic acid [8-oxo-9-(2-piperidin-1-yl-ethyl)-3,6,7,8,9,10-hexahydro-2,3,9-triaza-(R)-cyclohepta[e]inden-7-yl]-amide	O=C(N[C@@H]1Cc2ccc3[nH]ncc3c2CN(CCN2CCCCC2)C1=O)N1CCC(N2Cc3ccccc3NC2=O)CC1	OPSIN
5,6-dihydro-4H-pyrrolo[3,2,1-ij]quinolin-1-yl	[c]1cn2c3c(cccc13)CCC2	OPSIN
CBZ	O=[C]OCc1ccccc1	OPSIN
Cupric chloride	[Cl][Cu][Cl]	OPSIN
D,L-α-methylphenylglycine ethyl ester	CCOC(=O)C(C)Nc1ccccc1	OPSIN
Nitro vinyl	[CH]=C[N+](=O)[O-]	OPSIN
R-(+)-1,1,1-trifluoro-2,3-epoxypropane	FC(F)(F)[C@H]1CO1	OPSIN
R-(-) ibuprofen	CC(C)Cc1ccc([C@@H](C)C(=O)O)cc1	OPSIN
R-glycidyl butyrate	CCCC(=O)OC[C@H]1CO1	OPSIN
Sodium t-butylate	CC(C)(C)[O-].[Na+]	OPSIN
Tetrakistriphenylphosphine palladium (0)	[Pd].c1ccc(P(c2ccccc2)c2ccccc2)cc1.c1ccc(P(c2ccccc2)c2ccccc2)cc1.c1ccc(P(c2ccccc2)c2ccccc2)cc1.c1ccc(P(c2ccccc2)c2ccccc2)cc1	OPSIN
[4-Methyl-9-(2,2-dimethyl-propyl)-8-oxo-3,6,7,8,9,10-hexahydro-2,3,9-triaza-(S)-cyclohepta[e]inden-7-yl]-acetic acid methyl ester	COC(=O)C[C@@H]1Cc2cc(C)c3[nH]ncc3c2CN(CC(C)(C)C)C1=O	OPSIN
[9-(2,2-dimethyl-propyl)-8-oxo-3,6,7,8,9,10-hexahydro-2,3,9-triaza-(S)-cyclohepta[e]inden-7-yl]-acetic acid methyl ester	COC(=O)C[C@@H]1Cc2ccc3[nH]ncc3c2CN(CC(C)(C)C)C1=O	OPSIN
acetoxy	CC([O])=O	OPSIN
benzoyl	O=[C]c1ccccc1	OPSIN
benzylamino	[NH]Cc1ccccc1	OPSIN
benzylidene	[CH]c1ccccc1	OPSIN
benzyloxy	[O]Cc1ccccc1	OPSIN
bis(dibenzyleneacetone) palladium	O=C(C=Cc1ccccc1)C=Cc1ccccc1.O=C(C=Cc1ccccc1)C=Cc1ccccc1.[Pd]	OPSIN
boc	CC(C)(C)O[C]=O	OPSIN
chloro-propyl	[CH2]CCCl	OPSIN
chromic trioxide	[Cr+3].[Cr+3].[O-2].[O-2].[O-2]	OPSIN
chromous sulfate	O=S(=O)([O-])[O-].[Cr+2]	OPSIN
cupric iodide	[I][Cu][I]	OPSIN
cupric nitrate trihydrate	O.O.O.O=[N+]([O-])[O-].O=[N+]([O-])[O-].[Cu+2]	OPSIN
cuprous chloride dihydrate	O.O.[Cl][Cu]	OPSIN
cuprous sulfate	O=S(=O)([O-])[O-].[Cu+].[Cu+]	OPSIN
di-n-amyl malonate	CCCCCOC(=O)CC(=O)OCCCCC	OPSIN
diphenylphosphoric acid azide	[N-]=[N+]=NP(=O)(Oc1ccccc1)Oc1ccccc1	OPSIN
ferric perchlorate	[Fe+3].[O-][Cl+3]([O-])([O-])[O-].[O-][Cl+3]([O-])([O-])[O-].[O-][Cl+3]([O-])([O-])[O-]	OPSIN
hydroxylamine O-sulfonic acid	NOS(=O)(=O)O	OPSIN
i-amylnitrite	CC(C)CCON=O	OPSIN
lithium cupric chloride	[Cl][Cu][Cl].[Li]	OPSIN
pivaloyl	CC(C)(C)[C]=O	OPSIN
sodium t-amylate	CCC(C)(C)[O-].[Na+]	OPSIN
t-butyloxycarbonyl	CC(C)(C)O[C]=O	OPSIN
tetrakis triphenyl phosphine palladium (0)	[Pd].c1ccc(P(c2ccccc2)c2ccccc2)cc1.c1ccc(P(c2ccccc2)c2ccccc2)cc1.c1ccc(P(c2ccccc2)c2ccccc2)cc1.c1ccc(P(c2ccccc2)c2ccccc2)cc1	OPSIN
tetrakistriphenyl phosphine palladium (0)	[Pd].c1ccc(P(c2ccccc2)c2ccccc2)cc1.c1ccc(P(c2ccccc2)c2ccccc2)cc1.c1ccc(P(c2ccccc2)c2ccccc2)cc1.c1ccc(P(c2ccccc2)c2ccccc2)cc1	OPSIN
tetrakistriphenyl-phosphine palladium	[Pd].c1ccc(P(c2ccccc2)c2ccccc2)cc1.c1ccc(P(c2ccccc2)c2ccccc2)cc1.c1ccc(P(c2ccccc2)c2ccccc2)cc1.c1ccc(P(c2ccccc2)c2ccccc2)cc1	OPSIN
tetrakistriphenylphosphine Palladium (0)	[Pd].c1ccc(P(c2ccccc2)c2ccccc2)cc1.c1ccc(P(c2ccccc2)c2ccccc2)cc1.c1ccc(P(c2ccccc2)c2ccccc2)cc1.c1ccc(P(c2ccccc2)c2ccccc2)cc1	OPSIN
tristriphenylphosphine rhodium (I) chloride	[Cl][Rh].c1ccc(P(c2ccccc2)c2ccccc2)cc1.c1ccc(P(c2ccccc2)c2ccccc2)cc1.c1ccc(P(c2ccccc2)c2ccccc2)cc1	OPSIN
1,8-diaza-bicyclo[5,4,0]-7-undecene	C1CCC2=NCCCN2CC1	OPSIN
2,4-dinitrophenyl	O=[N+]([O-])c1[c]ccc([N+](=O)[O-])c1	OPSIN
2-aza-1,1-diphenyl-3-(pyridyl)prop-2-ene	C(=NC(c1ccccc1)c1ccccc1)c1ccccn1	OPSIN
3R-Methylamino-1-(methanesulfonyl)pyrrolidine	CN[C@@H]1CCN(S(C)(=O)=O)C1	OPSIN
4-methoxy-1-oxidopyridin-1-ium	COc1cc[n+]([O-])cc1	OPSIN
7β-phenoxyacetamido-3-pyrrolidino-cephem-4-carboxylic acid p-nitrobenzyl ester	O=C(COc1ccccc1)N[C@@H]1C(=O)N2C(C(=O)OCc3ccc([N+](=O)[O-])cc3)=C(N3CCCC3)CS[C@H]12	OPSIN
Mercuric bromide	[Br][Hg][Br]	OPSIN
Potassium tert.-butylate	CC(C)(C)[O-].[K+]	OPSIN
R-diphenylprolinol	OC[C@]1(c2ccccc2)CCCN1c1ccccc1	OPSIN
Sodium tert.-butylate	CC(C)(C)[O-].[Na+]	OPSIN
Tetrakistriphenylphosphine palladium(0)	[Pd].c1ccc(P(c2ccccc2)c2ccccc2)cc1.c1ccc(P(c2ccccc2)c2ccccc2)cc1.c1ccc(P(c2ccccc2)c2ccccc2)cc1.c1ccc(P(c2ccccc2)c2ccccc2)cc1	OPSIN
bis-dichlorotriphenylphosphine palladium	Clc1cccc(P(c2ccccc2)c2ccccc2)c1Cl.Clc1cccc(P(c2ccccc2)c2ccccc2)c1Cl.[Pd]	OPSIN
bis-triphenylphosphine palladium di-chloride	[Cl][Pd][Cl].c1ccc(P(c2ccccc2)c2ccccc2)cc1.c1ccc(P(c2ccccc2)c2ccccc2)cc1	OPSIN
ceric sulfate	O=S(=O)([O-])[O-].O=S(=O)([O-])[O-].[Ce+4]	OPSIN
cerous chloride	[Ce+3].[Cl-].[Cl-].[Cl-]	OPSIN
cobaltous chloride hexahydrate	O.O.O.O.O.O.[Cl][Co][Cl]	OPSIN
cupric carbonate	O=C([O-])[O-].[Cu+2]	OPSIN
cuprous acetate	CC(=O)[O-].[Cu+]	OPSIN
cyclopentylamino	[NH]C1CCCC1	OPSIN
d,l-2,3-dihydro-5-methoxy-1H-indole-2-carboxylic acid ethyl ester	CCOC(=O)C1Cc2cc(OC)ccc2N1	OPSIN
di(dibenzylideneacetone) palladium	O=C(C=Cc1ccccc1)C=Cc1ccccc1.O=C(C=Cc1ccccc1)C=Cc1ccccc1.[Pd]	OPSIN
di-tertbutylazodicarboxylate	CC(C)(C)OC(=O)N=NC(=O)OC(C)(C)C	OPSIN
diethylphosphoric cyanide	CCOP(=O)(C#N)OCC	OPSIN
ferrous ammonium sulphate	O=S(=O)([O-])[O-].[Fe+2].[NH4+]	OPSIN
imino	[NH]	OPSIN
mercurous chloride	[Cl][Hg]	OPSIN
methylene methanol	C=CO	OPSIN
phthalimido	O=C1[N]C(=O)c2ccccc21	OPSIN
phthaloyl	O=[C]c1ccccc1[C]=O	OPSIN
phthaloylglycine amidoxime	NC(CNC(=O)c1ccccc1C(=O)O)=NO	OPSIN
sodium nitride	[N-3].[Na+].[Na+].[Na+]	OPSIN
sodium-n-butoxide	CCCC[O-].[Na+]	OPSIN
sodium-tert butylate	CC(C)(C)[O-].[Na+]	OPSIN
tert-butyl 7-(α-tert-butyloxycarboxylphenylacetamido)-3-chloro-3-cephem-4-carboxylate	CC(C)(C)OC(=O)C1=C(Cl)CS[C@@H]2C(NC(=O)C(OC(C)(C)C)(C(=O)O)c3ccccc3)C(=O)N12	OPSIN
tetrakis-triphenyl phosphine palladium	[Pd].c1ccc(P(c2ccccc2)c2ccccc2)cc1.c1ccc(P(c2ccccc2)c2ccccc2)cc1.c1ccc(P(c2ccccc2)c2ccccc2)cc1.c1ccc(P(c2ccccc2)c2ccccc2)cc1	OPSIN
thienyl	[c]1cccs1	OPSIN
thio-ketone	O=C=S	OPSIN
tris-(dibenzylidenaceton) dipalladium(0)	O=C(C=Cc1ccccc1)C=Cc1ccccc1.O=C(C=Cc1ccccc1)C=Cc1ccccc1.O=C(C=Cc1ccccc1)C=Cc1ccccc1.[Pd].[Pd]	OPSIN
(2E,4E)- and (2Z,4E)-4-Methyl-2,4-heptadien-1-ylamine	CC/C=C(\C)C=CCN	OPSIN
(2E,4E)- and (2Z,4E)-4-methyl-2,4-heptadien-1-ylamine	CC/C=C(\C)C=CCN	OPSIN
1,1,3,3-tetramethylisoindolin-2-yloxyl	CC1(C)c2ccccc2C(C)(C)N1[O]	OPSIN
1-(3-dimethyl amino propyl)-3-ethyl carbodiimide hydrochloride	CCN=C=NCCCN(C)C.Cl	OPSIN
1-(3-dimethyl aminopropyl)-3-ethylcarbodiimide hydrochloride	CCN=C=NCCCN(C)C.Cl	OPSIN
1-[12-(m-iodophenyl)-dodecyl]-2-methyl-rac-glycero-3-phosphocholine	COC(COCCCCCCCCCCCCc1cccc(I)c1)COP(=O)([O-])OCC[N+](C)(C)C	OPSIN
10-propargyl-5,8-dideazafolate	C#CCN(Cc1ccc2nc(N)[nH]c(=O)c2c1)c1ccc(C(=O)N[C@@H](CCC(=O)[O-])C(=O)O)cc1	OPSIN
2,2-dimethylpropyl	[CH2]C(C)(C)C	OPSIN
2-[4-(6-fluoro-1,2-benzisoxazol-3-yl)-1-piperidinyl]ethyl	[CH2]CN1CCC(c2noc3cc(F)ccc23)CC1	OPSIN
2-di-n-butylamino-4-methoxy-5-hexamethyleneiminosulfonylbenzoic acid	CCCCN(CCCC)c1cc(OC)c(S(=O)(=O)N2CCCCCC2)cc1C(=O)O	OPSIN
2-hexamethyleneimino-3-fluoro-5-morpholinosulfonylbenzoic acid	O=C(O)c1cc(S(=O)(=O)N2CCOCC2)cc(F)c1N1CCCCCC1	OPSIN
2-hexamethyleneimino-3-methyl-5-(N-methyl-N-phenylaminosulfonyl)benzoic acid	Cc1cc(S(=O)(=O)N(C)c2ccccc2)cc(C(=O)O)c1N1CCCCCC1	OPSIN
2-hexamethyleneimino-4-chloro-5-hexamethyleneiminosulfonylbenzoic acid	O=C(O)c1cc(S(=O)(=O)N2CCCCCC2)c(Cl)cc1N1CCCCCC1	OPSIN
2-oxo-1-pyrrolidinyl	O=C1CCC[N]1	OPSIN
3-(gamma-methacryl-oxypropyl)-tetrahydro-1,3-oxazine	C=C(C)C(=O)OCCCN1CCCOC1	OPSIN
3-chlorophenyl	Clc1c[c]ccc1	OPSIN
3-methyl-2-buten-1-yl	[CH2]C=C(C)C	OPSIN
4, 4'-dimethoxytrityl	COc1ccc([C](c2ccccc2)c2ccc(OC)cc2)cc1	OPSIN
4-bromo-5-hexamethyleneiminosulfonylbenzoic acid	O=C(O)c1ccc(Br)c(S(=O)(=O)N2CCCCCC2)c1	OPSIN
5-hexamethyleneiminosulfonyl-6-bromobenzoic acid	O=C(O)c1cccc(S(=O)(=O)N2CCCCCC2)c1Br	OPSIN
5-hexamethyleneiminosulfonyl-6-fluorobenzoic acid	O=C(O)c1cccc(S(=O)(=O)N2CCCCCC2)c1F	OPSIN
CBz	O=[C]OCc1ccccc1	OPSIN
Chromic oxide	[Cr+3].[Cr+3].[O-2].[O-2].[O-2]	OPSIN
L-N-[(4-methoxyphenyl)sulfonyl]glutamic acid	COc1ccc(S(=O)(=O)N[C@@H](CCC(=O)O)C(=O)O)cc1	OPSIN
Potassium tert-butylate	CC(C)(C)[O-].[K+]	OPSIN
R-(+)-1-phenylethylamine	C[C@@H](N)c1ccccc1	OPSIN
R-(−)-1-aminoindane	N[C@@H]1CCc2ccccc21	OPSIN
Sulfo	O=[S](=O)O	OPSIN
aluminum iso-propoxide	CC(C)[O-].CC(C)[O-].CC(C)[O-].[Al+3]	OPSIN
bis triphenylphosphine palladium dichloride	[Cl][Pd][Cl].c1ccc(P(c2ccccc2)c2ccccc2)cc1.c1ccc(P(c2ccccc2)c2ccccc2)cc1	OPSIN
bis-(dibenzalacetone) chloroform palladium	ClC(Cl)Cl.O=C(C=Cc1ccccc1)C=Cc1ccccc1.O=C(C=Cc1ccccc1)C=Cc1ccccc1.[Pd]	OPSIN
bis-(triphenyl-phosphine) palladium(II)-dichloride	[Cl][Pd][Cl].c1ccc(P(c2ccccc2)c2ccccc2)cc1.c1ccc(P(c2ccccc2)c2ccccc2)cc1	OPSIN
bis-dibenzylideneacetone palladium(0)	O=C(C=Cc1ccccc1)C=Cc1ccccc1.O=C(C=Cc1ccccc1)C=Cc1ccccc1.[Pd]	OPSIN
boron tristrifluoroacetate	O=C([O-])C(F)(F)F.O=C([O-])C(F)(F)F.O=C([O-])C(F)(F)F.[B+3]	OPSIN
carbobenzyloxy (Cbz)	O=[C]OC(C(=O)OCc1ccccc1)c1ccccc1	OPSIN
chloropropyl	[CH2]CCCl	OPSIN
copper(I)-2-propylacetylide	[C-]#CC(C)C.[Cu+]	OPSIN
cupric nitrate hemipentahydrate	O.O.O.O.O.O=[N+]([O-])[O-].O=[N+]([O-])[O-].O=[N+]([O-])[O-].O=[N+]([O-])[O-].[Cu+2].[Cu+2]	OPSIN
cupric sulfate hexahydrate	O.O.O.O.O.O.O=S(=O)([O-])[O-].[Cu+2]	OPSIN
cupric sulphate	O=S(=O)([O-])[O-].[Cu+2]	OPSIN
cuprous monochloride	[Cl][Cu]	OPSIN
diaminophenyl	Nc1[c]cccc1N	OPSIN
diethylazo-dicarboxylate	CCOC(=O)N=NC(=O)OCC	OPSIN
diisopropylazo-dicarboxylate	CC(C)OC(=O)N=NC(=O)OC(C)C	OPSIN
dimethylamino	C[N]C	OPSIN
dipalladium trisdibenzylideneacetone	O=C(C=Cc1ccccc1)C=Cc1ccccc1.O=C(C=Cc1ccccc1)C=Cc1ccccc1.O=C(C=Cc1ccccc1)C=Cc1ccccc1.[Pd].[Pd]	OPSIN
dl-2-amino-1-butanol acetate hydrochloride	CCC(N)COC(C)=O.Cl	OPSIN
ethanol-pyridine	CCO.c1ccncc1	OPSIN
ethanol-toluene water	CCO.Cc1ccccc1.O	OPSIN
ethyl 8-aza-6-(ethoxycarbonyl)bicyclo[3.2.1]octane-8-carboxylate	CCOC(=O)C1CC2CCCC1N2C(=O)OCC	OPSIN
ethylenedioxy	[O]CC[O]	OPSIN
ferric chloride hydrate	O.[Cl][Fe]([Cl])[Cl]	OPSIN
ferric hydroxide	[Fe+3].[OH-].[OH-].[OH-]	OPSIN
ferrous bromide	[Br][Fe][Br]	OPSIN
hydroxy-methyl	[CH2]O	OPSIN
iodoethyl	[CH2]CI	OPSIN
isovaleryl	CC(C)C[C]=O	OPSIN
magnesium(IV) oxide	[Mg+4].[O-2].[O-2]	OPSIN
mercuric bromide	[Br][Hg][Br]	OPSIN
mesyl	C[S](=O)=O	OPSIN
methanol-1,4 dioxane	C1COCCO1.CO	OPSIN
methoxyparaphenylenediamine	CONc1ccc(N)cc1	OPSIN
methyl perfluoromethylsulfone	CS(=O)(=O)C(F)(F)F	OPSIN
n-propyl	[CH2]CC	OPSIN
nitroxide	N[O]	OPSIN
p-methoxybenzyl	[CH2]c1ccc(OC)cc1	OPSIN
palladium tetra-triphenyl phosphine	[Pd].c1ccc(P(c2ccccc2)c2ccccc2)cc1.c1ccc(P(c2ccccc2)c2ccccc2)cc1.c1ccc(P(c2ccccc2)c2ccccc2)cc1.c1ccc(P(c2ccccc2)c2ccccc2)cc1	OPSIN
palladium tetrakis triphenyl phosphine	[Pd].c1ccc(P(c2ccccc2)c2ccccc2)cc1.c1ccc(P(c2ccccc2)c2ccccc2)cc1.c1ccc(P(c2ccccc2)c2ccccc2)cc1.c1ccc(P(c2ccccc2)c2ccccc2)cc1	OPSIN
palladium(0) tetrakistriphenylphosphine	[Pd].c1ccc(P(c2ccccc2)c2ccccc2)cc1.c1ccc(P(c2ccccc2)c2ccccc2)cc1.c1ccc(P(c2ccccc2)c2ccccc2)cc1.c1ccc(P(c2ccccc2)c2ccccc2)cc1	OPSIN
piperazinyl	C1CNCC[N]1	OPSIN
potassium t-amylate	CCC(C)(C)[O-].[K+]	OPSIN
propylene and 5-vinyl-2-norbornene	C=CC.C=CC1CC2C=CC1C2	OPSIN
pyridoxal 3-phosphate	Cc1ncc(CO)c(C=O)c1OP(=O)(O)O	OPSIN
salicyl aldehyde	O=Cc1ccccc1O	OPSIN
sodium tert.-amylate	CCC(C)(C)[O-].[Na+]	OPSIN
sodium tert.butylate	CC(C)(C)[O-].[Na+]	OPSIN
stannous acetate	CC(=O)[O-].CC(=O)[O-].[Sn+2]	OPSIN
stannous caprylate	CCCCCCCC(=O)[O-].CCCCCCCC(=O)[O-].[Sn+2]	OPSIN
stannous(II) chloride dihydrate	O.O.[Cl][Sn][Cl]	OPSIN
styrenyl	[CH]=Cc1ccccc1	OPSIN
sulfhydryl	[SH]	OPSIN
sulphinyl	O=S	OPSIN
tert-butoxy carbonyl	CC(C)(C)O[C]=O	OPSIN
tert-butyl oxy carbonyl	CC(C)(C)O[C]=O	OPSIN
tert.-butylate	CC(C)(C)[O-]	OPSIN
tertbutoxycarbonyl	CC(C)(C)O[C]=O	OPSIN
trans-1,3,4-trimethyl-4-phenylpiperidine	C[C@@H]1CN(C)CC[C@@]1(C)c1ccccc1	OPSIN
triisopropylsilyl	CC(C)[Si](C(C)C)C(C)C	OPSIN
tris(dibenzylidene-acetone) dipalladium(0)	O=C(C=Cc1ccccc1)C=Cc1ccccc1.O=C(C=Cc1ccccc1)C=Cc1ccccc1.O=C(C=Cc1ccccc1)C=Cc1ccccc1.[Pd].[Pd]	OPSIN
tris(triphenylphosphine) ruthenium dichloride	[Cl][Ru][Cl].c1ccc(P(c2ccccc2)c2ccccc2)cc1.c1ccc(P(c2ccccc2)c2ccccc2)cc1.c1ccc(P(c2ccccc2)c2ccccc2)cc1	OPSIN
water	O	OPSIN
(E)- and (Z)-tert-butyl 4-(3-cyanoallyl)piperazine-1-carboxylate	CC(C)(C)OC(=O)N1CCN(CC=CC#N)CC1	OPSIN
1,8-diazabicyclo-[5,4,0]-7-undecene	C1CCC2=NCCCN2CC1	OPSIN
1-(4-hydroxy-3-methoxyphenyl)-propane-1,2-diol monoformate	COc1cc(C(O)C(C)O)ccc1O.O=CO	OPSIN
1-silaethoxy	C[SiH2][O]	OPSIN
2-bromo ethyl methyl ether	COCCBr	OPSIN
2-hexamethyleneimino-3-chloro-5-piperidinosulfonylbenzoic acid	O=C(O)c1cc(S(=O)(=O)N2CCCCC2)cc(Cl)c1N1CCCCCC1	OPSIN
3,5-dinitrobenzoyl	O=[C]c1cc([N+](=O)[O-])cc([N+](=O)[O-])c1	OPSIN
3-n-butylcephem	CCCCC1=CN2C(=O)C[C@H]2SC1	OPSIN
4-hydroxyphenyl	Oc1cc[c]cc1	OPSIN
4-nitrophenylchlorocarbonate	O=C(Cl)Oc1ccc([N+](=O)[O-])cc1	OPSIN
4R-(1R-Hydroxy-prop-2-ynyl)-2,2,5R-trimethyl-oxazolidine-3-carboxylic acid tert-butyl ester	C#C[C@@H](O)[C@@H]1[C@@H](C)OC(C)(C)N1C(=O)OC(C)(C)C	OPSIN
5-(4-chlorophenyl)-2,5-ethano-8-(4,4,5,5-tetramethyl-1,3,2-dioxaborolan-2-yl)-2,3,4,5-tetrahydro-1H-2-benzoazepine	CC1(C)OB(c2ccc3c(c2)CN2CCC3(c3ccc(Cl)cc3)CC2)OC1(C)C	OPSIN
6-n-amyl-2-hydroxypyridine	CCCCCc1cccc(O)n1	OPSIN
Azo	[N]=[N]	OPSIN
Bis(dibenzyleneacetone) Palladium	O=C(C=Cc1ccccc1)C=Cc1ccccc1.O=C(C=Cc1ccccc1)C=Cc1ccccc1.[Pd]	OPSIN
Bis-(triphenylphosphine) dichloro-palladium-(II)	[Cl][Pd][Cl].c1ccc(P(c2ccccc2)c2ccccc2)cc1.c1ccc(P(c2ccccc2)c2ccccc2)cc1	OPSIN
CbZ	O=[C]OCc1ccccc1	OPSIN
Cbz-	O=[C]OCc1ccccc1	OPSIN
Cupric chloride dihydrate	O.O.[Cl][Cu][Cl]	OPSIN
Cupric sulfate	O=S(=O)([O-])[O-].[Cu+2]	OPSIN
D-(-)-p-hydroxyphenylglycyl chloride hydrochloride	Cl.N[C@@H](C(=O)Cl)c1ccc(O)cc1	OPSIN
D-2-amino-n-butyric acid tert-butyl ester hydrochloride	CC[C@@H](N)C(=O)OC(C)(C)C.Cl	OPSIN
Ethyl	[CH2]C	OPSIN
L-2,3-dihydropicolinate	O=C([O-])[C@@H]1CC=CC=N1	OPSIN
L-alanyl-L-proline, phenylmethyl ester, p-toluenesulfonic acid salt	C[C@H](N)C(=O)N1CCC[C@H]1C(=O)OCc1ccccc1.Cc1ccc(S(=O)(=O)O)cc1	OPSIN
N,N-dimethylmethyleneiminium chloride	C=[N+](C)C.[Cl-]	OPSIN
N,O-dimethylhydroxy amine	CNOC	OPSIN
N-Acetylglucosamine 3-sulfate	CC(=O)N[C@H]1C(O)O[C@H](CO)[C@@H](O)[C@@H]1OS(=O)(=O)O	OPSIN
N-methylpyrrolidine methanol	CN1CCCC1.CO	OPSIN
Phenyl-di(2-chloroethyl)phosphoramidic chloride	O=P(Cl)(Oc1ccccc1)N(CCCl)CCCl	OPSIN
R-3,7-dimethyl-1-octyl magnesium bromide	CC(C)CCC[C@@H](C)C[CH2][Mg][Br]	OPSIN
R-3-hydroxymethyl piperidine	OC[C@@H]1CCCNC1	OPSIN
R-aminoquinuclidine	N[C@H]1CC2CCN1CC2	OPSIN
R-aminoquinuclidine dihydrochloride	Cl.Cl.N[C@H]1CC2CCN1CC2	OPSIN
R-lactate	C[C@@H](O)C(=O)[O-]	OPSIN
R-propylene oxide	C[C@@H]1CO1	OPSIN
Tetrakis triphenylphosphane palladium	[Pd].c1ccc(P(c2ccccc2)c2ccccc2)cc1.c1ccc(P(c2ccccc2)c2ccccc2)cc1.c1ccc(P(c2ccccc2)c2ccccc2)cc1.c1ccc(P(c2ccccc2)c2ccccc2)cc1	OPSIN
Tetrakis-triphenylphosphin palladium	[Pd].c1ccc(P(c2ccccc2)c2ccccc2)cc1.c1ccc(P(c2ccccc2)c2ccccc2)cc1.c1ccc(P(c2ccccc2)c2ccccc2)cc1.c1ccc(P(c2ccccc2)c2ccccc2)cc1	OPSIN
Tetrakis-triphenylphosphine palladium	[Pd].c1ccc(P(c2ccccc2)c2ccccc2)cc1.c1ccc(P(c2ccccc2)c2ccccc2)cc1.c1ccc(P(c2ccccc2)c2ccccc2)cc1.c1ccc(P(c2ccccc2)c2ccccc2)cc1	OPSIN
Tetrakis-triphenylphosphine palladium (0)	[Pd].c1ccc(P(c2ccccc2)c2ccccc2)cc1.c1ccc(P(c2ccccc2)c2ccccc2)cc1.c1ccc(P(c2ccccc2)c2ccccc2)cc1.c1ccc(P(c2ccccc2)c2ccccc2)cc1	OPSIN
[9-(2,2-dimethyl-propyl)-8-oxo-3,6,7,8,9,10-hexahydro-2,3,9-triaza-(R)-cyclohepta[e]inden-7-yl]-acetic acid	CC(C)(C)CN1Cc2c(ccc3[nH]ncc23)C[C@H](CC(=O)O)C1=O	OPSIN
[9-(2,2-dimethyl-propyl)-8-oxo-3,6,7,8,9,10-hexahydro-2,3,9-triaza-(S)-cyclohepta[e]inden-7-yl]acetic acid	CC(C)(C)CN1Cc2c(ccc3[nH]ncc23)C[C@@H](CC(=O)O)C1=O	OPSIN
allenylidene	[C]=C=C	OPSIN
anilino	[NH]c1ccccc1	OPSIN
benzoyloxy	[O]C(=O)c1ccccc1	OPSIN
bis(di-tert-butyl(4-dimethylaminophenyl)phosphine) dichloropalladium(II)	CN(C)c1ccc(P(C(C)(C)C)C(C)(C)C)cc1.CN(C)c1ccc(P(C(C)(C)C)C(C)(C)C)cc1.[Cl][Pd][Cl]	OPSIN
bis(tricyclohexylphosphine) palladium	C1CCC(P(C2CCCCC2)C2CCCCC2)CC1.C1CCC(P(C2CCCCC2)C2CCCCC2)CC1.[Pd]	OPSIN
bis-tricyclohexylphosphine benzylidene ruthenium (IV) dichloride	C1CCC(P(C2CCCCC2)C2CCCCC2)CC1.C1CCC(P(C2CCCCC2)C2CCCCC2)CC1.[Cl][Ru]([Cl])=[CH]c1ccccc1	OPSIN
bis-trimethylsilyl ether	C[Si](C)(C)O[Si](C)(C)C	OPSIN
bis-triphenylphosphine palladium (II) dichloride	[Cl][Pd][Cl].c1ccc(P(c2ccccc2)c2ccccc2)cc1.c1ccc(P(c2ccccc2)c2ccccc2)cc1	OPSIN
bis-triphenylphosphine palladium(II) chloride	[Cl][Pd][Cl].c1ccc(P(c2ccccc2)c2ccccc2)cc1.c1ccc(P(c2ccccc2)c2ccccc2)cc1	OPSIN
bistriphenyl phosphine palladium chloride	[Cl][Pd][Cl].c1ccc(P(c2ccccc2)c2ccccc2)cc1.c1ccc(P(c2ccccc2)c2ccccc2)cc1	OPSIN
bistriphenylphosphine dichloropalladium(II)	[Cl][Pd][Cl].c1ccc(P(c2ccccc2)c2ccccc2)cc1.c1ccc(P(c2ccccc2)c2ccccc2)cc1	OPSIN
bistriphenylphosphine palladium (II) chloride	[Cl][Pd][Cl].c1ccc(P(c2ccccc2)c2ccccc2)cc1.c1ccc(P(c2ccccc2)c2ccccc2)cc1	OPSIN
bromoethoxy	[O]CCBr	OPSIN
butyl	[CH2]CCC	OPSIN
butylsulfonylamino	CCCCS([NH])(=O)=O	OPSIN
carbapenem	O=C1C[C@H]2CC=CN12	OPSIN
carbene	[CH2]	OPSIN
carbobenzyloxy	O=[C]OCc1ccccc1	OPSIN
chloroethyl	[CH2]CCl	OPSIN
chloroformyl	O=[C]Cl	OPSIN
chlorohydroxyimino	[N]OCl	OPSIN
chloromethylene	[CH]Cl	OPSIN
cobaltic acetate	CC(=O)[O-].CC(=O)[O-].CC(=O)[O-].[Co+3]	OPSIN
cobaltous acetate	CC(=O)[O-].CC(=O)[O-].[Co+2]	OPSIN
cobaltous acetate tetrahydrate	CC(=O)[O-].CC(=O)[O-].O.O.O.O.[Co+2]	OPSIN
cupric cyanide	N#[C][Cu][C]#N	OPSIN
cupric nitrate hydrate	O.O=[N+]([O-])[O-].O=[N+]([O-])[O-].[Cu+2]	OPSIN
cuprous trifluoromethanesulfonate	O=S(=O)([O-])C(F)(F)F.[Cu+]	OPSIN
diazabicyclo undecene	C1=C(C2=NNCCCCCCCC2)CCCCCCCCC1	OPSIN
dichloromethylene	Cl[C]Cl	OPSIN
dichloromethylene hexane	CCCCCC=C(Cl)Cl	OPSIN
diethyl ethoxymagnesium-malonate	CCC(C)(CC)[O][Mg+2].O=C([O-])CC(=O)[O-]	OPSIN
diethyl-ethoxy-magnesium malonate	CCC(C)(CC)[O][Mg+2].O=C([O-])CC(=O)[O-]	OPSIN
diethylazodicarboxylic acid	CCOC(=O)N=NC(=O)OCC	OPSIN
dihydroxycalcium ferrous malate	O=C([O-])CC(O)C(=O)[O-].[Fe+2].[OH][Ca][OH]	OPSIN
ethoxy	CC[O]	OPSIN
ethynyl	[C]#C	OPSIN
ferric nitrate nonahydrate	O.O.O.O.O.O.O.O.O.O=[N+]([O-])[O-].O=[N+]([O-])[O-].O=[N+]([O-])[O-].[Fe+3]	OPSIN
ferric trichloride	[Cl][Fe]([Cl])[Cl]	OPSIN
ferrous iodide	[I][Fe][I]	OPSIN
ferrous nitrate	O=[N+]([O-])[O-].O=[N+]([O-])[O-].[Fe+2]	OPSIN
ferrous perchlorate	[Fe+2].[O-][Cl+3]([O-])([O-])[O-].[O-][Cl+3]([O-])([O-])[O-]	OPSIN
ferrous sulfate hepta-hydrate	O.O.O.O.O.O.O.O=S(=O)([O-])[O-].[Fe+2]	OPSIN
formyloxypropyl	[CH2]CCOC=O	OPSIN
galactosyl	OC[C@H]1O[CH][C@H](O)[C@@H](O)[C@H]1O	OPSIN
guanidino	[NH]C(=N)N	OPSIN
hexamethylenimine	C1CCCNCC1	OPSIN
hydroxylpropyl	[CH2]CCO	OPSIN
isocyanato	[N]=C=O	OPSIN
lead tetrakistrifluoroacetate	O=C([O-])C(F)(F)F.O=C([O-])C(F)(F)F.O=C([O-])C(F)(F)F.O=C([O-])C(F)(F)F.[Pb+4]	OPSIN
lithium t-amylate	CCC(C)(C)[O-].[Li+]	OPSIN
mercaptoethyl	[CH2]CS	OPSIN
methanesulfonyl	C[S](=O)=O	OPSIN
methylen	[CH2]	OPSIN
methylthio	C[S]	OPSIN
n-butoxide	CCCC[O-]	OPSIN
naphthylmethyl	[CH2]c1cccc2ccccc12	OPSIN
nitrophenyl	O=[N+]([O-])c1[c]cccc1	OPSIN
palladium(II)chloride bistriphenylphosphine	[Cl][Pd][Cl].c1ccc(P(c2ccccc2)c2ccccc2)cc1.c1ccc(P(c2ccccc2)c2ccccc2)cc1	OPSIN
phenoxy	[O]c1ccccc1	OPSIN
phenyl mercuric formate	O=C[O-].[Hg+][c]1ccccc1	OPSIN
phenyl-hexyl	[CH2]CCCCCc1ccccc1	OPSIN
potassium iso-propoxide	CC(C)[O-].[K+]	OPSIN
rhamnulose 1-phosphate	C[C@H](O)[C@@H](O)[C@H](O)C(=O)COP(=O)(O)O	OPSIN
sodio	[Na]	OPSIN
stannous chloride-dihydrate	O.O.[Cl][Sn][Cl]	OPSIN
stannous dihydrate	O.O.[Sn+2]	OPSIN
stannous oxalate	O=C([O-])C(=O)[O-].[Sn+2]	OPSIN
stannous trifluoromethanesulfonate	O=S(=O)([O-])C(F)(F)F.O=S(=O)([O-])C(F)(F)F.[Sn+2]	OPSIN
stannous(II) chloride	[Cl][Sn][Cl]	OPSIN
tert.-butyl	C[C](C)C	OPSIN
tetrahydropyran-2-yloxy	[O]C1CCCCO1	OPSIN
tetrakis(tri-phenylphosphine) palladium(0)	[Pd].c1ccc(P(c2ccccc2)c2ccccc2)cc1.c1ccc(P(c2ccccc2)c2ccccc2)cc1.c1ccc(P(c2ccccc2)c2ccccc2)cc1.c1ccc(P(c2ccccc2)c2ccccc2)cc1	OPSIN
tetrakis-triphenyl phosphine palladium (0)	[Pd].c1ccc(P(c2ccccc2)c2ccccc2)cc1.c1ccc(P(c2ccccc2)c2ccccc2)cc1.c1ccc(P(c2ccccc2)c2ccccc2)cc1.c1ccc(P(c2ccccc2)c2ccccc2)cc1	OPSIN
tetrakistriphenylphosphine dichloride	[Cl-].[Cl-].c1ccc(P(c2ccccc2)c2ccccc2)cc1.c1ccc(P(c2ccccc2)c2ccccc2)cc1.c1ccc(P(c2ccccc2)c2ccccc2)cc1.c1ccc(P(c2ccccc2)c2ccccc2)cc1	OPSIN
thioureido	[NH]C(N)=S	OPSIN
titanium iso-propoxide	CC(C)[O-].CC(C)[O-].CC(C)[O-].CC(C)[O-].[Ti+4]	OPSIN
trans-dimethylcyclohexane-1,2-diamine	C[C@@]1(N)CCCC[C@@]1(C)N	OPSIN
trifluoroacetyl	O=[C]C(F)(F)F	OPSIN
triphenylmethyl	c1ccc([C](c2ccccc2)c2ccccc2)cc1	OPSIN
tris-(dibenzylideneacetone) palladium (0)	O=C(C=Cc1ccccc1)C=Cc1ccccc1.O=C(C=Cc1ccccc1)C=Cc1ccccc1.O=C(C=Cc1ccccc1)C=Cc1ccccc1.[Pd]	OPSIN
water ethanol toluene	CCO.Cc1ccccc1.O	OPSIN
(1S)-α-pinene	CC1=CCC2C[C@@H]1C2(C)C	OPSIN
(7bR,11aS)-N-(3-pyridinyl)-1,2,7b,8,9,10,11,11a-octahydro-4H-[1,4]oxazepino[6,5,4-hi]pyrido[4,3-b]indol-6-amine, bis-trifluoroacetic acid salt	O=C(O)C(F)(F)F.O=C(O)C(F)(F)F.c1cncc(Nc2cc3c4c(c2)[C@@H]2CNCC[C@@H]2N4CCOC3)c1	OPSIN
(7bR,11aS)-N-(3-quinolinyl)-1,2,7b,8,9,10,11,11a-octahydro-4H-[1,4]oxazepino[6,5,4-hi]pyrido[4,3-b]indol-6-amine, bis-trifluoroacetic acid salt	O=C(O)C(F)(F)F.O=C(O)C(F)(F)F.c1ccc2ncc(Nc3cc4c5c(c3)[C@@H]3CNCC[C@@H]3N5CCOC4)cc2c1	OPSIN
(R)-methyl 3-amino-4-(phenylthio)butanoate, trifluoroacetic acid salt	COC(=O)C[C@@H](N)CSc1ccccc1.O=C(O)C(F)(F)F	OPSIN
(R)-tert-butyloxycarbonylamino-4-methoxyphenylglycine	COc1ccc([C@@H](NNC(=O)OC(C)(C)C)C(=O)O)cc1	OPSIN
(±)-methyl	[CH3]	OPSIN
1,1-di-t-butylperoxy-3,3,5-trimethyl cyclohexane	CC1CC(C)(C)CC(OOC(C)(C)C)(OOC(C)(C)C)C1	OPSIN
1,8-diazabicyclo-(5,4,0)-7-undecene	C1CCC2=NCCCN2CC1	OPSIN
1,8-diazabicyclo[5,4,0]-2-undecene	C1=CN2CCCNC2CCC1	OPSIN
1-(3-dimethyl aminopropyl)-3-ethyl carbodiimide hydrochloride	CCN=C=NCCCN(C)C.Cl	OPSIN
1-benzhydryloxycarbonylmethyl-4-pyridothione	O=C(Cn1ccc(=S)cc1)OC(c1ccccc1)c1ccccc1	OPSIN
1-ethyl	[CH2]C	OPSIN
1-ethyl-1,2-dihydro-2-oxo-nicotinamido	CCn1cccc(C([NH])=O)c1=O	OPSIN
1-ethyl-3-(3-dimethyl aminopropyl)carbodiimide hydrochloride	CCN=C=NCCCN(C)C.Cl	OPSIN
1-isopropylamino	CC(C)[NH]	OPSIN
1-nitro-2-naphthyltriflate	O=[N+]([O-])c1c(OS(=O)(=O)C(F)(F)F)ccc2ccccc12	OPSIN
14-Hydroxycodeinone HCl	COc1ccc2c3c1O[C@H]1C(=O)C=C[C@@]4(O)[C@@H](C2)N(C)CC[C@]314.Cl	OPSIN
17β,19-di-triphenylsiloxyandrost-4-en-3-one	C[C@]12CC[C@H]3[C@@H](CCC4=CC(=O)CC[C@@]43CO[Si](c3ccccc3)(c3ccccc3)c3ccccc3)[C@@H]1CC[C@@H]2O[Si](c1ccccc1)(c1ccccc1)c1ccccc1	OPSIN
17β,19-di-triphenylsiloxyandrost-4-en-3β-ol	C[C@]12CC[C@H]3[C@@H](CCC4=C[C@@H](O)CC[C@@]43CO[Si](c3ccccc3)(c3ccccc3)c3ccccc3)[C@@H]1CC[C@@H]2O[Si](c1ccccc1)(c1ccccc1)c1ccccc1	OPSIN
1R-(3-phenoxy-phenyl)-ethanol	C[C@@H](O)c1cccc(Oc2ccccc2)c1	OPSIN
2,2,2-trifluoro-1-imino-ethyl	N=[C]C(F)(F)F	OPSIN
2,2,2-trifluoroethyl	[CH2]C(F)(F)F	OPSIN
2,2,6,6-tetramethyl-1-piperidinyloxy	CC1(C)CCCC(C)(C)N1[O]	OPSIN
2,2-diethoxy-1-methylethylamino-3-(4-methoxycarbonylphenyl)acrylonitrile	CCOC(OCC)C(C)NC(C#N)=Cc1ccc(C(=O)OC)cc1	OPSIN
2-(1H-Benzo[d][1,2,3]triazol-1-yl)-1,1,3,3-tetramethylisouronium tetrafluoroborate	CN(C)C(On1nnc2ccccc21)=[N+](C)C.F[B-](F)(F)F	OPSIN
2-(3H-[1,2,3]triazolo[4,5-b]pyridin-3-yl)-1,1,3,3-tetramethylisouronium hexafluorophosphate	CN(C)C(On1nnc2cccnc21)=[N+](C)C.F[P-](F)(F)(F)(F)F	OPSIN
2-(isochroman-1-yl)ethanol O-methanesulfonate	CS(=O)(=O)OCCC1OCCc2ccccc21	OPSIN
2-butyne-1,4-diol ditosylate	Cc1ccc(S(=O)(=O)OCC#CCOS(=O)(=O)c2ccc(C)cc2)cc1	OPSIN
2-chloroacetyl	O=[C]CCl	OPSIN
2-chloroethyl	[CH2]CCl	OPSIN
2-ethoxy-5-chloro-benzamido	CCOc1ccc(Cl)cc1C([NH])=O	OPSIN
2-fluorophenyl	Fc1[c]cccc1	OPSIN
2-methoxy-5-chlorobenzamido	COc1ccc(Cl)cc1C([NH])=O	OPSIN
2-methoxy-5-methyl-benzamido	COc1ccc(C)cc1C([NH])=O	OPSIN
2-methoxypyridine boronoic acid	COc1ccccn1.OBO	OPSIN
2-pentenyleneimino	[CH2]C=CCC[NH]	OPSIN
2R-carboethoxy-5-oxotetrahydrofuran	CCOC(=O)[C@H]1CCC(=O)O1	OPSIN
3-Hydroxy-5-methanesulfonyl-isothiazole-4-carboxylic acid methyl potassium carbonate dimethylsulfoxide	CS(=O)(=O)c1snc(O)c1C(=O)O.CS(C)=O.O=C(O)O.[CH3][K]	OPSIN
3-R-hydroxy pyrrolidine	O[C@@H]1CCNC1	OPSIN
3-benzyl-pyrrolidin-3-yl	c1ccc(C[C]2CCNC2)cc1	OPSIN
3-cyanophenyl	N#Cc1c[c]ccc1	OPSIN
3-hydroxycephem	O=C1C[C@H]2SCC(O)=CN12	OPSIN
3-nitrophenyloxycarbonyl	O=[C]Oc1cccc([N+](=O)[O-])c1	OPSIN
3α,7-ditrimethylsilyloxy-5β-chol-6-en-24-oic acid methyl ester	COC(=O)CC[C@@H](C)[C@H]1CC[C@H]2[C@@H]3C(O[Si](C)(C)C)=C[C@@H]4C[C@H](O[Si](C)(C)C)CC[C@]4(C)[C@H]3CC[C@]12C	OPSIN
4-[4-(2-trifluoromethyl-phenyl)-piperazin-1-yl]-pyrrolidin-3-ol bistrifluoroacetate	O=C(O)C(F)(F)F.O=C(O)C(F)(F)F.OC1CNCC1N1CCN(c2ccccc2C(F)(F)F)CC1	OPSIN
4-amino-2,2-dimethyl-butyric acid methyl ester, trifluoroacetic acid salt	COC(=O)C(C)(C)CCN.O=C(O)C(F)(F)F	OPSIN
4-ethylcarboxylphenylboronic acid	CCc1ccc(B(O)O)c(C(=O)O)c1	OPSIN
4-hydroxyl-3-iodo-5-methoxyphenyl	COc1c[c]cc(I)c1O	OPSIN
4-methoxy-3-pyridyl	COc1[c]cncc1	OPSIN
4-methoxybenzyl	[CH2]c1ccc(OC)cc1	OPSIN
4-methylpiperazino	CN1CC[N]CC1	OPSIN
4-methyltrityl	Cc1ccc([C](c2ccccc2)c2ccccc2)cc1	OPSIN
4-vinylpyridine	C=Cc1ccncc1	OPSIN
5-(Furan-2-yl)-3-trifluoromethyl-1-(2-carboxyl-4-methoxyphenyl)-1H-pyrazole	COc1ccc(-n2nc(C(F)(F)F)cc2-c2ccco2)c(C(=O)O)c1	OPSIN
5-Chloromethyl-2,2-difluoro-benzo[1,3]dioxole Thionyl chloride	FC1(F)Oc2ccc(CCl)cc2O1.O=S(Cl)Cl	OPSIN
5-chloro-2-methoxy-benzamido	COc1ccc(Cl)cc1C([NH])=O	OPSIN
6-chloro-3-pyridinylamino-methylphosphonic acid diethylester	CCOP(=O)(CNc1ccc(Cl)nc1)OCC	OPSIN
7-(D-2-phenylglycinamido)-3-(1-methyl-1H-tetrazol-5-ylthiomethyl)-3-cephem-4-carboxylic acid	Cn1nnnc1SCC1=C(C(=O)O)N2C(=O)C(NC(=O)[C@H](N)c3ccccc3)[C@H]2SC1	OPSIN
7-Aza-6-methoxy-2-methoxycarbonylmethyl-1-tetralone	COC(=O)CC1CCc2cc(OC)ncc2C1=O	OPSIN
7-aminocephem	NC1C(=O)N2C=CCS[C@H]12	OPSIN
7-aza-6-methoxy-1-tetralone	COc1cc2c(cn1)C(=O)CCC2	OPSIN
9-fluorenylmethoxycarbonyl	O=[C]OCC1c2ccccc2-c2ccccc21	OPSIN
9-fluorenylmethyloxycarbonyl	O=[C]OCC1c2ccccc2-c2ccccc21	OPSIN
Ceric acetate	CC(=O)[O-].CC(=O)[O-].CC(=O)[O-].CC(=O)[O-].[Ce+4]	OPSIN
Cupric sulphate	O=S(=O)([O-])[O-].[Cu+2]	OPSIN
D-4-hydroxy phenylglycine	N[C@@H](C(=O)O)c1ccc(O)cc1	OPSIN
D-galactose 4-sulfate	O=C[C@H](O)[C@@H](O)[C@@H](OS(=O)(=O)O)[C@H](O)CO	OPSIN
Dipalladium trisdibenzylidene acetone	O=C(C=Cc1ccccc1)C=Cc1ccccc1.O=C(C=Cc1ccccc1)C=Cc1ccccc1.O=C(C=Cc1ccccc1)C=Cc1ccccc1.[Pd].[Pd]	OPSIN
Ethyl 4-(3-dimethylamino-1-(2-pyridyl)propyl)benzoate, oxalic acid salt	CCOC(=O)c1ccc(C(CCN(C)C)c2ccccn2)cc1.O=C(O)C(=O)O	OPSIN
FMOC	O=[C]OCC1c2ccccc2-c2ccccc21	OPSIN
Ferric oxalate	O=C([O-])C(=O)[O-].O=C([O-])C(=O)[O-].O=C([O-])C(=O)[O-].[Fe+3].[Fe+3]	OPSIN
Ferrous chloride	[Cl][Fe][Cl]	OPSIN
L-N-[(4-methoxyphenyl)sulfonyl]-glutamic acid	COc1ccc(S(=O)(=O)N[C@@H](CCC(=O)O)C(=O)O)cc1	OPSIN
L-carnitine valproate salt	CCCC(CCC)C(=O)O.C[N+](C)(C)C[C@H](O)CC(=O)[O-]	OPSIN
L-phenyl glycine p-toluene sulfonate	Cc1ccc(S(=O)(=O)O)cc1.N[C@H](C(=O)O)c1ccccc1	OPSIN
Mercuric cyanide	N#[C][Hg][C]#N	OPSIN
Mesyl	C[S](=O)=O	OPSIN
Methyl (4aS, 7aS)-1-hydroxy-7-methylene-1, 4a, 5, 6, 7a-pentahydrocyclopenta[c]pyran-4-carboxylate	C=C1CC[C@@H]2C(C(=O)OC)=COC(O)[C@H]12	OPSIN
N,N-dimethyl-chloro-methyleneiminium chloride	C[N+](C)=CCl.[Cl-]	OPSIN
N-2-aminoethyl-p-toluenesulfonamide	Cc1ccc(S(=O)(=O)NCCN)cc1	OPSIN
N-4-ethoxyphenyl-DL-2-chloromandelamide	CCOc1ccc(NC(=O)C(O)c2ccccc2Cl)cc1	OPSIN
N-phthaloyltyrosine	O=C(O)c1ccccc1C(=O)N[C@@H](Cc1ccc(O)cc1)C(=O)O	OPSIN
O-benzyloxymethyl	[CH2]OCc1ccccc1	OPSIN
Palladium Tetrakis triphenylphosphine	[Pd].c1ccc(P(c2ccccc2)c2ccccc2)cc1.c1ccc(P(c2ccccc2)c2ccccc2)cc1.c1ccc(P(c2ccccc2)c2ccccc2)cc1.c1ccc(P(c2ccccc2)c2ccccc2)cc1	OPSIN
Palladium dichloride di-triphenylphosphine	[Cl][Pd][Cl].c1ccc(P(c2ccccc2)c2ccccc2)cc1.c1ccc(P(c2ccccc2)c2ccccc2)cc1	OPSIN
Palladium tetrakis triphenyl phosphine	[Pd].c1ccc(P(c2ccccc2)c2ccccc2)cc1.c1ccc(P(c2ccccc2)c2ccccc2)cc1.c1ccc(P(c2ccccc2)c2ccccc2)cc1.c1ccc(P(c2ccccc2)c2ccccc2)cc1	OPSIN
Palladium tetrakistriphenyl phosphine	[Pd].c1ccc(P(c2ccccc2)c2ccccc2)cc1.c1ccc(P(c2ccccc2)c2ccccc2)cc1.c1ccc(P(c2ccccc2)c2ccccc2)cc1.c1ccc(P(c2ccccc2)c2ccccc2)cc1	OPSIN
Potassium t-butylat	CC(C)(C)[O-].[K+]	OPSIN
Propargyl aldehyde	C#CC=O	OPSIN
R-(+)-1-(4-pyridyl)-1,3-propane diol	OCC[C@@H](O)c1ccncc1	OPSIN
R-(+)-4-tert.-butoxy-3-methylbutyronitrile	C[C@H](CC#N)COC(C)(C)C	OPSIN
R-(-) ibuprofen- methylester	COC(=O)[C@H](C)c1ccc(CC(C)C)cc1	OPSIN
R-(−)-glycidyl butyrate	CCCC(=O)OC[C@H]1CO1	OPSIN
R-2-[[(4-methylphenyl)sulfonyl]oxy]propanamide	Cc1ccc(S(=O)(=O)O[C@H](C)C(N)=O)cc1	OPSIN
R-2-decanol	CCCCCCCC[C@@H](C)O	OPSIN
R-2-octanol	CCCCCC[C@@H](C)O	OPSIN
R-2-phenyl-2-hydroxy-1-p-toluenesulfonyloxyethane	Cc1ccc(S(=O)(=O)OC[C@H](O)c2ccccc2)cc1	OPSIN
R-3-hydroxypyrrolidine	O[C@@H]1CCNC1	OPSIN
R-alaninol	C[C@@H](N)CO	OPSIN
R-methyl lactate	COC(=O)[C@@H](C)O	OPSIN
R-pyrrolidine-3-carboxylic acid methyl ester	COC(=O)[C@@H]1CCNC1	OPSIN
R-tetrahydro-furan-2-carboxylic acid piperidin-4-ylamide	O=C(NC1CCNCC1)[C@H]1CCCO1	OPSIN
Stannic Chloride	[Cl][Sn]([Cl])([Cl])[Cl]	OPSIN
Styrenyl	[CH]=Cc1ccccc1	OPSIN
Tris-(dibenzylidene-acetone) dipalladium	O=C(C=Cc1ccccc1)C=Cc1ccccc1.O=C(C=Cc1ccccc1)C=Cc1ccccc1.O=C(C=Cc1ccccc1)C=Cc1ccccc1.[Pd].[Pd]	OPSIN
[123I]-4-iodobenzaldehyde	O=Cc1ccc([123I])cc1	OPSIN
[13C]oleic acid	CCCCCCCC/C=C\CCCCCCC[13C](=O)O	OPSIN
[14C]oleic acid	CCCCCCCC/C=C\CCCCCCC[14C](=O)O	OPSIN
[5-3H]glucose	[3H][C@@](O)(CO)[C@@H](O)[C@H](O)[C@@H](O)C=O	OPSIN
[I,I-bis(trifluoroacetoxy)iodo]benzene	O=C(OI(OC(=O)C(F)(F)F)c1ccccc1)C(F)(F)F	OPSIN
acetoxy carbonyl	CC(=O)O[C]=O	OPSIN
acetyl amino	CC([NH])=O	OPSIN
benzenesulfonyl	O=[S](=O)c1ccccc1	OPSIN
benzyloxymethyl	[CH2]OCc1ccccc1	OPSIN
bis(di-tert-butyl(4-dimethylaminophenyl)phosphine) dichloropalladium (II)	CN(C)c1ccc(P(C(C)(C)C)C(C)(C)C)cc1.CN(C)c1ccc(P(C(C)(C)C)C(C)(C)C)cc1.[Cl][Pd][Cl]	OPSIN
bis(tricyclohexylphosphine) benzylidene ruthenium (IV) dichloride	C1CCC(P(C2CCCCC2)C2CCCCC2)CC1.C1CCC(P(C2CCCCC2)C2CCCCC2)CC1.[Cl][Ru]([Cl])=[CH]c1ccccc1	OPSIN
bis-(diphenylphosphinoferrocene) dichloro palladium	[Cl][Pd][Cl].[Fe+2].[Fe+2].c1cc[cH-]c1.c1cc[cH-]c1.c1ccc(P(c2ccccc2)[c-]2cccc2)cc1.c1ccc(P(c2ccccc2)[c-]2cccc2)cc1	OPSIN
bis-(triphenyl-phosphine) palladium(II) chloride	[Cl][Pd][Cl].c1ccc(P(c2ccccc2)c2ccccc2)cc1.c1ccc(P(c2ccccc2)c2ccccc2)cc1	OPSIN
bis-(triphenyl-phosphine) palladium(II)-chloride	[Cl][Pd][Cl].c1ccc(P(c2ccccc2)c2ccccc2)cc1.c1ccc(P(c2ccccc2)c2ccccc2)cc1	OPSIN
bis-tri-t-butylphosphine palladium	CC(C)(C)P(C(C)(C)C)C(C)(C)C.CC(C)(C)P(C(C)(C)C)C(C)(C)C.[Pd]	OPSIN
bis-trimethylphosphine palladium dichloride	CP(C)C.CP(C)C.[Cl][Pd][Cl]	OPSIN
bis-triphenyl-phosphine palladium (II) chloride	[Cl][Pd][Cl].c1ccc(P(c2ccccc2)c2ccccc2)cc1.c1ccc(P(c2ccccc2)c2ccccc2)cc1	OPSIN
bis-triphenylphosphine nickel dichloride	[Cl][Ni][Cl].c1ccc(P(c2ccccc2)c2ccccc2)cc1.c1ccc(P(c2ccccc2)c2ccccc2)cc1	OPSIN
bisdichloro(triphenylphosphine) palladium (0)	Clc1cccc(P(c2ccccc2)c2ccccc2)c1Cl.Clc1cccc(P(c2ccccc2)c2ccccc2)c1Cl.[Pd]	OPSIN
bistriphenyl-phosphine nickel chloride	[Cl][Ni][Cl].c1ccc(P(c2ccccc2)c2ccccc2)cc1.c1ccc(P(c2ccccc2)c2ccccc2)cc1	OPSIN
bistriphenylphosphine nickel chloride	[Cl][Ni][Cl].c1ccc(P(c2ccccc2)c2ccccc2)cc1.c1ccc(P(c2ccccc2)c2ccccc2)cc1	OPSIN
butoxy	CCCC[O]	OPSIN
carbacephem	O=C1C[C@H]2CCC=CN12	OPSIN
carboxymethylthio	O=C(O)C[S]	OPSIN
ceric acetate	CC(=O)[O-].CC(=O)[O-].CC(=O)[O-].CC(=O)[O-].[Ce+4]	OPSIN
ceric oxide	[Ce+4].[O-2].[O-2]	OPSIN
chloromagnesium-cyclopropylacetylide	[C-]#CC1CC1.[Mg+][Cl]	OPSIN
cobaltous bromide tetrahydrate	O.O.O.O.[Br][Co][Br]	OPSIN
cobaltous chloride	[Cl][Co][Cl]	OPSIN
cupric benzoate	O=C([O-])c1ccccc1.O=C([O-])c1ccccc1.[Cu+2]	OPSIN
cupric chloride, dihydrate	O.O.[Cl][Cu][Cl]	OPSIN
cupric sulfate heptahydrate	O.O.O.O.O.O.O.O=S(=O)([O-])[O-].[Cu+2]	OPSIN
cuprous 3-methylsalicylate	Cc1cccc(C(=O)[O-])c1O.[Cu+]	OPSIN
cuprous(I)iodide	[Cu][I]	OPSIN
cyano-methylphosphonic acid diethyl ester	CCOP(=O)(CC#N)OCC	OPSIN
cyanoethyl	[CH2]CC#N	OPSIN
cyclobutylcarbonic acid chloride	O=C(Cl)OC1CCC1	OPSIN
cyclopentyl	[CH]1CCCC1	OPSIN
cyclopropyl	[CH]1CC1	OPSIN
cyclopropylmethoxyethoxy	[O]CCOCC1CC1	OPSIN
di-2-pyridylthionocarbonate	S=C(Oc1ccccn1)Oc1ccccn1	OPSIN
di-morpholine methane	C.C1COCCN1.C1COCCN1	OPSIN
di-tert.-butylazodicarboxylate	CC(C)(C)OC(=O)N=NC(=O)OC(C)(C)C	OPSIN
dicarbethoxymethyl	CCOC(=O)[CH]C(=O)OCC	OPSIN
dichloropalladium di-triphenylphosphine	[Cl][Pd][Cl].c1ccc(P(c2ccccc2)c2ccccc2)cc1.c1ccc(P(c2ccccc2)c2ccccc2)cc1	OPSIN
diethyl ethoxy-magnesium-malonate	CCC(C)(CC)[O][Mg+2].O=C([O-])CC(=O)[O-]	OPSIN
diethyl-ethoxy-magnesium-malonate	CCC(C)(CC)[O][Mg+2].O=C([O-])CC(=O)[O-]	OPSIN
dihydrochloride hemi-hydrate	Cl.Cl.Cl.Cl.O	OPSIN
diphenyl phosphoric azide	[N-]=[N+]=NP(=O)(Oc1ccccc1)Oc1ccccc1	OPSIN
diphenylphosphoric acid chloride	O=P(Cl)(Oc1ccccc1)Oc1ccccc1	OPSIN
ditert-butylazodicarboxylate	CC(C)(C)OC(=O)N=NC(=O)OC(C)(C)C	OPSIN
ditriphenylphosphine palladium dichloride	[Cl][Pd][Cl].c1ccc(P(c2ccccc2)c2ccccc2)cc1.c1ccc(P(c2ccccc2)c2ccccc2)cc1	OPSIN
ethanol toluene	CCO.Cc1ccccc1	OPSIN
ethyl 7-aza-2-formylbicyclo[2.2.1]heptane-7-carboxylate	CCOC(=O)N1C2CCC1C(C=O)C2	OPSIN
ethyl L-2-[(methylsulfonyl)oxy]propanoate	CCOC(=O)[C@H](C)OS(C)(=O)=O	OPSIN
ethyl acetate methanol water	CCOC(C)=O.CO.O	OPSIN
ethyl-O-isopropylphosphonothioic chloride	CCP(=S)(Cl)OC(C)C	OPSIN
ethynyl-methyl	C#C[CH2]	OPSIN
ferric acetylacetone	CC(=O)CC(C)=O.[Fe+3]	OPSIN
ferric ammonium sulfate dodecahydrate	O.O.O.O.O.O.O.O.O.O.O.O.O=S(=O)([O-])[O-].O=S(=O)([O-])[O-].[Fe+3].[NH4+]	OPSIN
ferric chloride hexa-hydrate	O.O.O.O.O.O.[Cl][Fe]([Cl])[Cl]	OPSIN
ferric nitrate hydrate	O.O=[N+]([O-])[O-].O=[N+]([O-])[O-].O=[N+]([O-])[O-].[Fe+3]	OPSIN
ferrous chloride hexahydrate	O.O.O.O.O.O.[Cl][Fe][Cl]	OPSIN
ferrous hydroxide	[Fe+2].[OH-].[OH-]	OPSIN
ferrous nitrate hexahydrate	O.O.O.O.O.O.O=[N+]([O-])[O-].O=[N+]([O-])[O-].[Fe+2]	OPSIN
ferrous sulfate hydrate	O.O=S(=O)([O-])[O-].[Fe+2]	OPSIN
ferrous(II)chloride	[Cl][Fe][Cl]	OPSIN
fluorenylmethyloxycarbonyl	O=[C]OCc1cccc2c1Cc1ccccc1-2	OPSIN
fluorovinyl	[CH]=CF	OPSIN
fuculose 1-phosphate	C[C@H](O)[C@@H](O)[C@@H](O)C(=O)COP(=O)(O)O	OPSIN
furyl	[c]1ccco1	OPSIN
galactose trisulfate	O=C[C@H](O)[C@@H](O)[C@@H](O)[C@H](O)CO.O=S(=O)(O)O.O=S(=O)(O)O.O=S(=O)(O)O	OPSIN
hexahydrate magnesium salt	O.O.O.O.O.O.[Mg]	OPSIN
hexamethyldisilazane lithium amide	C[Si](C)(C)N[Si](C)(C)C.[Li+].[NH2-]	OPSIN
hydrazo	[NH][NH]	OPSIN
hydroxychloric acid	[O-][ClH+2]([O-])(O)O	OPSIN
hydroxyimino	[N]O	OPSIN
hydroxyl ethyl	[CH2]CO	OPSIN
hydroxyphenyl	Oc1[c]cccc1	OPSIN
imidazolecarbonyl	O=[C]c1ncc[nH]1	OPSIN
imidazolyl	[c]1ncc[nH]1	OPSIN
isobutyl R-(+)-lactate	CC(C)COC(=O)[C@@H](C)O	OPSIN
isopropylidene	C[C]C	OPSIN
isoquinolin-8-yl	[c]1cccc2ccncc12	OPSIN
isothiocyano	[N]=C=S	OPSIN
manganous acetate dihydrate	CC(=O)[O-].CC(=O)[O-].O.O.[Mn+2]	OPSIN
manganous sulfate	O=S(=O)([O-])[O-].[Mn+2]	OPSIN
mercuric sulphide	[S]=[Hg]	OPSIN
methacroyl chloride	C=C(C)C(=O)Cl	OPSIN
methanesulfonyl tetrahydrofuran	CS(=O)(=O)C1CCCO1	OPSIN
methano-ethyl ether	C1CC1OC1CC1	OPSIN
methanol-ethyl acetate	CCOC(C)=O.CO	OPSIN
methyl R-(-)-3-hydroxypentanoate	CC[C@@H](O)CC(=O)OC	OPSIN
methyl cis-3,5-dihydroxy-5-(trimethylsilylethynyl)cyclohex-1-ene-1-carboxylate	COC(=O)C1=C[C@@H](O)C[C@](O)(C#C[Si](C)(C)C)C1	OPSIN
methyl methacrylate	C=C(C)C(=O)OC	OPSIN
methylamino	C[NH]	OPSIN
methylol	[CH2]O	OPSIN
molecular hydrogen	[H][H]	OPSIN
naphthyl	[c]1cccc2ccccc12	OPSIN
nitrobenzyl	O=[N+]([O-])[CH]c1ccccc1	OPSIN
nitromethane aldehyde	O=C[N+](=O)[O-]	OPSIN
nitrovinyl	[CH]=C[N+](=O)[O-]	OPSIN
nosyl	O=[N+]([O-])c1ccc([S](=O)=O)cc1	OPSIN
oxazolyl	[c]1ncco1	OPSIN
oxyethylene	[CH2]C[O]	OPSIN
p-nitrophenoxy	[O]c1ccc([N+](=O)[O-])cc1	OPSIN
palladium (II) bis-triphenylphosphine-dichloride	[Cl-].[Cl-].[Pd+2].c1ccc(P(c2ccccc2)c2ccccc2)cc1.c1ccc(P(c2ccccc2)c2ccccc2)cc1	OPSIN
palladium bis-tri-t-butyl phosphine	CC(C)(C)P(C(C)(C)C)C(C)(C)C.CC(C)(C)P(C(C)(C)C)C(C)(C)C.[Pd]	OPSIN
palladium dichloride bistriphenylphosphine	[Cl][Pd][Cl].c1ccc(P(c2ccccc2)c2ccccc2)cc1.c1ccc(P(c2ccccc2)c2ccccc2)cc1	OPSIN
palladium tetrakis-triphenylphosphane	[Pd].c1ccc(P(c2ccccc2)c2ccccc2)cc1.c1ccc(P(c2ccccc2)c2ccccc2)cc1.c1ccc(P(c2ccccc2)c2ccccc2)cc1.c1ccc(P(c2ccccc2)c2ccccc2)cc1	OPSIN
palladium(II) bis-triphenylphosphine dichloride	[Cl-].[Cl-].[Pd+2].c1ccc(P(c2ccccc2)c2ccccc2)cc1.c1ccc(P(c2ccccc2)c2ccccc2)cc1	OPSIN
palladium-bis-triphenylphosphine-dichloride	[Cl-].[Cl-].[Pd+2].c1ccc(P(c2ccccc2)c2ccccc2)cc1.c1ccc(P(c2ccccc2)c2ccccc2)cc1	OPSIN
penicillanic acid 1-oxide	CC1(C)[C@H](C(=O)O)N2C(=O)C[C@H]2S1=O	OPSIN
pentaerythritol tetrakis-(β-lauryl-thiopropionate)	CCCCCCCCCCCCCCC(=S)OCC(COC(=S)CCCCCCCCCCCCCC)(COC(=S)CCCCCCCCCCCCCC)COC(=S)CCCCCCCCCCCCCC	OPSIN
phenylmalonic acid di-pentachlorophenylester	O=C(Oc1c(Cl)c(Cl)c(Cl)c(Cl)c1Cl)C(C(=O)Oc1c(Cl)c(Cl)c(Cl)c(Cl)c1Cl)c1ccccc1	OPSIN
phosphino	[PH2]	OPSIN
phthaloylalanyl chloride	C[C@H](NC(=O)c1ccccc1C(=O)O)C(=O)Cl	OPSIN
phthaloylglycyl chloride	O=C(Cl)CNC(=O)c1ccccc1C(=O)O	OPSIN
pivaloyloxy	CC(C)(C)C([O])=O	OPSIN
platinic chloride	[Cl][Pt]([Cl])([Cl])[Cl]	OPSIN
poly(4,8-bis(4-pentylphenylethynyl)benzo[1,2-b:4,5-b′]dithiophene-2,6-diyl)	CCCCCc1ccc(C#Cc2c3cc([*:2])sc3c(C#Cc3ccc(CCCCC)cc3)c3cc([*:1])sc23)cc1	OPSIN
poly(4,8-didecynylbenzo[1,2-b:4,5-b′]dithiophene-2,6-diyl)	CCCCCCCCC#Cc1c2cc([*:2])sc2c(C#CCCCCCCCC)c2cc([*:1])sc12	OPSIN
potassium bistrimethyl silyl amide	C[Si](C)(C)[NH-].C[Si](C)(C)[NH-].[K+].[K+]	OPSIN
potassium dihydrophosphate	O=P([O-])(O)O.[K+]	OPSIN
potassium t-amylate toluene	CCC(C)(C)[O-].Cc1ccccc1.[K+]	OPSIN
potassium t-pentoxide	CCC(C)(C)[O-].[K+]	OPSIN
propionyl	CC[C]=O	OPSIN
pyroglutamyl	O=[C][C@@H]1CCC(=O)N1	OPSIN
sodium n-butoxide	CCCC[O-].[Na+]	OPSIN
sodium tert-butylat	CC(C)(C)[O-].[Na+]	OPSIN
stannous bromide	[Br][Sn][Br]	OPSIN
stannous chloride dihydride	[Cl][SnH2-]	OPSIN
stannous(II)chloride dihydrate	O.O.[Cl][Sn][Cl]	OPSIN
stannyl	[SnH3]	OPSIN
styryl	[CH]=Cc1ccccc1	OPSIN
sulphonyl	O=S=O	OPSIN
tert-butoxycarbonylmethyl	[CH2]C(=O)OC(C)(C)C	OPSIN
tert-butyloxycarbonyl	CC(C)(C)O[C]=O	OPSIN
tert.-butyloxycarbonyl	CC(C)(C)O[C]=O	OPSIN
tetrafluoroethylene and hexafluoropropylene	FC(F)=C(F)C(F)(F)F.FC(F)=C(F)F	OPSIN
tetrahydrofuran-ethyl acetate methanol	C1CCOC1.CCOC(C)=O.CO	OPSIN
tetrakis triphenylphosphane palladium	[Pd].c1ccc(P(c2ccccc2)c2ccccc2)cc1.c1ccc(P(c2ccccc2)c2ccccc2)cc1.c1ccc(P(c2ccccc2)c2ccccc2)cc1.c1ccc(P(c2ccccc2)c2ccccc2)cc1	OPSIN
tetrakis(triphenyl-phosphine) palladium(0)	[Pd].c1ccc(P(c2ccccc2)c2ccccc2)cc1.c1ccc(P(c2ccccc2)c2ccccc2)cc1.c1ccc(P(c2ccccc2)c2ccccc2)cc1.c1ccc(P(c2ccccc2)c2ccccc2)cc1	OPSIN
tetrakis-(acetonitrile) copper hexafluorophosphate	CC#N.CC#N.CC#N.CC#N.F[P-](F)(F)(F)(F)F.F[P-](F)(F)(F)(F)F.[Cu+2]	OPSIN
tetrakistriphenyl-phosphine palladium(0)	[Pd].c1ccc(P(c2ccccc2)c2ccccc2)cc1.c1ccc(P(c2ccccc2)c2ccccc2)cc1.c1ccc(P(c2ccccc2)c2ccccc2)cc1.c1ccc(P(c2ccccc2)c2ccccc2)cc1	OPSIN
tetrakistriphenylphosphin palladium	[Pd].c1ccc(P(c2ccccc2)c2ccccc2)cc1.c1ccc(P(c2ccccc2)c2ccccc2)cc1.c1ccc(P(c2ccccc2)c2ccccc2)cc1.c1ccc(P(c2ccccc2)c2ccccc2)cc1	OPSIN
tetrazole	c1nnn[nH]1	OPSIN
thionyl	O=S	OPSIN
toluyl	Cc1[c]cccc1	OPSIN
tosyl	Cc1ccc([S](=O)=O)cc1	OPSIN
trans-1,2-dimethylcyclohexane-1,2-diamine	C[C@@]1(N)CCCC[C@@]1(C)N	OPSIN
trans-1-(2-tetrahydropyranyl)-3-(1-hydroxyethyl)-4-[2-(2-tetrahydropyranyl)-oxyethyl]-2-azetidinone	CC(O)[C@@H]1C(=O)N(C2CCCCO2)[C@H]1CCOC1CCCCO1	OPSIN
trifluoromethanesulfonyl	O=[S](=O)C(F)(F)F	OPSIN
trifluoromethanesulphonyloxy	[O]S(=O)(=O)C(F)(F)F	OPSIN
tris(dibenzylidenaceton) dipalladium(0)	O=C(C=Cc1ccccc1)C=Cc1ccccc1.O=C(C=Cc1ccccc1)C=Cc1ccccc1.O=C(C=Cc1ccccc1)C=Cc1ccccc1.[Pd].[Pd]	OPSIN
tris-(dibenzylidenacetone) dipalladium (0)	O=C(C=Cc1ccccc1)C=Cc1ccccc1.O=C(C=Cc1ccccc1)C=Cc1ccccc1.O=C(C=Cc1ccccc1)C=Cc1ccccc1.[Pd].[Pd]	OPSIN
tris-dibenzylidene acetone chloroform dipalladium	ClC(Cl)Cl.O=C(C=Cc1ccccc1)C=Cc1ccccc1.O=C(C=Cc1ccccc1)C=Cc1ccccc1.O=C(C=Cc1ccccc1)C=Cc1ccccc1.[Pd].[Pd]	OPSIN
trisdibenzylidene acetone palladium (0)	O=C(C=Cc1ccccc1)C=Cc1ccccc1.O=C(C=Cc1ccccc1)C=Cc1ccccc1.O=C(C=Cc1ccccc1)C=Cc1ccccc1.[Pd]	OPSIN
tristriphenyl-phosphine rhodium chloride	[Cl][Rh]([Cl])[Cl].c1ccc(P(c2ccccc2)c2ccccc2)cc1.c1ccc(P(c2ccccc2)c2ccccc2)cc1.c1ccc(P(c2ccccc2)c2ccccc2)cc1	OPSIN
zirconium vinylbenzyl acetylacetonate styrene/divinylbenzene	C=Cc1ccccc1C=C	OPSIN
ε-Benzyl oxycarbonyl-L-lysine ethyl ester	CCOC(=O)[C@@H](N)CCCC(N)C(=O)OCc1ccccc1	OPSIN
(-)-5-octyloxy	CCCCC([O])CCC	OPSIN
(-)N-(L-2-hydroxy-4-methylpentanoyl)-L-alanine 4-nitrobenzyl amide	CC(C)C[C@H](O)C(=O)N[C@@H](C)C(=O)NCc1ccc([N+](=O)[O-])cc1	OPSIN
(1R,3S)- and (1S,3S)-1-(3-methyl-benzo[b]thiophen-2-yl)-2,3,4,9-tetrahydro-1H-β-carboline-3-carboxylic acid methyl ester	COC(=O)[C@@H]1Cc2c([nH]c3ccccc23)C(c2sc3ccccc3c2C)N1	OPSIN
(2-oxoheptyl)-phosphoric acid dimethyl ester	CCCCCC(=O)COP(=O)(OC)OC	OPSIN
(2-tert-Butoxycarbonylamino-ethyl-2-{[tert-butoxycarbonyl-(2-tert-butoxycarbonylaminoethyl)amino]-methyl}-8-hydroxyoctyl)-carbonic acid tert-butyl ester	CC(C)(C)OC(=O)NCCC(O)CCCCCC(COC(=O)OC(C)(C)C)CN(CCNC(=O)OC(C)(C)C)C(=O)OC(C)(C)C	OPSIN
(2R, 3R)-2-(2,5-Difluoro-phenyl)-1-[1,2,4]triazol-1-yl-butane-2,3-diol oxalate salt	C[C@@H](O)[C@](O)(Cn1cncn1)c1cc(F)ccc1F.O=C(O)C(=O)O	OPSIN
(2R,3R)-2-(2,5-Difluoro-phenyl)-1-[1,2,4]triazol-1-yl-butane-2,3-diol oxalate salt	C[C@@H](O)[C@](O)(Cn1cncn1)c1cc(F)ccc1F.O=C(O)C(=O)O	OPSIN
(2R,3R)-3-methoxy-2-methyl-N-[(1S)-2-phenyl-1-(1,3-thiazol-2-yl)ethyl]-3-[(2S)-pyrrolidin-2-yl]propanamide, trifluoroacetic acid salt	CO[C@@H]([C@@H]1CCCN1)[C@@H](C)C(=O)N[C@@H](Cc1ccccc1)c1nccs1.O=C(O)C(F)(F)F	OPSIN
(2S)-2-(N-(2-(((2R)-pyrrolidin-2-yl)methoxy)acetyl)-N-methylamino)-3-(2-naphthyl)propionyl-2-benzyl-4-ethyl semicarbazide	CCNC(=O)N(Cc1ccccc1)NC(=O)[C@H](Cc1ccc2ccccc2c1)N(C)C(=O)COC[C@H]1CCCN1	OPSIN
(2′-dicyclohexyl phosphanyl biphenyl-2-yl)dimethylamine	CN(C)c1ccccc1-c1ccccc1P(C1CCCCC1)C1CCCCC1	OPSIN
(3AS,4S,5S,7AS)-7,7-diphenyl-4-(2-methoxyphenyl)perhydroisoindole-4,5-diol	COc1ccccc1[C@@]1(O)[C@@H]2CNC[C@@H]2C(c2ccccc2)(c2ccccc2)C[C@@H]1O	OPSIN
(3S,4S)-4-acetoxy-3-benzyl oxycarbonylamino-azetidin-2-one	CC(=O)O[C@@H]1NC(=O)[C@H]1NC(=O)OCc1ccccc1	OPSIN
(4R,10aR)- and (4R,10aS)-9-chloro-6-fluoro-4-methyl-3,4,10,10a-tetrahydro-2H-pyrazino[1,2-a]indol-1-one	C[C@@H]1CNC(=O)C2Cc3c(Cl)ccc(F)c3N21	OPSIN
(4R,9aR)-6-(1-(RS)-Cyclopropylmethoxy-butyl)-4-methyl-1,2,3,4,9,9a-hexahydro-2,4a,5-triaza-fluorene di-trifluoroacetate	CCCC(OCC1CC1)c1ccc2c(n1)N1[C@@H](CNC[C@H]1C)C2.O=C(O)C(F)(F)F.O=C(O)C(F)(F)F	OPSIN
(4R,9aR)-6-(1-(RS)-Cyclopropylmethoxy-propyl)-4-methyl-1,2,3,4,9,9a-hexahydro-2,4a,5-triaza-fluorene di-trifluoroacetate	CCC(OCC1CC1)c1ccc2c(n1)N1[C@@H](CNC[C@H]1C)C2.O=C(O)C(F)(F)F.O=C(O)C(F)(F)F	OPSIN
(6-phenoxy-2-pyridyl)methyl	[CH2]c1cccc(Oc2ccccc2)n1	OPSIN
(D)-(−)-2-phenylglycinol	N[C@@H](CO)c1ccccc1	OPSIN
(D)-N-Boc phenylalanine	CC(C)(C)OC(=O)N[C@H](Cc1ccccc1)C(=O)O	OPSIN
(E)- and (Z)-1-bromo-6-methyl-2,6-heptadien-4-yne	C=C(C)C#CC=CCBr	OPSIN
(E)- and (Z)-4-chlorobut-2-enoic acid	O=C(O)C=CCCl	OPSIN
(E)- and (Z)-methyl 4-(2-methoxyvinyl)benzoate	COC=Cc1ccc(C(=O)OC)cc1	OPSIN
(E)- and (Z)2-Methyl-2-Butenenitrile	CC=C(C)C#N	OPSIN
(E)-3-fluoro-N′-isopropyl-N′-(3-(1-(3-methylbut-2-enyl)-1H-indol-3-yl)acroyl)benzohydrazide	CC(C)=CCn1cc(/C=C/C(=O)N(NC(=O)c2cccc(F)c2)C(C)C)c2ccccc21	OPSIN
(L)-4-chlorophenylalanine methyl ester	COC(=O)[C@@H](N)Cc1ccc(Cl)cc1	OPSIN
(R)-1-(3-methoxymethoxyphenyl)-1, 2-ethanediol 2-tosylate	COCOc1cccc([C@@H](O)COS(=O)(=O)c2ccc(C)cc2)c1	OPSIN
(R)-1-ethylpyrrolidin-3-ylamine ditrifluoroacetic acid salt	CCN1CC[C@@H](N)C1.O=C(O)C(F)(F)F.O=C(O)C(F)(F)F	OPSIN
(R)-2-methyl-pyrrolidine, benzenesulfonic acid salt	C[C@@H]1CCCN1.O=S(=O)(O)c1ccccc1	OPSIN
(RS)-N-(3-methylphenylcarbamoyl)phenylglycine	Cc1cccc(NC(=O)NC(C(=O)O)c2ccccc2)c1	OPSIN
(S)- and (R)-citronellal	CC(C)=CCCC(C)CC=O	OPSIN
(S)-1-ethylpyrrolidin-3-ylamine ditrifluoroacetic acid salt	CCN1CC[C@H](N)C1.O=C(O)C(F)(F)F.O=C(O)C(F)(F)F	OPSIN
(S)-2,3-dibenzyl-oxy-1-chloromethoxy propane	ClCOC[C@H](COCc1ccccc1)OCc1ccccc1	OPSIN
(trans)-1-hexyl-1-(methane sulfonyloxy)-2-(trimethylsilyl)cyclopropane	CCCCCC[C@@]1(OS(C)(=O)=O)C[C@H]1[Si](C)(C)C	OPSIN
(±)-2′-aminomethylnicotine	CN1CCCC1(CN)c1cccnc1	OPSIN
(±)-8-methyl-3-trifluoromethanesulfonyl-oxy-8-azabicyclo[3.2.1]oct-2-ene	CN1C2C=C(OS(=O)(=O)C(F)(F)F)CC1CC2	OPSIN
(±)-cis-2-(2,4-dichlorophenyl)-4,5,7,7a,8,9,10,10a-octahydrodipyrrolo[3,4-c:3′,2′,1′-ij]quinoline, trifluoroacetic acid salt	Clc1ccc(-c2cc3c4c(c2)[C@H]2CNC[C@H]2CN4CC3)c(Cl)c1.O=C(O)C(F)(F)F	OPSIN
(±)-cis-4-(4-{4-[(4-chloro-phenyl)-propionyl-amino]-2-methyl-3,4-dihydro-2H-quinoline-carbonyl}-phenoxy)-butyric acid ethyl ester	CCOC(=O)CCCOc1ccc(C(=O)[C@@]2(C)C[C@@H](N(C(=O)CC)c3ccc(Cl)cc3)c3ccccc3N2)cc1	OPSIN
(±)-cis-N-(2-chloro-5-methylphenyl)-4,5,7,7a,8,9,10,10a-octahydrodipyrrolo[3,4-c:3′,2′,1′-ij]quinolin-2-amine, bis-trifluoroacetic acid salt	Cc1ccc(Cl)c(Nc2cc3c4c(c2)[C@H]2CNC[C@H]2CN4CC3)c1.O=C(O)C(F)(F)F.O=C(O)C(F)(F)F	OPSIN
(±)-cis-N-[2-(trifluoromethyl)benzyl]-4,5,7,7a,8,9,10,10a-octahydrodipyrrolo[3,4-c:3′,2′,1′-ij]quinolin-2-amine, bis-trifluoroacetic acid salt	FC(F)(F)c1ccccc1CNc1cc2c3c(c1)[C@H]1CNC[C@H]1CN3CC2.O=C(O)C(F)(F)F.O=C(O)C(F)(F)F	OPSIN
(±)-cis-N-benzyl-4,5,7,7a,8,9,10,10a-octahydrodipyrrolo[3,4-c:3′,2′,1′-ij]quinolin-2-amine, bis-trifluoroacetic acid salt	O=C(O)C(F)(F)F.O=C(O)C(F)(F)F.c1ccc(CNc2cc3c4c(c2)[C@H]2CNC[C@H]2CN4CC3)cc1	OPSIN
(±)-cis-N-phenyl-4,5,7,7a,8,9,10,10a-octahydrodipyrrolo[3,4-c:3′,2′,1′-ij]quinolin-2-amine, bis-trifluoroacetic acid salt	O=C(O)C(F)(F)F.O=C(O)C(F)(F)F.c1ccc(Nc2cc3c4c(c2)[C@H]2CNC[C@H]2CN4CC3)cc1	OPSIN
(−)-methyl	[CH3]	OPSIN
1 -fluoro-3-perfluorohexyl benzene	Fc1cccc(C(F)(F)C(F)(F)C(F)(F)C(F)(F)C(F)(F)C(F)(F)F)c1	OPSIN
1,1-dimethylethyl	C[C](C)C	OPSIN
1,10-diamino-4,7-dioxa-5-methyldecane	CC(COCCCN)OCCCN	OPSIN
1,11-diamino-4,8-dioxa-5-methylundecane	CC(CCOCCCN)OCCCN	OPSIN
1,13-diamino-4,7,10-trioxa-5,8-dimethyltridecane	CC(COCCCN)OCC(C)OCCCN	OPSIN
1,2 -dihydro-1-methyl-2-oxo-nicotinamido	Cn1cccc(C([NH])=O)c1=O	OPSIN
1,2,3,4-tetrahydro-1-phenyl-6,7-dimethoxyisoquinolinyl	COc1cc2c(cc1OC)[C](c1ccccc1)NCC2	OPSIN
1,3-dihydro-1,3-dioxo-2H-isoindole octanoic acid ethyl ester	CCCCCCCC(=O)OCC.O=C1NC(=O)c2ccccc21	OPSIN
1,3-dimethyl-3,4,5,6-tetrahydro-2(1H1)-pyrimidinone	CN1CCCN(C)C1=O	OPSIN
1,3-dioxo-2,2-diethyl-4,5-dimethyl-6-indanyloxy-acetic acid	CCC1(CC)C(=O)c2cc(OCC(=O)O)c(C)c(C)c2C1=O	OPSIN
1,3-propanediol bis(p-aminobenzoate)	Nc1ccc(C(=O)OCCCOC(=O)c2ccc(N)cc2)cc1	OPSIN
1,3-thiazol-4-yl	[c]1cscn1	OPSIN
1,4-diazabicyclo[5.4.0]-7-undecene	C1=C2CCNCCN2CCC1	OPSIN
1,8-Diazabicyclo(5.4.0)-7-undecene	C1CCC2=NCCCN2CC1	OPSIN
1,8-diaza-bicyclo[5.4.0]-7-undecene	C1CCC2=NCCCN2CC1	OPSIN
1,8-diazabicyclo(5,4,0]-7-undecene	C1CCC2=NCCCN2CC1	OPSIN
1,8-diazabicyclo(5.4.0)-7-undecene	C1CCC2=NCCCN2CC1	OPSIN
1,8-diazabicyclo(5.4.0]-7-undecene	C1CCC2=NCCCN2CC1	OPSIN
1,8-diazabicyclo{5,4,0]-7-undecene	C1CCC2=NCCCN2CC1	OPSIN
1,9-diazabicyclo[5.4.0]-7-undecene	C1=C2CCCCCN2CCN1	OPSIN
1-(3-dimethyl aminopropyl) 3-ethyl carbodiimide	CCN=C=NCCCN(C)C	OPSIN
1-(3-dimethyl aminopropyl)3-ethyl carbodiimide	CCN=C=NCCCN(C)C	OPSIN
1-(α,α-dimethylbenzyl)-1-chloroethylene and 1-(α,α-dimethylbenzyl)-1,1-dichloroethane	C=C(Cl)C(C)(C)c1ccccc1.CC(Cl)(Cl)C(C)(C)c1ccccc1	OPSIN
1-Butyl	[CH2]CCC	OPSIN
1-Chlorocarbonyl-1-methylethylacetate	CC(C)(CC(=O)[O-])C(=O)Cl	OPSIN
1-Ethyl-3-(3-dimethyl amino propyl)carbodiimide hydrochloride	CCN=C=NCCCN(C)C.Cl	OPSIN
1-O-octadecyl-2,2-dimethoxy-1,3-propane diol-3-ethylphosphonoacetate	CCCCCCCCCCCCCCCCCCOCC(COC(=O)CP(=O)(O)OCC)(OC)OC	OPSIN
1-Oxo-4-chlorobutylferrocene	O=C(CCCCl)[c-]1cccc1.[Fe+2].c1cc[cH-]c1	OPSIN
1-[4-cyano-3-(trifluoromethyl)phenyl]-1H-tetrazol-5-yl	N#Cc1ccc(-n2[c]nnn2)cc1C(F)(F)F	OPSIN
1-aza-2-hydroxybenzanthrone	O=C1c2ccccc2-c2nc(O)cc3cccc1c23	OPSIN
1-benzoyl-1H-indol-3-yl	O=C(c1ccccc1)n1c[c]c2ccccc21	OPSIN
1-benzyl oxycarbonyl methyl-3,5-dichloro(3-nitrophenyl)pyrazinone	CC1(Cl)NC(Cl)=C(c2cccc([N+](=O)[O-])c2)N(C(=O)OCc2ccccc2)C1=O	OPSIN
1-benzyl-1,2-dihydro-2-oxo-nicotinamido	[NH]C(=O)c1cccn(Cc2ccccc2)c1=O	OPSIN
1-bromo-4-ethyl-thiobenzene	CCSc1ccc(Br)cc1	OPSIN
1-butyl-1,2-dihydro-2-oxo-nicotinamido	CCCCn1cccc(C([NH])=O)c1=O	OPSIN
1-chloromethyl- chloroformate	O=C(Cl)OCCl	OPSIN
1-cyclobutyl-piperazine bistrifluoroacetate	C1CC(N2CCNCC2)C1.O=C(O)C(F)(F)F.O=C(O)C(F)(F)F	OPSIN
1-cyclobutylpiperazine bistrifluoroacetate	C1CC(N2CCNCC2)C1.O=C(O)C(F)(F)F.O=C(O)C(F)(F)F	OPSIN
1-cyclohexylphenylamino	[NH]C1(C2CCCCC2)C=CC=CC1	OPSIN
1-ethyl-(3-dimethyl aminopropyl)carbodiimide hydrochloride	CCN=C=NCCCN(C)C.Cl	OPSIN
1-ethyl-2,3,3-trimethyl[3H]indolium-5-sulfonate	CC[N+]1=C(C)C(C)(C)c2cc(S(=O)(=O)[O-])ccc21	OPSIN
1-ethyl-3(3-dimethyl aminopropyl)carbodiimide	CCN=C=NCCCN(C)C	OPSIN
1-ethyl-3-(3-dimethyl aminopropyl)-carbodiimide hydrochloride	CCN=C=NCCCN(C)C.Cl	OPSIN
1-ethyl-3-(3′-dimethyl aminopropyl)-carbodiimide hydrochloride	CCN=C=NCCCN(C)C.Cl	OPSIN
1-hexyl-1-chloro-2-perfluorohexylethane	CCCCCCC(Cl)CC(F)(F)C(F)(F)C(F)(F)C(F)(F)C(F)(F)C(F)(F)F	OPSIN
1-hydroxy-1- aminomethyl	N[CH]O	OPSIN
1-hydroxy-phosphindoline 1-oxide	O=P1(O)CCc2ccccc21	OPSIN
1-naphthyl	[c]1cccc2ccccc12	OPSIN
1-vinylphosphindoline 1-oxide	C=CP1(=O)CCc2ccccc21	OPSIN
10/2/1 ethyl acetate methanol triethylamine	CCN(CC)CC.CCOC(C)=O.CO	OPSIN
11-chloro-3-phenoxycarboxyl-1,2,4,5-tetrahydro-3H-azepino[4,5-b]quinoline	O=C(O)C1CN(Oc2ccccc2)CCc2nc3ccccc3c(Cl)c21	OPSIN
14-hydroxy-codeinone oxalate	COc1ccc2c3c1O[C@H]1C(=O)C=C[C@@]4(O)[C@@H](C2)N(C)CC[C@]314.O=C(O)C(=O)O	OPSIN
17,17-bis-(ethylenedioxy)-11-(4-hydroxyphenyl)-5,9(11) estradiene	C[C@]12CC(c3ccc(O)cc3)=C3[C@H]4CCCCC4=CC[C@H]3[C@@H]1CC13OCCOC12OCCO3	OPSIN
1R-(3-phenoxy-phenyl)-2-propyn-1-yl alcohol	C#C[C@@H](O)c1cccc(Oc2ccccc2)c1	OPSIN
2,2,2-trifluoro-1-(trifluoromethyl)ethyl-4-[2,2,2-trifluoro-1-(trifluoromethyl)ethoxy]phenylsulfonate	O=S(=O)([O-])c1ccc(OC(C(F)(F)F)C(F)(F)F)cc1C(C(F)(F)F)C(F)(F)F	OPSIN
2,2,4,4-tetramethyl-7-oxa-3,20-diaza-21-oxo-dispiro[5.1.11.2]heneicosane	CC1(C)CC2(CC(C)(C)N1)OC1(CCCCCCCCCCC1)NC2=O	OPSIN
2,2,6,6-tetramethyl-1-piperidyloxy	CC1(C)CCCC(C)(C)N1[O]	OPSIN
2,2,6,6-tetramethylpiperidine nitroxide	CC1(C)CCCC(C)(C)N1.N[O]	OPSIN
2,2-di-trimethylsiloxy-5-phenyl-5-methyl-2,5-disilahexane	C[Si](C)(C)O[Si](C)(CC[Si](C)(C)c1ccccc1)O[Si](C)(C)C	OPSIN
2,3-dihydro-2-oxiranyl-1,4-benzodioxin	c1ccc2c(c1)OCC(C1CO1)O2	OPSIN
2,4-dihydroxy-6-methyl-3-(3-methyl-2-butenyl) phenyl	CC(C)=CCc1c(O)[c]c(C)cc1O	OPSIN
2,4-dimethyl-5-phenylpentan-1-yl	[CH2]C(C)CC(C)Cc1ccccc1	OPSIN
2,6,11-trimethyltriphenylene and 2,3,6,11-tetramethyltriphenylene	Cc1ccc2c3ccc(C)cc3c3cc(C)c(C)cc3c2c1.Cc1ccc2c3ccc(C)cc3c3cc(C)ccc3c2c1	OPSIN
2,6-bis(1,1-dimethylethyl)-4-pyrylidene	CC(C)(C)C1=C[C]C=C(C(C)(C)C)O1	OPSIN
2,6-bis(1,1-dimethylethyl)-4-selenopyrylidene	CC(C)(C)C1=C[C]C=C(C(C)(C)C)[Se]1	OPSIN
2,6-bis(1,1-dimethylethyl)-4-thiopyrylidene	CC(C)(C)C1=C[C]C=C(C(C)(C)C)S1	OPSIN
2-(3-carbethoxypropyl)-1-methoximino-2-cyclopentene	CCOC(=O)CCCC1=CCCC1=NOC	OPSIN
2-(4(6-(fluoromethyl)pyridin-2-yl)but-3-ynyl) nitro-2H-benzo[d][1,2,3]triazole	O=[N+]([O-])c1cccc2nn(CCC#Cc3cccc(CF)n3)nc12	OPSIN
2-(4-cyclobutylpiperazin-1-yl)-2-oxoethyl 2-benzyl-3-oxo-2,3-dihydro-1′H-spiro[isoindole-1,4′-piperidine]-1′-carboxylate	O=C(COC(=O)N1CCC2(CC1)c1ccccc1C(=O)N2Cc1ccccc1)N1CCN(C2CCC2)CC1	OPSIN
2-(5-acetoxypentyl)-2-carbomethoxy carboethoxy-cyclopentanone	COC(=O)C(CCCCCOC(C)=O)COC(=O)C1CCCC1=O	OPSIN
2-(5-methoxyhept-1-yl)bicyclo[3.3.0]-7-octanol	CCC(CCCCC1CCC2CC(O)CC12)OC	OPSIN
2-(5-methoxyhept-1-yl)bicyclo[3.3.0]-7octanol	CCC(CCCCC1CCC2CC(O)CC12)OC	OPSIN
2-(5-methoxyhept-1-yl)bicyclo[3.3.0]7 octanol	CCC(CCCCC1CCC2CC(O)CC12)OC	OPSIN
2-(7-Methyl-4-piperazin-1-yl-quinazolin-2-yl)-phenol, oxalate salt	Cc1ccc2c(N3CCNCC3)nc(-c3ccccc3O)nc2c1.O=C(O)C(=O)O	OPSIN
2-[(2-dimethylaminomethyl-4-thiazolyl)methylthio]ethylamino	CN(C)Cc1nc(CSCC[NH])cs1	OPSIN
2-[4(6-fluoro-1,2-benzisoxazol-3-yl)-1-piperidinyl]- ethyl	[CH2]CN1CCC(c2noc3cc(F)ccc23)CC1	OPSIN
2-[4-(4,5-dihydro-1H-imidazol-2-yl)phenyl]ethanamine bis-trifluoroacetate	NCCc1ccc(C2=NCCN2)cc1.O=C(O)C(F)(F)F.O=C(O)C(F)(F)F	OPSIN
2-bromo-6-carboxyl pyridine	O=C(O)c1cccc(Br)n1	OPSIN
2-butoxy-5-chloro-6-methyl-nicotinamido	CCCCOc1nc(C)c(Cl)cc1C([NH])=O	OPSIN
2-carboxyl phenylboronic acid	O=C(O)c1ccccc1B(O)O	OPSIN
2-chloro-5-cyclopentyl-thiomethyl-pyridine	Clc1ccc(CSC2CCCC2)cn1	OPSIN
2-diazo-3-oxobutyroxyethyl methacrylate	C=C(C)C(=O)OCCOC(=O)C(=[N+]=[N-])C(C)=O	OPSIN
2-ethyl-4-methoxy-1-phenylmethyl	[CH2]c1ccc(OC)cc1CC	OPSIN
2-ethylhexyl	[CH2]C(CC)CCCC	OPSIN
2-ethylsulfinyl	CC[S]=O	OPSIN
2-fluoro-5-[6-(1-methanesulfonyl-1-methyl-ethyl)-quinolin-8-yl]-phenyl	CC(C)(c1cc(-c2c[c]c(F)cc2)c2ncccc2c1)S(C)(=O)=O	OPSIN
2-hexamethyleneimino-3-chloro-3-piperidinosulfonylbenzoic acid	O=C(O)C1=CC=CC(Cl)(S(=O)(=O)N2CCCCC2)C1N1CCCCCC1	OPSIN
2-hydroxysulfonyl oxy hexanoic acid amide	CCCCC(OS(=O)(=O)O)C(N)=O	OPSIN
2-isobutylamino	CC(C)(C)[NH]	OPSIN
2-isopropyl-1-hexyl-4,6-ditrifluoromethylbenzimidazole	CCCCCCn1c(C(C)C)nc2c(C(F)(F)F)cc(C(F)(F)F)cc21	OPSIN
2-methoxy-4-(4-methyl-piperazin-1-ylmethyl)-benzaldehyde bis trifluoroacetate	COc1cc(CN2CCN(C)CC2)ccc1C=O.O=C(O)C(F)(F)F.O=C(O)C(F)(F)F	OPSIN
2-methoxy-benzyl	[CH2]c1ccccc1OC	OPSIN
2-methoxybenzyl	[CH2]c1ccccc1OC	OPSIN
2-methoxyethoxymethyl	[CH2]OCCOC	OPSIN
2-methyl-4-oxo-3-(2-propenyl)-2-cyclopenten-1-yl	C=CCC1=C(C)[CH]CC1=O	OPSIN
2-n-amyl-4-n-decyl-1,3-dioxolane	CCCCCCCCCCC1COC(CCCCC)O1	OPSIN
2-oxa-3,7-dihydroxy-6-(2-hydroxy-2-methyl-heptylmercapto)-bicyclo[3.3.0]octane	CCCCCC(C)(O)CSC1C(O)CC2OC(O)CC21	OPSIN
2-phenyl-thioindole	c1ccc(Sc2cc3ccccc3[nH]2)cc1	OPSIN
2-piperidinyl	[CH]1CCCCN1	OPSIN
2-propanol isopropyl ether	CC(C)OC(C)C	OPSIN
2-propanol-ethyl acetate	CC(C)O.CCOC(C)=O	OPSIN
2-thienyl	[c]1cccs1	OPSIN
2R-(benzyloxycarbonylaminomethyl)-4R-methyl-heptanoic acid	CCC[C@@H](C)C[C@H](CNC(=O)OCc1ccccc1)C(=O)O	OPSIN
2R-(−)-glycidyl-3-nitrobenzenesulfonate	O=[N+]([O-])c1cccc(S(=O)(=O)[O-])c1C[C@@H]1CO1	OPSIN
2R-benzoylamino-3-benzylsulfanylpropionic acid	O=C(N[C@@H](CSCc1ccccc1)C(=O)O)c1ccccc1	OPSIN
2R-hydroxy-2-phenylpropionic acid	C[C@](O)(C(=O)O)c1ccccc1	OPSIN
3,3,3-trifluoropropynyl	[C]#CC(F)(F)F	OPSIN
3,3-dimethoxypropene	C=CC(OC)OC	OPSIN
3,3-dimethyl-1-(4-methoximino- methyl-phenoxy)-1-(1,2,4-triazol-1-yl)-butan-2-one	CON=C1C=CC(OC(C(=O)C(C)(C)C)n2cncn2)=C(C)C1	OPSIN
3,3-dimethyl-1-(4-methoximino-methyl-phenoxy)-1-(1,2,4-triazol-1-yl)-butan-2-one	CON=C1C=CC(OC(C(=O)C(C)(C)C)n2cncn2)=C(C)C1	OPSIN
3,3-dimethyl-1-(4-methoximinomethyl-phenoxy)-1-(1,2,4-triazol-1-yl)-butan-2-one	CON=C1C=CC(OC(C(=O)C(C)(C)C)n2cncn2)=C(C)C1	OPSIN
3,3-ethylenedioxy	[O]CC[O]	OPSIN
3,3′-(1,3-Phenylene)bis(2,2-dimethylpropanoic acid) dirhodium	CC(C)(Cc1cccc(CC(C)(C)C(=O)O)c1)C(=O)O.[Rh].[Rh]	OPSIN
3,4,5-trihydro-1,3-diazepin-5-ol	OC1C=CN=CNC1	OPSIN
3,4-(methylenedioxy)phenyl boronic acid	OB(O)c1ccc2c(c1)OCO2	OPSIN
3,5-difluorobenzyl	[CH2]c1cc(F)cc(F)c1	OPSIN
3-(1-aminoethyl)-1-({8-chloro-7-[(2-fluoro-4-iodophenyl)amino]imidazo[1,2-a]pyridin-6-yl}carbonyl)azetidin-3-ol acetate salt	CC(=O)O.CC(N)C1(O)CN(C(=O)c2cn3ccnc3c(Cl)c2Nc2ccc(I)cc2F)C1	OPSIN
3-(1-methyl-1H-tetrazol-5-yl)-thiomethyl-7-[2-(2-formylamino-1,3-thiazol-4-yl)glyoxylamido]-3-cephem-4-carboxylic acid	Cn1nnnc1SCC1=C(C(=O)O)N2C(=O)C(NC(=O)C(=O)c3csc(NC=O)n3)[C@H]2SC1	OPSIN
3-(2,6-dichloro-4-trifluoromethylphenylhydrazino)propionitrile Cupric chloride	N#CCCNNc1c(Cl)cc(C(F)(F)F)cc1Cl.[Cl][Cu][Cl]	OPSIN
3-(3,5-Diethyl-pyrazol-1-yl)-2-methoxy-6-(2-methoxy-4-trifluoromethoxy-phenyl)-5-methyl-pyridine 3,5-heptane dione	CCC(=O)CC(=O)CC.CCc1cc(CC)n(-c2cc(C)c(-c3ccc(OC(F)(F)F)cc3OC)nc2OC)n1	OPSIN
3-(4-benzyloxyphenyl)(S)-2-ethoxy-N-(2-hydroxy-(R)-1-phenylethyl)propanoic amide	CCO[C@@H](Cc1ccc(OCc2ccccc2)cc1)C(=O)N[C@@H](CO)c1ccccc1	OPSIN
3-(5-methyl-1,3,4-thiadiazol-2-yl)-thiomethyl-7-[2-(2-tert-pentyloxycarbonylamino-1,3-thiazol-4-yl)-glyoxylamido]-3-cephem-4-carboxylic acid	CCC(C)(C)OC(=O)Nc1nc(C(=O)C(=O)NC2C(=O)N3C(C(=O)O)=C(CSc4nnc(C)s4)CS[C@H]23)cs1	OPSIN
3-(5-methyl-1,3,4-thiadiazol-2-yl)-thiomethyl-7-[2-(2-tert-pentyloxycarbonylamino-1,3-thiazol-4-yl)glyoxylamido]-3-cephem-4-carboxylic acid	CCC(C)(C)OC(=O)Nc1nc(C(=O)C(=O)NC2C(=O)N3C(C(=O)O)=C(CSc4nnc(C)s4)CS[C@H]23)cs1	OPSIN
3-(5-methyl-1,3,4-thiadiazol-2-yl)-thiomethyl-7-[2-hydroxy-2-(2-tert-pentyloxycarbonylamino-1,3-thiazol-4-yl)acetamido]-3-cephem-4-carboxylic acid	CCC(C)(C)OC(=O)Nc1nc(C(O)C(=O)NC2C(=O)N3C(C(=O)O)=C(CSc4nnc(C)s4)CS[C@H]23)cs1	OPSIN
3-Aza-3′-{N′-[1-(4-tert-butylphenyl)-3-methyl-5-oxo-1,5-dihydropyrazol-4-ylidene]hydrazino}-2′-hydroxybiphenyl-5-carboxylic acid	CC1=NN(c2ccc(C(C)(C)C)cc2)C(=O)C1=NNc1cccc(-c2cncc(C(=O)O)c2)c1O	OPSIN
3-Chloro-1,4-dioxo-1,4-dihydro-naphthalen-2-ylamino-N-pyridin-2-yl-benzenesulfonamide	O=C1C(Cl)=C(Nc2ccccc2S(=O)(=O)Nc2ccccn2)C(=O)c2ccccc21	OPSIN
3-[18F]fluoroprop-1-yne	C#CC[18F]	OPSIN
3-[4-(but-2-en-1-yl)-1-piperazinyl]-carbonyloxy-2-(7-chloro-1,8-naphthyridin-2-yl)-1-isoindolinone	CC=CCN1CCN(C(=O)OC2c3ccccc3C(=O)N2c2ccc3ccc(Cl)nc3n2)CC1	OPSIN
3-[4-(but-3-en-1-yl)-1-piperazinyl]-carbonyloxy-2-(7-chloro-1,8-naphthyridin-2-yl)-1-isoindolinone	C=CCCN1CCN(C(=O)OC2c3ccccc3C(=O)N2c2ccc3ccc(Cl)nc3n2)CC1	OPSIN
3-[4-chloro-2-fluoro-benzyl)-phenyl	Fc1cc(Cl)ccc1Cc1c[c]ccc1	OPSIN
3-amino-2-(R)-methyl-propionic acid, trifluoroacetic acid salt	C[C@H](CN)C(=O)O.O=C(O)C(F)(F)F	OPSIN
3-amino-2-(S)-methyl-propionic acid, trifluoroacetic acid salt	C[C@@H](CN)C(=O)O.O=C(O)C(F)(F)F	OPSIN
3-bromopropyl	[CH2]CCBr	OPSIN
3-carboxycephem	O=C(O)C1=CN2C(=O)C[C@H]2SC1	OPSIN
3-chloro-benzamido	[NH]C(=O)c1cccc(Cl)c1	OPSIN
3-chloropropyl	[CH2]CCCl	OPSIN
3-cyclopropylmethyl-9-methoxy-5-methoxycarbonyl-1,2,5,6,7,7a-hexahydro-4a,7-ethenobenzofuro[3,2-e]isoquinolin-4(3H)-one	COC(=O)C1CC2C=CC13C(=O)N(CC1CC1)CCC31c3cccc(OC)c3OC21	OPSIN
3-hexylthiophene	CCCCCCc1ccsc1	OPSIN
3-hydroxy-2-oxo-2,3-dihydro-1H-indol-3-yl	O=C1Nc2ccccc2[C]1O	OPSIN
3-hydroxyphenyl	Oc1c[c]ccc1	OPSIN
3-methoxy-5-chlorothiophene-2-carboxamido	COc1cc(Cl)sc1C([NH])=O	OPSIN
3-methyl-thio-4-heptanone	CCCC(=O)C(CC)SC	OPSIN
3-neoheptanoylperoxy-1,3-dimethylbutyl	C[CH]CC(C)(C)OOC(=O)CCC(C)(C)C	OPSIN
3-nitrobenzyl	[CH2]c1cccc([N+](=O)[O-])c1	OPSIN
3-propyl-thio-4-heptanone	CCCSC(CC)C(=O)CCC	OPSIN
3-t-butylperoxy-1,3-dimethylbutyl	C[CH]CC(C)(C)OOC(C)(C)C	OPSIN
4,5-dichloro-n-octyl	[CH2]CCC(Cl)C(Cl)CCC	OPSIN
4-((2,2-difluoro-3-(methacryloyloxy)propanoyl)oxy)phenyl	C=C(C)C(=O)OCC(F)(F)C(=O)Oc1cc[c]cc1	OPSIN
4-(2-piperazin-1-ylpyrimidin-5-yl)benzonitrile, trifluoroacetic acid salt	N#Cc1ccc(-c2cnc(N3CCNCC3)nc2)cc1.O=C(O)C(F)(F)F	OPSIN
4-(3-Methyl-1-phenyl-1H-pyrazol-4-ylmethyl)-3′-(4-[1,2,3]triazol-1-ylmethyl-phenyl)-3,4,5,6-tetrahydro-2H-[1,2′]bipyrazinyl and 4-(3-Methyl-1-phenyl-1H-pyrazol-4-ylmethyl)-3′-(4-[1,2,3]triazol-2-ylmethyl-phenyl)-3,4,5,6-tetrahydro-2H-[1,2′]bipyrazinyl	Cc1nn(-c2ccccc2)cc1CN1CCN(c2nccnc2-c2ccc(Cn3ccnn3)cc2)CC1.Cc1nn(-c2ccccc2)cc1CN1CCN(c2nccnc2-c2ccc(Cn3nccn3)cc2)CC1	OPSIN
4-(4-phenyl-1-piperazinyl)butoxy	[O]CCCCN1CCN(c2ccccc2)CC1	OPSIN
4-(hydroxymethyl)phenylborate	[O-]B([O-])Oc1ccc(CO)cc1	OPSIN
4-(methylsulfinyl)phenyl	CS(=O)c1cc[c]cc1	OPSIN
4-(methylsulfonyl)phenyl	CS(=O)(=O)c1cc[c]cc1	OPSIN
4-(t-butyldimethylsilyl)-oxy-3,5-dimethoxybenzaldehyde	COc1cc(C=O)cc(OC)c1O[Si](C)(C)C(C)(C)C	OPSIN
4-Methylphenyltriflate	Cc1ccc(OS(=O)(=O)C(F)(F)F)cc1	OPSIN
4-[18F]fluorobut-1-yne	C#CCC[18F]	OPSIN
4-[4-(4,4′-dipentylbicyclohexyl-4-yl)buta-1,3-diynyl]-4,4′-dipentylbicyclohexyl and 4-[4-(4-methoxy-4′-propylbicyclohexyl-4-yl)buta-1,3-diynyl]-4-methoxy-4′-propylbicyclohexyl	CCCC1CCC(C2CCC(C#CC#CC3(OC)CCC(C4CCC(CCC)CC4)CC3)(OC)CC2)CC1.CCCCCC1CCC(C2CCC(C#CC#CC3(CCCCC)CCC(C4CCC(CCCCC)CC4)CC3)(CCCCC)CC2)CC1	OPSIN
4-amino-2-(4,4-dimethylimidazolidin-2-on-1-yl)-pyrimidine-5-carboxylic acid 3-trifluoromethyl-anilide	CC1(C)CN(c2ncc(C(=O)Nc3cccc(C(F)(F)F)c3)c(N)n2)C(=O)N1	OPSIN
4-amino-6-t-butyl-3-methyl thio-4,5-dihydro-1,2,4-triazin-5-one	CSc1nnc(C(C)(C)C)c(=O)n1N	OPSIN
4-chloroacetoaceticacid imide	N=C(CCl)CC(=O)O	OPSIN
4-chlorophenyl	Clc1cc[c]cc1	OPSIN
4-chlorophenyldichlorophosphate	O=P(Cl)(Cl)Oc1ccc(Cl)cc1	OPSIN
4-chlorophenylphosphorodichloridate	O=P(Cl)(Cl)Oc1ccc(Cl)cc1	OPSIN
4-chlorosulfonylphenoxy	[O]c1ccc(S(=O)(=O)Cl)cc1	OPSIN
4-fluoro-R-alpha-methyl-benzyl amine	C[C@@H](N)c1ccc(F)cc1	OPSIN
4-fluorophenylcarbonochloridate	O=C(Cl)Oc1ccc(F)cc1	OPSIN
4-hydroxyphenyl-4-sulphoxyphenyl	O=S(=O)(O)Oc1cc[c]c(-c2ccc(O)cc2)c1	OPSIN
4-n-octyloxyphenyl	CCCCCCCCOc1cc[c]cc1	OPSIN
4-phenylphenyl	[c]1ccc(-c2ccccc2)cc1	OPSIN
4-piperidinopiperidinyl trimethylsilyl	C[Si](C)CN1CCC(N2CCCCC2)CC1	OPSIN
4-pyridylformimidoylglycyl-d-phenylglycine	N=C(NCC(=O)N[C@@H](C(=O)O)c1ccccc1)c1ccncc1	OPSIN
4-pyridylglycine nitrile hydrochloride salt	Cl.N#CCNc1ccncc1	OPSIN
4-tert.butylbenzyl	[CH2]c1ccc(C(C)(C)C)cc1	OPSIN
4H-spiro[cyclohexane-1,2′-pyrano[2,3-b]pyridin]-4-one	O=C1CCC2(C=Cc3cccnc3O2)CC1	OPSIN
5,11-methylene	[CH2]	OPSIN
5,6-dihydro-4H-pyrrolo [3,2,1-ij] quinolin-1-yl	[c]1cn2c3c(cccc13)CCC2	OPSIN
5-(2-diethyl amino-ethyl)-2-(5-fluoro-2-oxo-1,2-dihydro-indol-3-ylidenemethyl)-3-methyl-1,5,6,7-tetrahydro-pyrrolo[3,2-c]pyridin-4-one maleate	CCN(CC)CCN1CCc2[nH]c(C=C3C(=O)Nc4ccc(F)cc43)c(C)c2C1=O.O=C(O)/C=C\C(=O)O	OPSIN
5-(N′-phenylhydrazinocarbonyl)-1H-thieno[2,3-c]pyrazol-3-yl	O=C(NNc1ccccc1)c1cc2[c]n[nH]c2s1	OPSIN
5-Fluoro-3,4-dihydro-2,4-dioxo-N-pyridiniomethyl	[CH2][NH+]1C=C(F)C(=O)CC1=O	OPSIN
5-Iodo-2-nitro-phenyl	O=[N+]([O-])c1[c]cc(I)cc1	OPSIN
5-[18F]fluoropent-1-yne	C#CCCC[18F]	OPSIN
5-benzyl-oxyindole	c1ccc(COc2ccc3[nH]ccc3c2)cc1	OPSIN
5-bromomethyl-2-oxo-1,3-dioxol-4-yl	O=c1o[c]c(CBr)o1	OPSIN
5-chloro-2-cyclohexyloxy-nicotinamido	[NH]C(=O)c1cc(Cl)cnc1OC1CCCCC1	OPSIN
5-chloro-2-hexahydrobenzyloxy-nicotinamido	[NH]C(=O)c1cc(Cl)cnc1OCC1CCCCC1	OPSIN
5-chloro-2-hydroxyphenyl	Oc1[c]cc(Cl)cc1	OPSIN
5-methoxysalicyl aldehyde	COc1ccc(O)c(C=O)c1	OPSIN
5-quinolinyloxy	[O]c1cccc2ncccc12	OPSIN
50/50/1 ethyl acetate acetone water	CC(C)=O.CCOC(C)=O.O	OPSIN
6-[18F]fluorohex-1-yne	C#CCCCC[18F]	OPSIN
6-methyl-8-phenoxymethylergoline maleate salt	CN1CC(COc2ccccc2)C[C@@H]2c3cccc4[nH]cc(c34)C[C@H]21.O=C(O)/C=C\C(=O)O	OPSIN
6-octyloxy-2-naphthoyl	CCCCCCCCOc1ccc2cc([C]=O)ccc2c1	OPSIN
7,14-diaza-15-oxo-dispiro[5.1.5.2]pentadecane	O=C1NC2(CCCCC2)NC12CCCCC2	OPSIN
7-(D-2-phenylglycinamido)-3-(1-methyl-1H-tetrazol-5-ylthiomethyl)-3-cephem-4-carboxylic acid formate	Cn1nnnc1SCC1=C(C(=O)O)N2C(=O)C(NC(=O)[C@H](N)c3ccccc3)[C@H]2SC1.O=CO	OPSIN
7-[D-2-(3-mercapto-5-hydroxy-1,2,4-triazine-6-carboxamido)-2-phenylacetamido]-3-(1-methyl-1H-tetrazol-5-ylthiomethyl)-3-cephem-4-carboxylic acid	Cn1nnnc1SCC1=C(C(=O)O)N2C(=O)C(NC(=O)[C@H](NC(=O)c3nnc(S)nc3O)c3ccccc3)[C@H]2SC1	OPSIN
7-amino-4-aza-3,3-dimethyl-5-oxaheptan-2-one oxime	CC(=NO)C(C)(C)NOCCN	OPSIN
7-fluorobenzothiophenyl	Fc1cccc2c[c]sc12	OPSIN
7β-(D-α-tert.butoxycarbonylamino-α-phenyl-acetylamino)-3-(p-toluenesulphonyloxy)-3-cephem-4-carboxylic acid diphenylmethyl ester	Cc1ccc(S(=O)(=O)OC2=C(C(=O)OC(c3ccccc3)c3ccccc3)N3C(=O)[C@@H](NC(=O)[C@H](NC(=O)OC(C)(C)C)c4ccccc4)[C@H]3SC2)cc1	OPSIN
7β-[(Z)-2-(2-t-butoxycarbonylamino-4-thiazolyl)-2-trityloxyiminoacetamido]-3-(2-methyl-1,2,3-triazol-4-yl)-thiomethylthio-3-cephem-4-carboxylic acid diphenylmethyl ester	Cn1ncc(SCSC2=C(C(=O)OC(c3ccccc3)c3ccccc3)N3C(=O)[C@@H](NC(=O)/C(=N\OC(c4ccccc4)(c4ccccc4)c4ccccc4)c4csc(NC(=O)OC(C)(C)C)n4)[C@H]3SC2)n1	OPSIN
8-aza-8-ethyltetracyclo[4.3.3.12,5.01,6]tridec-3-ene	CCN1CC23CCCC2(C1)C1C=CC3C1	OPSIN
8-azonia-8,8-diethyltetracyclo[4.3.3.12,5.01,6]tridec-3-ene	CC[N+]1(CC)CC23CCCC2(C1)C1C=CC3C1	OPSIN
8-chloro-1-methyl-3,4-dihydro-1H-pyrimido[1,6-c]pyrimidin-6(2H)-one, trifluoroacetic acid salt	CC1NCCc2cc(=O)nc(Cl)n21.O=C(O)C(F)(F)F	OPSIN
8-oxo-3-oxa-2,2,6-trimethyl-7-isopropyl-1-azabicyclo[4.2.0]octane	CC(C)C1C(=O)N2C(C)(C)OCCC12C	OPSIN
Acetyl	C[C]=O	OPSIN
Acroyl chloride	C=CC(=O)Cl	OPSIN
BOC (tert-butyl carbonyl)	CC(C)([C]=O)CC(=O)OC(C)(C)C	OPSIN
Benzotriazolyl-1-yloxytris(dimethylamino)phosphonium hexafluorophosphate	CN(C)[P+](On1nnc2[c]cccc21)(N(C)C)N(C)C.F[P-](F)(F)(F)(F)F	OPSIN
Bis(di-tertbutyl-(4-dimethylaminophenyl)-phosphine) di-chloropalladium (II)	CN(C)c1ccc(P(C(C)(C)C)C(C)(C)C)cc1.CN(C)c1ccc(P(C(C)(C)C)C(C)(C)C)cc1.[Cl][Pd][Cl]	OPSIN
Bis(tricyclohexylphosphine) benzylideneruthenium(IV)dichloride	C1CCC(P(C2CCCCC2)C2CCCCC2)CC1.C1CCC(P(C2CCCCC2)C2CCCCC2)CC1.[Cl][Ru]([Cl])=[CH]c1ccccc1	OPSIN
Bis-triphenylphosphine palladium (II) dichloride	[Cl][Pd][Cl].c1ccc(P(c2ccccc2)c2ccccc2)cc1.c1ccc(P(c2ccccc2)c2ccccc2)cc1	OPSIN
Boc-	CC(C)(C)O[C]=O	OPSIN
CORONATE	O=C([O-])c1cc2ccc3ccc4ccc5ccc6ccc1c1c6c5c4c3c21	OPSIN
Ceric hydroxide	[Ce+4].[OH-].[OH-].[OH-].[OH-]	OPSIN
Chloromethyl	[CH2]Cl	OPSIN
Chlorosulfonyl	O=[S](=O)Cl	OPSIN
Chromic (III) chloride hexahydrate	O.O.O.O.O.O.[Cl-].[Cl-].[Cl-].[Cr+3]	OPSIN
Coronate	O=C([O-])c1cc2ccc3ccc4ccc5ccc6ccc1c1c6c5c4c3c21	OPSIN
Cupric acetate monohydrate	CC(=O)[O-].CC(=O)[O-].O.[Cu+2]	OPSIN
Cupric oxide	[O]=[Cu]	OPSIN
Cupric sulphate pentahydrate	O.O.O.O.O.O=S(=O)([O-])[O-].[Cu+2]	OPSIN
Cuprous monochloride	[Cl][Cu]	OPSIN
D(+)-galactosamine	N[C@H]1C(O)O[C@H](CO)[C@H](O)[C@@H]1O	OPSIN
D(-)-phenylglycyl chloride hydrochloride	Cl.N[C@@H](C(=O)Cl)c1ccccc1	OPSIN
D(-)2-amino-5-phosphovaleric acid	N[C@H](CCCP(=O)=O)C(=O)O	OPSIN
D(-)p-hydroxyphenylglycine	N[C@@H](C(=O)O)c1ccc(O)cc1	OPSIN
D(-)α-phenylglycyl chloride hydrochloride	Cl.N[C@@H](C(=O)Cl)c1ccccc1	OPSIN
D,L-alanine, diphenylmethyl ester p-toluenesulfonate salt	CC(N)C(=O)OC(c1ccccc1)c1ccccc1.Cc1ccc(S(=O)(=O)O)cc1	OPSIN
D-(-)-N-tert-butoxycarbonyl-p-hydroxyphenylglycine	CC(C)(C)OC(=O)N[C@@H](C(=O)O)c1ccc(O)cc1	OPSIN
D-2-amino-1-propanol	C[C@@H](N)CO	OPSIN
D-2-amino-2-(1,4-cyclohexadienyl)acetic acid	N[C@@H](C(=O)O)C1=CCC=CC1	OPSIN
D-2-t-butoxycarbonylamino-2-phenylacetic acid	CC(C)(C)OC(=O)N[C@@H](C(=O)O)c1ccccc1	OPSIN
D-4-chlorophenylalanine methyl ester	COC(=O)[C@H](N)Cc1ccc(Cl)cc1	OPSIN
D-N-Boc-phenylglycine	CC(C)(C)OC(=O)N[C@@H](C(=O)O)c1ccccc1	OPSIN
D-galactose 2,6-disulfate	O=C[C@H](OS(=O)(=O)O)[C@@H](O)[C@@H](O)[C@H](O)COS(=O)(=O)O	OPSIN
D-α-tert.-butoxycarbonylamino-α-(1,4-cyclohexadienyl)-acetic acid	CC(C)(C)OC(=O)N[C@@H](C(=O)O)C1=CCC=CC1	OPSIN
Di-palladium tris(dibenzylideneacetone)	O=C(C=Cc1ccccc1)C=Cc1ccccc1.O=C(C=Cc1ccccc1)C=Cc1ccccc1.O=C(C=Cc1ccccc1)C=Cc1ccccc1.[Pd].[Pd]	OPSIN
Di-t-butylazodicarboxylate	CC(C)(C)OC(=O)N=NC(=O)OC(C)(C)C	OPSIN
Diethylazodicarboxylic acid	CCOC(=O)N=NC(=O)OCC	OPSIN
Dihydrogen	[H][H]	OPSIN
Divinyldisiloxane and Dimethylmethoxysilane	C=C[SiH](C=C)O[SiH3].CO[SiH](C)C	OPSIN
Ethoxymagnesium Diethylmalonate	CCC(CC)(C(=O)[O-])C(=O)[O-].CC[O][Mg+2]	OPSIN
Ferric Chloride Hexahydrate	O.O.O.O.O.O.[Cl][Fe]([Cl])[Cl]	OPSIN
Ferric nitrate	O=[N+]([O-])[O-].O=[N+]([O-])[O-].O=[N+]([O-])[O-].[Fe+3]	OPSIN
Ferric perchlorate hexahydrate	O.O.O.O.O.O.[Fe+3].[O-][Cl+3]([O-])([O-])[O-].[O-][Cl+3]([O-])([O-])[O-].[O-][Cl+3]([O-])([O-])[O-]	OPSIN
Ferrous chloride tetrahydrate	O.O.O.O.[Cl][Fe][Cl]	OPSIN
HBR acetic acid	Br.CC(=O)O	OPSIN
L(−)-proline	O=C(O)[C@@H]1CCCN1	OPSIN
L-1-(N-methylanthraniloyl)proline	CNc1ccccc1C(=O)N1CCC[C@H]1C(=O)O	OPSIN
L-N-acetylvaline	CC(=O)N[C@H](C(=O)O)C(C)C	OPSIN
L-ascorbic acid 2-phosphate	O=C1O[C@H]([C@@H](O)CO)C(O)=C1OP(=O)(O)O	OPSIN
L-m-fluorophenylalanine	N[C@@H](Cc1cccc(F)c1)C(=O)O	OPSIN
L-p-hydroxyphenylglycine	N[C@H](C(=O)O)c1ccc(O)cc1	OPSIN
L-tert-leucine dibenzoyl-d-tartrate salt	CC(C)(C)[C@H](N)C(=O)O.O=C(O)[C@](O)(C(=O)c1ccccc1)[C@](O)(C(=O)O)C(=O)c1ccccc1	OPSIN
L-α-[[[(4-methoxyphenyl)methoxy]carbonyl]-amino]phenylacetic acid	COc1ccc(COC(=O)N[C@H](C(=O)O)c2ccccc2)cc1	OPSIN
Mercuric trifluoroacetate	O=C([O-])C(F)(F)F.O=C([O-])C(F)(F)F.[Hg+2]	OPSIN
Methanol-toluene	CO.Cc1ccccc1	OPSIN
Methyl (4aS, 7aS)-1-hydroxy-7-methylene-1,4a, 5,6,7a-pentahydrocyclopenta[c]pyran-4-carboxylate	C=C1CC[C@@H]2C(C(=O)OC)=COC(O)[C@H]12	OPSIN
Molecular oxygen	O=O	OPSIN
N'-methyl-N'-2-pyridyl-ureido	CN(C([NH])=O)c1ccccn1	OPSIN
N'-methylene bisacrylamide	C=CC(=O)NCNC(=O)C=C	OPSIN
N,N-dimethyl-R-alaninamide	C[C@@H](N)C(=O)N(C)C	OPSIN
N,N-dimethylazetidin-3-amine bistrifluoroacetate salt	CN(C)C1CNC1.O=C(O)C(F)(F)F.O=C(O)C(F)(F)F	OPSIN
N,N-dimethylformamide di-tert-butyl acetal	CN(C)C(OC(C)(C)C)OC(C)(C)C	OPSIN
N,N-dimethylmethylene iminium iodide	C=[N+](C)C.[I-]	OPSIN
N-(3-dimethyl aminopropyl)-N′-ethylcarbodiimide hydrochloride	CCN=C=NCCCN(C)C.Cl	OPSIN
N-(benzyloxycarbonyl)-L-2-aminoxy-3-phenylpropionic acid	O=C(NO[C@@H](Cc1ccccc1)C(=O)O)OCc1ccccc1	OPSIN
N-Benzyl-N-[(4-chloro-1-guanidino-7-isoquinolinyl)methyl]glycine bistrifluoroacetate	N=C(N)Nc1ncc(Cl)c2ccc(CN(CC(=O)O)Cc3ccccc3)cc12.O=C(O)C(F)(F)F.O=C(O)C(F)(F)F	OPSIN
N-CBZ-L-2-aminobutyric acid	CC[C@H](NC(=O)OCc1ccccc1)C(=O)O	OPSIN
N-[1,2-13C2]acetyl-D-glucosamine	[13CH3][13C](=O)N[C@H]1C(O)O[C@H](CO)[C@@H](O)[C@@H]1O	OPSIN
N-[N-[N-(4-(piperidin-4-yl)butanoyl)-N-ethylglycyl]aspartyl]-L-β-cyclohexyl alanine	CCN(CC(=O)N[C@@H](CC(=O)O)C(=O)N[C@@H](CC1CCCCC1)C(=O)O)C(=O)CCCC1CCNCC1	OPSIN
N-[N-[N-(4-(piperidin-4-yl)butanoyl)-N-ethylglycyl]aspartyl]-L-β-cyclohexyl alanine amide	CCN(CC(=O)N[C@@H](CC(=O)O)C(=O)NC(=O)[C@@H](N)CC1CCCCC1)C(=O)CCCC1CCNCC1	OPSIN
N-acetyl-D,L-2-amino-6-methyl-5-heptenoic acid ethyl ester	CCOC(=O)C(CCC=C(C)C)NC(C)=O	OPSIN
N-benzyloxy-carbonyloxy succinimide	O=C(OCc1ccccc1)ON1C(=O)CCC1=O	OPSIN
N-chloroacetylhexamethyleneimine	O=C(CCl)N1CCCCCC1	OPSIN
N-ethylethylenediamine ethylethylenediamine	CCNCCN.CCNCCN	OPSIN
N-formyl-N-methylamino-methyl	[CH2]N(C)C=O	OPSIN
N-perfluorooctylsulfonyl-N-propylalanine	CCCN([C@@H](C)C(=O)O)S(=O)(=O)C(F)(F)C(F)(F)C(F)(F)C(F)(F)C(F)(F)C(F)(F)C(F)(F)C(F)(F)F	OPSIN
N-propylacetamido	CCC[N]C(C)=O	OPSIN
N-tris[Hydroxymethyl]methyl-2-aminoethane-sulfonic acid	O=S(=O)(O)CCNC(CO)(CO)CO	OPSIN
N-{2-[[2-(dimethylamino)methyl-4-thiazolyl]methylthio]ethyl}-(dimethylamino)methyl-4-thiazolyl	CN(C)Cc1nc(CSCCN2[C]=CSC2CN(C)C)cs1	OPSIN
Nitroso	[N]=O	OPSIN
N′,N′-diethyl-2-methyl-1,4-phenylenediamine monohydrogenchloride	CCN(CC)c1ccc(N)c(C)c1.Cl	OPSIN
O-Acetyl-N-phthaloyltyrosine	CC(=O)Oc1ccc(C[C@H](NC(=O)c2ccccc2C(=O)O)C(=O)O)cc1	OPSIN
O-acetyloximino	CC(=O)O[N]	OPSIN
O-benzotriazolyltetramethylisouronium tetrafluoroborate	CN(C)C(Oc1cccc2[nH]nnc12)=[N+](C)C.F[B-](F)(F)F	OPSIN
O-methylhydroxyl-amino hydrochloride	CONCl	OPSIN
Oleyl 2-O-methyl-rac-glycerate	CCCCCCCC/C=C\CCCCCCCCOC(=O)C(CO)OC	OPSIN
Palladium (0) tetrakistriphenylphosphine	[Pd].c1ccc(P(c2ccccc2)c2ccccc2)cc1.c1ccc(P(c2ccccc2)c2ccccc2)cc1.c1ccc(P(c2ccccc2)c2ccccc2)cc1.c1ccc(P(c2ccccc2)c2ccccc2)cc1	OPSIN
Palladium bis-(dibenzylidenaceton)	O=C(C=Cc1ccccc1)C=Cc1ccccc1.O=C(C=Cc1ccccc1)C=Cc1ccccc1.[Pd]	OPSIN
Palladium bis-triphenylphosphine chloride	[Cl-].[Cl-].[Pd+2].c1ccc(P(c2ccccc2)c2ccccc2)cc1.c1ccc(P(c2ccccc2)c2ccccc2)cc1	OPSIN
Phenyl-di(2chloroethyl)phosphoramidic chloride	O=P(Cl)(Oc1ccccc1)N(CCCl)CCCl	OPSIN
Potassium t-pentylat	CCC(C)(C)[O-].[K+]	OPSIN
Potassium tertbutylate	CC(C)(C)[O-].[K+]	OPSIN
R,R-(+)-diethyl tartrate	CCOC(=O)[C@H](O)[C@@H](O)C(=O)OCC	OPSIN
R,R-2,3-butanediol	C[C@@H](O)[C@@H](C)O	OPSIN
R-(+) epichlorohydrin	ClC[C@H]1CO1	OPSIN
R-(+)-1 -(α-methylbenzyl)-5-imidazolecarboxylic acid	C[C@H](c1ccccc1)n1cncc1C(=O)O	OPSIN
R-(+)-1-(α-methylbenzyl)-5-imidazolecarboxylic acid	C[C@H](c1ccccc1)n1cncc1C(=O)O	OPSIN
R-(+)-2-amino-1-butanol	CC[C@@H](N)CO	OPSIN
R-(+)-3-chlorostyrene oxide	Clc1cccc([C@@H]2CO2)c1	OPSIN
R-(+)-4-tert. butoxy-3-methylbutyronitrile	C[C@H](CC#N)COC(C)(C)C	OPSIN
R-(+)-methyl lactate	COC(=O)[C@@H](C)O	OPSIN
R-(+)-p-menth-4(8)-en-3-one	CC(C)=C1CC[C@@H](C)CC1=O	OPSIN
R-(+)-prolinamide	NC(=O)[C@H]1CCCN1	OPSIN
R-(+)-α-methyl benzylamine	C[C@@H](N)c1ccccc1	OPSIN
R-(-) ibuprofen-methylester	COC(=O)[C@H](C)c1ccc(CC(C)C)cc1	OPSIN
R-(-)-2-hexanol	CCCC[C@@H](C)O	OPSIN
R-(-)-α-methoxyphenylacetic acid	CO[C@@H](C(=O)O)c1ccccc1	OPSIN
R-(−) glycidyl butyrate	CCCC(=O)OC[C@H]1CO1	OPSIN
R-(−)-1,2,3,4-tetrahydro-1-naphthylamine	N[C@@H]1CCCc2ccccc21	OPSIN
R-(−)-1-cyclohexyl ethyl amine	C[C@@H](N)C1CCCCC1	OPSIN
R-(−)-2-amino-1-propanol	C[C@@H](N)CO	OPSIN
R-(−)-2-methylpyrrolidine	C[C@@H]1CCCN1	OPSIN
R-(−)-glycidyl-3-nitrobenzenesulfonate	O=[N+]([O-])c1cccc(S(=O)(=O)OC[C@H]2CO2)c1	OPSIN
R-(−)-hexahydro-mandelic acid	O=C(O)[C@H](O)C1CCCCC1	OPSIN
R-(−)-hexahydromandelic acid	O=C(O)[C@H](O)C1CCCCC1	OPSIN
R-(−)-tetrahydrofurfurylamine	NC[C@H]1CCCO1	OPSIN
R-(−)-tetrahydronaphthylamine	N[C@@H]1CCCc2ccccc21	OPSIN
R-2-(N-((2R)-2-Amino-3-(2-naphthyl)propyl)-N-chloroacetylamino)-N-methyl-3-phenylpropionamide	CNC(=O)[C@@H](Cc1ccccc1)N(C[C@H](N)Cc1ccc2ccccc2c1)C(=O)CCl	OPSIN
R-2-hydroxy-4-phenylbutyric acid	O=C(O)[C@H](O)CCc1ccccc1	OPSIN
R-3-amino-pyrrolidine-1-carboxylic acid tert-butyl ester	CC(C)(C)OC(=O)N1CC[C@@H](N)C1	OPSIN
R-3-pyrrolidinol hydrochloride	Cl.O[C@@H]1CCNC1	OPSIN
R-4-tert-butoxy-2-cyclopropyl-4-oxobutanoic acid	CC(C)(C)OC(=O)C[C@@H](C(=O)O)C1CC1	OPSIN
R-[3-oxo-1-(2,4,5-trifluoro-benzyl)-3-(3-trifluoromethyl-5,6-dihydro-8H-imidazo[1,5-a]pyrazin-7-yl)-propyl]carbamic acid tert-butyl ester	CC(C)(C)OC(=O)N[C@@H](CC(=O)N1CCn2c(cnc2C(F)(F)F)C1)Cc1cc(F)c(F)cc1F	OPSIN
R-alanine	C[C@@H](N)C(=O)O	OPSIN
R-hexahydromandelic acid	O=C(O)[C@H](O)C1CCCCC1	OPSIN
R-mandelic acid	O=C(O)[C@H](O)c1ccccc1	OPSIN
R-prolinamide	NC(=O)[C@H]1CCCN1	OPSIN
R-α-Methyl benzylamine	C[C@@H](N)c1ccccc1	OPSIN
Rhodium tris-triphenylphosphine chloride	[Cl-].[Cl-].[Cl-].[Rh+3].c1ccc(P(c2ccccc2)c2ccccc2)cc1.c1ccc(P(c2ccccc2)c2ccccc2)cc1.c1ccc(P(c2ccccc2)c2ccccc2)cc1	OPSIN
Sodium nitride	[N-3].[Na+].[Na+].[Na+]	OPSIN
Sodium t-Butylate	CC(C)(C)[O-].[Na+]	OPSIN
Sodium tert-butylat	CC(C)(C)[O-].[Na+]	OPSIN
Sodium tert.-butylat	CC(C)(C)[O-].[Na+]	OPSIN
TMS-ethyl	[CH2]C[Si](C)(C)C	OPSIN
Tetrahydrofuran-ethyl acetate	C1CCOC1.CCOC(C)=O	OPSIN
Tetrakis triphenylphosphane palladium (0)	[Pd].c1ccc(P(c2ccccc2)c2ccccc2)cc1.c1ccc(P(c2ccccc2)c2ccccc2)cc1.c1ccc(P(c2ccccc2)c2ccccc2)cc1.c1ccc(P(c2ccccc2)c2ccccc2)cc1	OPSIN
Tetrakis triphenylphosphine palladium(0)	[Pd].c1ccc(P(c2ccccc2)c2ccccc2)cc1.c1ccc(P(c2ccccc2)c2ccccc2)cc1.c1ccc(P(c2ccccc2)c2ccccc2)cc1.c1ccc(P(c2ccccc2)c2ccccc2)cc1	OPSIN
Tetrakis-triphenylphosphine palladium(0)	[Pd].c1ccc(P(c2ccccc2)c2ccccc2)cc1.c1ccc(P(c2ccccc2)c2ccccc2)cc1.c1ccc(P(c2ccccc2)c2ccccc2)cc1.c1ccc(P(c2ccccc2)c2ccccc2)cc1	OPSIN
Tetrakis-triphenylphosphine palladium-(0)	[Pd].c1ccc(P(c2ccccc2)c2ccccc2)cc1.c1ccc(P(c2ccccc2)c2ccccc2)cc1.c1ccc(P(c2ccccc2)c2ccccc2)cc1.c1ccc(P(c2ccccc2)c2ccccc2)cc1	OPSIN
Tetrazolyl	[c]1nnn[nH]1	OPSIN
Trans-(±)-5-(4-fluorophenyl)-2-(1-methyl-ethyl)-N,4-diphenyl-1-[2-(tetrahydro-4-hydroxy-6-oxo-2H-pyran-2-yl)ethyl]-1 H-pyrrole-3-carboxamide	CC(C)c1c(C(=O)Nc2ccccc2)c(-c2ccccc2)c(-c2ccc(F)cc2)n1CC[C@H]1C[C@H](O)CC(=O)O1	OPSIN
Tri(dibenzylideneacetone) dipalladium	O=C(C=Cc1ccccc1)C=Cc1ccccc1.O=C(C=Cc1ccccc1)C=Cc1ccccc1.O=C(C=Cc1ccccc1)C=Cc1ccccc1.[Pd].[Pd]	OPSIN
Trimethylammonium (2S,5R)-3-(((tert-butyldimethylsilyl)oxy)methyl)-2-carbamoyl-7-oxo-1,6-diazabicyclo[3.2.1]oct-3-en-6-yl sulfate sodium salt	CC(C)(C)[Si](C)(C)OCC1=C[C@@H]2CN(C(=O)N2OS(=O)(=O)[O-])[C@@H]1C(N)=O.C[NH+](C)C.[Na]	OPSIN
Trinitromethyl	O=[N+]([O-])[C]([N+](=O)[O-])[N+](=O)[O-]	OPSIN
Triphenylene and N-bromosuccinimide	O=C1CCC(=O)N1Br.c1ccc2c(c1)c1ccccc1c1ccccc21	OPSIN
Tris dibenzylideneacetone dipalladium (0)	O=C(C=Cc1ccccc1)C=Cc1ccccc1.O=C(C=Cc1ccccc1)C=Cc1ccccc1.O=C(C=Cc1ccccc1)C=Cc1ccccc1.[Pd].[Pd]	OPSIN
Tris(2-methoxyphenyl)phosphine	COc1ccccc1P(c1ccccc1OC)c1ccccc1OC	OPSIN
Tris(4-trifluoromethylphenyl) phosphine	FC(F)(F)c1ccc(P(c2ccc(C(F)(F)F)cc2)c2ccc(C(F)(F)F)cc2)cc1	OPSIN
Tris-(2-carboxylethyl)phosphine hydrochloride	Cl.O=C(O)CCP(CCC(=O)O)CCC(=O)O	OPSIN
Tris-(dibenzylidenaceton) dipalladium(0)	O=C(C=Cc1ccccc1)C=Cc1ccccc1.O=C(C=Cc1ccccc1)C=Cc1ccccc1.O=C(C=Cc1ccccc1)C=Cc1ccccc1.[Pd].[Pd]	OPSIN
Tris-dibenzylideneacetone dipalladium (II)	O=C(C=Cc1ccccc1)C=Cc1ccccc1.O=C(C=Cc1ccccc1)C=Cc1ccccc1.O=C(C=Cc1ccccc1)C=Cc1ccccc1.[Pd+2].[Pd+2]	OPSIN
Tris-imidazole sodium acetate	CC(=O)[O-].[Na+].c1c[nH]cn1.c1c[nH]cn1.c1c[nH]cn1	OPSIN
[(1R)-3-hydroxy-1-methylpropyl]oxy	C[C@@H]([O])CCO	OPSIN
[(3S,4S,5R,6S)-3,4,5-tribenzyl-oxy-6-[4-chloro-3-[[4-(2,2-difluoroethoxy)phenyl]methyl]phenyl]-2-(hydroxymethyl)-6-methoxy-tetrahydropyran-2-yl]methanol	CO[C@@]1(c2ccc(Cl)c(Cc3ccc(OCC(F)F)cc3)c2)OC(CO)(CO)[C@@H](OCc2ccccc2)[C@H](OCc2ccccc2)[C@H]1OCc1ccccc1	OPSIN
[1-14C]decanoic acid	CCCCCCCCC[14C](=O)O	OPSIN
[11C]-methyl iodide	[11CH3]I	OPSIN
[13C6]-Benzene	[13cH]1[13cH][13cH][13cH][13cH][13cH]1	OPSIN
[6-3H]galactose	[3H]C(O)[C@@H](O)[C@H](O)[C@H](O)[C@@H](O)C=O	OPSIN
[9,10-3H]palmitic acid	[3H]C(CCCCCC)C([3H])CCCCCCCC(=O)O	OPSIN
[I,I-Bis(trifluoroacetoxy)iodo]benzene	O=C(OI(OC(=O)C(F)(F)F)c1ccccc1)C(F)(F)F	OPSIN
acenaphthylene heptacarbonyl ruthenium	C1=Cc2cccc3cccc1c23.O=[C]=[Ru](=[C]=O)(=[C]=O)(=[C]=O)(=[C]=O)(=[C]=O)=[C]=O	OPSIN
acetamidrazone hydriodide	CC(=N)NN.I	OPSIN
acetamino	CC([NH])=O	OPSIN
acetoacetyl	CC(=O)C[C]=O	OPSIN
acetyl genistin	CC(=O)OC[C@H]1O[C@@H](Oc2cc(O)c3c(=O)c(-c4ccc(O)cc4)coc3c2)[C@H](O)[C@@H](O)[C@@H]1O	OPSIN
acetylthio	CC(=O)[S]	OPSIN
acroyl chloride	C=CC(=O)Cl	OPSIN
acryl	C=C[C]=O	OPSIN
allyloxycarbonyl	C=CCO[C]=O	OPSIN
alumina acetone	C[C](=O)[AlH2]	OPSIN
alumina chloroform	[Cl][Al]([Cl])[Cl]	OPSIN
alumina ethyl acetate methanol	CO.[CH3][AlH][O]C(C)=O	OPSIN
amino ethyl	[CH2]CN	OPSIN
aminoazo	[N]=NN	OPSIN
anthracenyl-methyl	[CH2]c1cccc2cc3ccccc3cc12	OPSIN
arabinofuranosyl	OC[C@H]1O[CH][C@@H](O)[C@@H]1O	OPSIN
argentic oxide	[Ag+2].[O-2]	OPSIN
azidomethyl	[CH2]N=[N+]=[N-]	OPSIN
benzamidomethylthio	O=C(NC[S])c1ccccc1	OPSIN
benzene	c1ccccc1	OPSIN
benzyl glycinate, p-toluenesulfonic acid salt	Cc1ccc(S(=O)(=O)O)cc1.NCC(=O)OCc1ccccc1	OPSIN
benzyl methylene	[CH]Cc1ccccc1	OPSIN
bicyclo[2.2.1]-2-hepten-2-ylboronic acid	OB(O)C1=CC2CCC1C2	OPSIN
bis methoxymethyl	CO[CH]OC	OPSIN
bis trimethyl-silyl trifluoroacetamide	C[Si](C)(C)N(C(=O)C(F)(F)F)[Si](C)(C)C	OPSIN
bis triphenylphosphine palladium	[Pd].c1ccc(P(c2ccccc2)c2ccccc2)cc1.c1ccc(P(c2ccccc2)c2ccccc2)cc1	OPSIN
bis triphenylphosphine palladium (II) chloride	[Cl][Pd][Cl].c1ccc(P(c2ccccc2)c2ccccc2)cc1.c1ccc(P(c2ccccc2)c2ccccc2)cc1	OPSIN
bis triphenylphosphine palladium(II) dichloride	[Cl][Pd][Cl].c1ccc(P(c2ccccc2)c2ccccc2)cc1.c1ccc(P(c2ccccc2)c2ccccc2)cc1	OPSIN
bis triphenylphosphine palladiumdichloride	[Cl][Pd][Cl].c1ccc(P(c2ccccc2)c2ccccc2)cc1.c1ccc(P(c2ccccc2)c2ccccc2)cc1	OPSIN
bis(2,6-di-t-butyl-4-methylphenyl)pentaerythritol di-phosphite	Cc1cc(C(C)(C)C)c(C(O)(c2c(C(C)(C)C)cc(C)cc2C(C)(C)C)C(CO)(CO)CO)c(C(C)(C)C)c1.OP(O)O.OP(O)O	OPSIN
bis(2-heptylundecyl) phosphoric chloride	CCCCCCCCCC(CCCCCCC)COP(=O)(Cl)OCC(CCCCCCC)CCCCCCCCC	OPSIN
bis(benzylideneacetone) palladium(0)	CC(=O)C=Cc1ccccc1.CC(=O)C=Cc1ccccc1.[Pd]	OPSIN
bis(di-tert-butyl(4-ethylaminophenyl)phosphine) dichloropalladium(ii)	CCNc1ccc(P(C(C)(C)C)C(C)(C)C)cc1.CCNc1ccc(P(C(C)(C)C)C(C)(C)C)cc1.[Cl][Pd][Cl]	OPSIN
bis(diphenylphosphinoethane) nickel dichloride	CCP(c1ccccc1)c1ccccc1.CCP(c1ccccc1)c1ccccc1.[Cl][Ni][Cl]	OPSIN
bis(diphenylphosphinoferrocene) palladium dichloride	[Cl][Pd][Cl].[Fe+2].[Fe+2].c1cc[cH-]c1.c1cc[cH-]c1.c1ccc(P(c2ccccc2)[c-]2cccc2)cc1.c1ccc(P(c2ccccc2)[c-]2cccc2)cc1	OPSIN
bis(p-chlorophenyl) methyl n-butyl sulfoxide	CCCCS(=O)C(c1ccc(Cl)cc1)c1ccc(Cl)cc1	OPSIN
bis(tri-t-butyl-phosphine) palladium	CC(C)(C)P(C(C)(C)C)C(C)(C)C.CC(C)(C)P(C(C)(C)C)C(C)(C)C.[Pd]	OPSIN
bis(tricyclohexylphosphine) benzylidene-ruthenium(IV) dichloride	C1CCC(P(C2CCCCC2)C2CCCCC2)CC1.C1CCC(P(C2CCCCC2)C2CCCCC2)CC1.[Cl][Ru]([Cl])=[CH]c1ccccc1	OPSIN
bis(trifluoromethanesulfonic)anhydride	O=S(=O)(OS(=O)(=O)C(F)(F)F)C(F)(F)F	OPSIN
bis(trimethylaluminum) 1,4-diazabicyclo[2.2.2]-octane	C1CN2CCN1CC2.[CH3][Al]([CH3])[CH3].[CH3][Al]([CH3])[CH3]	OPSIN
bis(triscyclohexyl-phosphine) palladium(II) dichloride	C1CCC(P(C2CCCCC2)C2CCCCC2)CC1.C1CCC(P(C2CCCCC2)C2CCCCC2)CC1.[Cl][Pd][Cl]	OPSIN
bis-dibenzylideneaceton palladium (0)	O=C(C=Cc1ccccc1)C=Cc1ccccc1.O=C(C=Cc1ccccc1)C=Cc1ccccc1.[Pd]	OPSIN
bis-dichlorotriphenylphosphine palladium(II)	Clc1cccc(P(c2ccccc2)c2ccccc2)c1Cl.Clc1cccc(P(c2ccccc2)c2ccccc2)c1Cl.[Pd+2]	OPSIN
bis-maleate phthalate	O=C(O)/C=C\C(=O)O.O=C(O)/C=C\C(=O)O.O=C(O)c1ccccc1C(=O)O	OPSIN
bis-tri-tert-butylphosphine palladium (0)	CC(C)(C)P(C(C)(C)C)C(C)(C)C.CC(C)(C)P(C(C)(C)C)C(C)(C)C.[Pd]	OPSIN
bis-trifluoroacetic anhydride	O=C(OC(=O)C(F)(F)F)C(F)(F)F	OPSIN
bis-triphenyl phosphine palladium (II) chloride	[Cl][Pd][Cl].c1ccc(P(c2ccccc2)c2ccccc2)cc1.c1ccc(P(c2ccccc2)c2ccccc2)cc1	OPSIN
bis-triphenylphosphane palladium(II)-chloride	[Cl][Pd][Cl].c1ccc(P(c2ccccc2)c2ccccc2)cc1.c1ccc(P(c2ccccc2)c2ccccc2)cc1	OPSIN
bis-triphenylphosphine palladium	[Pd].c1ccc(P(c2ccccc2)c2ccccc2)cc1.c1ccc(P(c2ccccc2)c2ccccc2)cc1	OPSIN
bis-triphenylphosphine palladium(II)-dichloride	[Cl][Pd][Cl].c1ccc(P(c2ccccc2)c2ccccc2)cc1.c1ccc(P(c2ccccc2)c2ccccc2)cc1	OPSIN
bis-triphenylphosphine palladium-dichloride	[Cl][Pd][Cl].c1ccc(P(c2ccccc2)c2ccccc2)cc1.c1ccc(P(c2ccccc2)c2ccccc2)cc1	OPSIN
bisdichloro(triphenylphosphine) palladium	Clc1cccc(P(c2ccccc2)c2ccccc2)c1Cl.Clc1cccc(P(c2ccccc2)c2ccccc2)c1Cl.[Pd]	OPSIN
bistetrabutyl ammonium chromate	CCCC[N+](CCCC)(CCCC)CCCC.CCCC[N+](CCCC)(CCCC)CCCC.[O]=[Cr](=[O])([O-])[O-]	OPSIN
bistriphenyl phosphine palladium dichloride	[Cl][Pd][Cl].c1ccc(P(c2ccccc2)c2ccccc2)cc1.c1ccc(P(c2ccccc2)c2ccccc2)cc1	OPSIN
bistriphenylphosphine dichloride	[Cl-].[Cl-].c1ccc(P(c2ccccc2)c2ccccc2)cc1.c1ccc(P(c2ccccc2)c2ccccc2)cc1	OPSIN
bistriphenylphosphine palladium (II) dichloride	[Cl][Pd][Cl].c1ccc(P(c2ccccc2)c2ccccc2)cc1.c1ccc(P(c2ccccc2)c2ccccc2)cc1	OPSIN
bistriphenylphosphine palladium diacetate	CC(=O)[O-].CC(=O)[O-].[Pd+2].c1ccc(P(c2ccccc2)c2ccccc2)cc1.c1ccc(P(c2ccccc2)c2ccccc2)cc1	OPSIN
bistriphenylphosphine palladiumdichloride	[Cl][Pd][Cl].c1ccc(P(c2ccccc2)c2ccccc2)cc1.c1ccc(P(c2ccccc2)c2ccccc2)cc1	OPSIN
bromoacetyl	O=[C]CBr	OPSIN
bromoethyl	[CH2]CBr	OPSIN
butanol-toluene	CCCCO.Cc1ccccc1	OPSIN
butyloxycarbonyl	CCCCO[C]=O	OPSIN
calcium tert-butylate	CC(C)(C)[O-].CC(C)(C)[O-].[Ca+2]	OPSIN
camphorylsulfonyloxaziridine	CC1([C]=O)CCC(C(=O)S(=O)(=O)N2CO2)C1(C)C	OPSIN
carbamoyl	N[C]=O	OPSIN
carbamyl	N[C]=O	OPSIN
carbethoxy	CCO[C]=O	OPSIN
carbobenzoxy	O=[C]OCc1ccccc1	OPSIN
carbomethoxy	CO[C]=O	OPSIN
carboxyethyl	[CH2]CC(=O)O	OPSIN
carboxyl carbonyl	O=[C]C(=O)O	OPSIN
carboxyl chloride	O=C(O)Cl	OPSIN
chloroacetyl	O=[C]CCl	OPSIN
chloroform methanol-dioxan	C1COCCO1.CO.ClC(Cl)Cl	OPSIN
chlorosulfonyl	O=[S](=O)Cl	OPSIN
chromic sulfate	O=S(=O)([O-])[O-].O=S(=O)([O-])[O-].O=S(=O)([O-])[O-].[Cr+3].[Cr+3]	OPSIN
chromic sulfate hydrate	O.O=S(=O)([O-])[O-].O=S(=O)([O-])[O-].O=S(=O)([O-])[O-].[Cr+3].[Cr+3]	OPSIN
chromium trioxide dipyridine	[Cr+6].[O-2].[O-2].[O-2].c1ccncc1.c1ccncc1	OPSIN
cis 1-methyl-3-(2-methylpropyl)cyclohexan-1-ol	CC(C)C[C@H]1CCC[C@@](C)(O)C1	OPSIN
cis-1-benzyl-3-methyl-4-hydroxy-4-(2-methylbenzofur-7-yl)piperidine	Cc1cc2cccc([C@]3(O)CCN(Cc4ccccc4)C[C@H]3C)c2o1	OPSIN
cis-1-phenyl-2-phospholanemethanol-1-oxide	O=[P@@]1(c2ccccc2)CCC[C@H]1CO	OPSIN
cis-N-{4-[4-{4-[2-(2,4-dichlorophenyl)-2-(1H-imidazol-1-ylmethyl)-1,3-dioxolan-4-ylmethoxy]phenyl}-1-piperazinyl]phenyl}hydrazinecarboxamide	NNC(=O)Nc1ccc(N2CCN(c3ccc(OC[C@H]4CO[C@](Cn5ccnc5)(c5ccc(Cl)cc5Cl)O4)cc3)CC2)cc1	OPSIN
cobaltic oxide	[O]=[Co+]	OPSIN
cobaltous 2-ethyl hexanoate	CCCCCC(=O)OCC.[Co+2]	OPSIN
cobaltous carbonate	O=C([O-])[O-].[Co+2]	OPSIN
cobaltous trifluoroacetate tetrahydrate	O.O.O.O.O=C([O-])C(F)(F)F.O=C([O-])C(F)(F)F.[Co+2]	OPSIN
cupric carbonate dihydroxide	O=C([O-])[O-].[Cu+2].[Cu+2].[OH-].[OH-]	OPSIN
cupric fluoride dihydrate	O.O.[F][Cu][F]	OPSIN
cupric sulfate monohydrate	O.O=S(=O)([O-])[O-].[Cu+2]	OPSIN
cupric sulfide	[S]=[Cu]	OPSIN
cupric(II)-acetate	CC(=O)[O-].CC(=O)[O-].[Cu+2]	OPSIN
cuprous bromid	[Cu][Br]	OPSIN
cuprous bromide dimethyl sulfide	CSC.[Cu][Br]	OPSIN
cuprous bromide dimethylsulfide	CSC.[Cu][Br]	OPSIN
cuprous hydrochloride	Cl.[Cu+]	OPSIN
cuprous iodide trimethyl phosphite	COP(OC)OC.[Cu][I]	OPSIN
cuprous iodide-	[Cu][I]	OPSIN
cuprous sulfate sulfuric acid	O=S(=O)(O)O.O=S(=O)([O-])[O-].[Cu+].[Cu+]	OPSIN
cuprous(I) iodide	[Cu][I]	OPSIN
cyanobenzoyl	N#Cc1ccccc1[C]=O	OPSIN
cyanomethyl	[CH2]C#N	OPSIN
cyanomethylamino	N#CC[NH]	OPSIN
cyclobutyl	[CH]1CCC1	OPSIN
cyclooctyl	[CH]1CCCCCCC1	OPSIN
cyclopropyl carbonic acid chloride	O=C(Cl)OC1CC1	OPSIN
deazahypoxanthine	O=C1CC=Nc2nc[nH]c21	OPSIN
di(triphenylphosphine) palladium	[Pd].c1ccc(P(c2ccccc2)c2ccccc2)cc1.c1ccc(P(c2ccccc2)c2ccccc2)cc1	OPSIN
di-iso-propylazodicarboxylate	CC(C)OC(=O)N=NC(=O)OC(C)C	OPSIN
di-nitrogen	N#N	OPSIN
di-t-butylazo dicarboxylate	CC(C)(C)OC(=O)N=NC(=O)OC(C)(C)C	OPSIN
di-t-butylnitroxide	CC(C)(C)N([O])C(C)(C)C	OPSIN
di-triphenylphosphine palladium(II) chloride	[Cl][Pd][Cl].c1ccc(P(c2ccccc2)c2ccccc2)cc1.c1ccc(P(c2ccccc2)c2ccccc2)cc1	OPSIN
diazabicyclo octane	C1CCCC(N2CCCCCCN2)CCC1	OPSIN
diazabicyclo-undecene	C1=C(C2=NNCCCCCCCC2)CCCCCCCCC1	OPSIN
diazabicyclo[5,4,0]-7-undecene	C1=C2CCCCNN2CCC1	OPSIN
diazabicyclo[5.4.0]-7-undecene	C1=C2CCCCNN2CCC1	OPSIN
diazoacetyl	[N-]=[N+]=C[C]=O	OPSIN
dibromomethyl	Br[CH]Br	OPSIN
dichloride palladium(ii)	[Cl-].[Cl-].[Pd+2]	OPSIN
dichloride succinate	O=C([O-])CCC(=O)[O-].[Cl-].[Cl-]	OPSIN
dichlorocarbene	Cl[C]Cl	OPSIN
dichloromethane tetrahydrofuran-ethyl acetate	C1CCOC1.CCOC(C)=O.ClCCl	OPSIN
dichloromethylene methanol	OC=C(Cl)Cl	OPSIN
dichloropalladium bistriphenylphosphine	[Cl][Pd][Cl].c1ccc(P(c2ccccc2)c2ccccc2)cc1.c1ccc(P(c2ccccc2)c2ccccc2)cc1	OPSIN
dichloropalladium(II) bistriphenylphosphine	[Cl][Pd][Cl].c1ccc(P(c2ccccc2)c2ccccc2)cc1.c1ccc(P(c2ccccc2)c2ccccc2)cc1	OPSIN
dicyclohexyl carbonyl urea	O=C(NC(=O)C1CCCCC1)NC(=O)C1CCCCC1	OPSIN
diethane hexane	CC.CC.CCCCCC	OPSIN
diethanol adipic acid	CCO.CCO.O=C(O)CCCCC(=O)O	OPSIN
diethyl acetyl	CCC([C]=O)CC	OPSIN
diethyl ether ethyl acetate	CCOC(C)=O.CCOCC	OPSIN
diethyl ethyl	CC[C](C)CC	OPSIN
diethylamine 6-(1-aminocyclohexanecarboxamido)penicillanate	CC1(C)S[C@@H]2C(NC(=O)C3(N)CCCCC3)C(=O)N2[C@H]1C(=O)O.CCNCC	OPSIN
diethylphosphoric acid ethyl ester	CCOP(=O)(OCC)OCC	OPSIN
difluorotriazinyl	Fc1n[c]nc(F)n1	OPSIN
dihydropyridyl	C1=CC[N]C=C1	OPSIN
dihydroxyethylenepropylene	[CH2]CC(O)(O)[CH]C	OPSIN
diisopropylazodi-carboxylate	CC(C)OC(=O)N=NC(=O)OC(C)C	OPSIN
dimethoxybenzyl	CO[C](OC)c1ccccc1	OPSIN
dimethyl (1R)-1-[(N-benzyl-oxycarbonyl-L-alanyl)]-benzylphosphonate	COP(=O)(C[C@@]1(C(=O)[C@H](C)NC(=O)OCc2ccccc2)C=CC=CC1)OC	OPSIN
dimethyl formamide	CN(C)C=O	OPSIN
dimethyl siloxane	C[Si](C)[O]	OPSIN
dimethyl-ethoxy-magnesium-malonate	CC(C)(C)[O][Mg+2].O=C([O-])CC(=O)[O-]	OPSIN
dimethylaminosulfonyl	CN(C)[S](=O)=O	OPSIN
dimethylazodicarboxylate	COC(=O)N=NC(=O)OC	OPSIN
dimethylsilyl	C[SiH]C	OPSIN
dimorpholine methane	C.C1COCCN1.C1COCCN1	OPSIN
dinitrogen	N#N	OPSIN
diphenyl phosphoric acid azide	[N-]=[N+]=NP(=O)(Oc1ccccc1)Oc1ccccc1	OPSIN
dipyridine chromium-(VI)-oxide	[Cr+6].[O-2].[O-2].[O-2].c1ccncc1.c1ccncc1	OPSIN
ditertbutylazodicarboxylate	CC(C)(C)OC(=O)N=NC(=O)OC(C)(C)C	OPSIN
ditriphenylphosphine palladium (II) dichloride	[Cl][Pd][Cl].c1ccc(P(c2ccccc2)c2ccccc2)cc1.c1ccc(P(c2ccccc2)c2ccccc2)cc1	OPSIN
ethanol	CCO	OPSIN
ethanolamine	NCCO	OPSIN
ethoxy ethylene malononitrile	C=COCC.N#CCC#N	OPSIN
ethoxy-carbonyl	CCO[C]=O	OPSIN
ethoxycarbonyl	CCO[C]=O	OPSIN
ethoxyethyl	[CH2]COCC	OPSIN
ethoxymagnesium ethyl malonate	CCOC(=O)CC(=O)[O-].CC[O][Mg+]	OPSIN
ethoxymethyl	[CH2]OCC	OPSIN
ethoxyvinyl	[CH]=COCC	OPSIN
ethyl 2-ethoxy	CCCC[O]	OPSIN
ethyl R-(+)-3-butyryloxypentanate	CCCC(=O)O[C@H](CC)CC(=O)OCC	OPSIN
ethyl acetate dichloroform	CCOC(C)=O.ClC(Cl)Cl.ClC(Cl)Cl	OPSIN
ethyl oxalic acid chloride	CCOC(=O)C(=O)Cl	OPSIN
ethyl thionoformate	CCOC=S	OPSIN
ethylbenzyl	CC[CH]c1ccccc1	OPSIN
ethylene and vinyl chloride	C=C.C=CCl	OPSIN
ethylene-propylene	[CH2]CC[CH]C	OPSIN
ferric acetate	CC(=O)[O-].CC(=O)[O-].CC(=O)[O-].[Fe+3]	OPSIN
ferric bromide	[Br][Fe]([Br])[Br]	OPSIN
ferric chloride trihydrate	O.O.O.[Cl][Fe]([Cl])[Cl]	OPSIN
ferric chloride-hexahydrate	O.O.O.O.O.O.[Cl][Fe]([Cl])[Cl]	OPSIN
ferric citrate	O=C([O-])CC(O)(CC(=O)[O-])C(=O)[O-].[Fe+3]	OPSIN
ferric sulfate heptahydrate	O.O.O.O.O.O.O.O=S(=O)([O-])[O-].O=S(=O)([O-])[O-].O=S(=O)([O-])[O-].[Fe+3].[Fe+3]	OPSIN
ferric sulfate pentahydrate	O.O.O.O.O.O=S(=O)([O-])[O-].O=S(=O)([O-])[O-].O=S(=O)([O-])[O-].[Fe+3].[Fe+3]	OPSIN
ferric sulfite	O=S([O-])[O-].O=S([O-])[O-].O=S([O-])[O-].[Fe+3].[Fe+3]	OPSIN
ferric trichloride hexahydrate	O.O.O.O.O.O.[Cl][Fe]([Cl])[Cl]	OPSIN
ferrous ammonium sulphate hexahydrate	O.O.O.O.O.O.O=S(=O)([O-])[O-].[Fe+2].[NH4+]	OPSIN
ferrous oxide	[Fe+2].[O-2]	OPSIN
ferrous sulfite	O=S([O-])[O-].[Fe+2]	OPSIN
fluorenyl	[c]1cccc2c1Cc1ccccc1-2	OPSIN
fluorooxy	[O]F	OPSIN
fmoc	O=[C]OCC1c2ccccc2-c2ccccc21	OPSIN
formylmethylene	[CH]C=O	OPSIN
fumarate salt hemihydrate	O.O=C(O)/C=C/C(=O)O.O=C(O)/C=C/C(=O)O	OPSIN
glyceryl	[CH2]C(O)CO	OPSIN
glycidyl	[CH2]C1CO1	OPSIN
glycylphytyl hydrochloride	C/C(=C\C(Cl)C(=O)CN)CCC[C@H](C)CCC[C@H](C)CCCC(C)C	OPSIN
hexadecylmethacrylate	C=C(C)C(=O)OCCCCCCCCCCCCCCCC	OPSIN
hexamethylene phosphoramide	NP1(=O)NCCCCCCN1	OPSIN
hydrobromide hemi-isopropanolate	Br.Br.CC(C)[O-]	OPSIN
hydrochloride hemi-hydrate	Cl.Cl.O	OPSIN
hydrochloride salt hemi-hydrate	Cl.Cl.O	OPSIN
hydrochloride salt monohydrate	Cl.O	OPSIN
hydroxy acetyl	O=[C]CO	OPSIN
hydroxy amino	[NH]O	OPSIN
hydroxy ethyl	[CH2]CO	OPSIN
hydroxyacetyl	O=[C]CO	OPSIN
hydroxyethyl	[CH2]CO	OPSIN
hydroxyethylene and hydroxyethylamine	C=CO.NCCO	OPSIN
hydroxylethyl	[CH2]CO	OPSIN
hydroxylmethyl	[CH2]O	OPSIN
i-Amylnitrite	CC(C)CCON=O	OPSIN
i-amyl nitrite	CC(C)CCON=O	OPSIN
imidazoyl	O=[C]c1ncc[nH]1	OPSIN
iodo-benzene ditrifluoroacetate	Ic1ccccc1.O=C(O)C(F)(F)F.O=C(O)C(F)(F)F	OPSIN
iodoacetyl	O=[C]CI	OPSIN
iodophenyl	Ic1[c]cccc1	OPSIN
isocyano	[C-]#[N+]	OPSIN
isoleucine trifluoroacetate salt	CC[C@H](C)[C@H](N)C(=O)O.O=C(O)C(F)(F)F	OPSIN
isopropanyl hexane	CCCCCCC(C)C	OPSIN
isopropenyl	C=[C]C	OPSIN
isopropenyl isobutyrate	C=C(C)OC(=O)C(C)C	OPSIN
ketenimine	C=C=N	OPSIN
lithium bistrimethyl silyl amide	C[Si](C)(C)[NH-].C[Si](C)(C)[NH-].[Li+].[Li+]	OPSIN
lithium tert.-butylate	CC(C)(C)[O-].[Li+]	OPSIN
maleate salt hemihydrate	O.O=C(O)/C=C\C(=O)O.O=C(O)/C=C\C(=O)O	OPSIN
manganic sulfate	O=S(=O)([O-])[O-].O=S(=O)([O-])[O-].O=S(=O)([O-])[O-].[Mn+3].[Mn+3]	OPSIN
manganous acetate	CC(=O)[O-].CC(=O)[O-].[Mn+2]	OPSIN
manganous dimethyldithiocarbamate	CN(C)C(=S)[S-].CN(C)C(=S)[S-].[Mn+2]	OPSIN
manganous dioxide	[Mn+2].[O-][O-]	OPSIN
manganous oxide	[Mn+2].[O-2]	OPSIN
mercuric acetate methanol	CC(=O)[O-].CC(=O)[O-].CO.[Hg+2]	OPSIN
mercuric perchlorate	[Hg+2].[O-][Cl+3]([O-])([O-])[O-].[O-][Cl+3]([O-])([O-])[O-]	OPSIN
mercurous acetate	CC(=O)[O-].[Hg+]	OPSIN
mercurous iodide	[I][Hg]	OPSIN
mercurous trifluoroacetate	O=C([O-])C(F)(F)F.[Hg+]	OPSIN
mesyloxy	CS([O])(=O)=O	OPSIN
meta-pyrol	OC1=CC=COC1	OPSIN
methacryloyl	C=C(C)[C]=O	OPSIN
methanesulphonyloxy	CS([O])(=O)=O	OPSIN
methanol - benzene	CO.c1ccccc1	OPSIN
methanol-dioxan	C1COCCO1.CO	OPSIN
methanol-pyridine	CO.c1ccncc1	OPSIN
methanol—dioxane	C1COCCO1.CO	OPSIN
methanol—toluene	CO.Cc1ccccc1	OPSIN
methoxy-methyl	[CH2]OC	OPSIN
methoxycarbonyl	CO[C]=O	OPSIN
methoxyhydroxyl	CO[O]	OPSIN
methoxyimino	CO[N]	OPSIN
methoxymethyl	[CH2]OC	OPSIN
methoxymethyleneiminium methylsulphate	COC=[NH2+].COS(=O)(=O)[O-]	OPSIN
methoxyphenyl	COc1[c]cccc1	OPSIN
methyl amino hydrochloride	CNCl	OPSIN
methyl phenyl	Cc1[c]cccc1	OPSIN
methyl β-methyl-sulfonyloxyethyl ketone	CC(=O)CCOS(C)(=O)=O	OPSIN
methyl(phenylmethyl)amino	C[N]Cc1ccccc1	OPSIN
methyl-1-propyl-naphthalen-2-ylmethyl	C[CH]c1ccc2ccccc2c1CCC	OPSIN
methyl-R-lactate	COC(=O)[C@@H](C)O	OPSIN
methylene chloride acetone	CC(C)=O.ClCCl	OPSIN
methylene chloride diethyl ethyl methanol	CCC(O)(CC)CC.ClCCl	OPSIN
methyleneimino	[CH2][NH]	OPSIN
methylethylidene	C[C]C	OPSIN
methylsulfamoyl	CN[S](=O)=O	OPSIN
methylsulfinyl	C[S]=O	OPSIN
methyltrihydrophthalic anhydride	CC12C=CCCC1C(=O)OC2=O	OPSIN
molecular bromine	BrBr	OPSIN
molecular iodine	II	OPSIN
molecular nitrogen	N#N	OPSIN
molybdenum(IV) dichloride dioxide	[O]=[Mo-2](=[O])([Cl])[Cl]	OPSIN
mono-bromomethyl	[CH2]Br	OPSIN
monobromide-dibromide	[Br-].[Br-].[Br-]	OPSIN
monomethyl-2-R-butylsuccinic acid	CCCC[C@](C)(CC(=O)O)C(=O)O	OPSIN
monoresorcinol triazine	Oc1cccc(O)c1.c1ncncn1	OPSIN
n-amyl	[CH2]CCCC	OPSIN
n-amyl chloroacetate	CCCCCOC(=O)CCl	OPSIN
n-amyl-alcohol	CCCCCO	OPSIN
n-amylalcohol	CCCCCO	OPSIN
n-tridecyl	[CH2]CCCCCCCCCCCC	OPSIN
neopentyl	[CH2]C(C)(C)C	OPSIN
nickelous chloride	[Cl][Ni][Cl]	OPSIN
nitropyridyl	O=[N+]([O-])c1[c]nccc1	OPSIN
o-nitrobenzyl	[CH2]c1ccccc1[N+](=O)[O-]	OPSIN
o-tolyltriphenylphosphine	Cc1ccccc1-c1ccccc1P(c1ccccc1)c1ccccc1	OPSIN
octyl	[CH2]CCCCCCC	OPSIN
oxyiminoacetic acid	[O]N=CC(=O)O	OPSIN
p-chlorobenzylidene	[CH]c1ccc(Cl)cc1	OPSIN
p-fluorophenyl	Fc1cc[c]cc1	OPSIN
p-isopropenyl phenyl	C=C(C)c1cc[c]cc1	OPSIN
p-toluene sulfonate hydrate	Cc1ccc(S(=O)(=O)O)cc1.O	OPSIN
palladium (0) tetrakistriphenylphosphine	[Pd].c1ccc(P(c2ccccc2)c2ccccc2)cc1.c1ccc(P(c2ccccc2)c2ccccc2)cc1.c1ccc(P(c2ccccc2)c2ccccc2)cc1.c1ccc(P(c2ccccc2)c2ccccc2)cc1	OPSIN
palladium (II) bis-triphenylphosphine	[Pd+2].c1ccc(P(c2ccccc2)c2ccccc2)cc1.c1ccc(P(c2ccccc2)c2ccccc2)cc1	OPSIN
palladium (II) bis-triphenylphosphine dichloride	[Cl-].[Cl-].[Pd+2].c1ccc(P(c2ccccc2)c2ccccc2)cc1.c1ccc(P(c2ccccc2)c2ccccc2)cc1	OPSIN
palladium bis-(dibenzylidenacetone)	O=C(C=Cc1ccccc1)C=Cc1ccccc1.O=C(C=Cc1ccccc1)C=Cc1ccccc1.[Pd]	OPSIN
palladium bis-triphenylphosphine chloride	[Cl-].[Cl-].[Pd+2].c1ccc(P(c2ccccc2)c2ccccc2)cc1.c1ccc(P(c2ccccc2)c2ccccc2)cc1	OPSIN
palladium bistriphenylphosphine dichloride	[Cl-].[Cl-].[Pd+2].c1ccc(P(c2ccccc2)c2ccccc2)cc1.c1ccc(P(c2ccccc2)c2ccccc2)cc1	OPSIN
palladium tetratriphenylphosphine	[Pd].c1ccc(P(c2ccccc2)c2ccccc2)cc1.c1ccc(P(c2ccccc2)c2ccccc2)cc1.c1ccc(P(c2ccccc2)c2ccccc2)cc1.c1ccc(P(c2ccccc2)c2ccccc2)cc1	OPSIN
palmitoyl	CCCCCCCCCCCCCCC[C]=O	OPSIN
pentafluorophenyl	Fc1[c]c(F)c(F)c(F)c1F	OPSIN
phenyl methyl siloxan	C[Si]([O])c1ccccc1	OPSIN
phenyl propargyl aldehyde	O=CC#Cc1ccccc1	OPSIN
phenylboronic acid pinacol ester	CC1(C)OB(c2ccccc2)OC1(C)C	OPSIN
phosgene oxime	ON=C(Cl)Cl	OPSIN
phosphate	O=P([O-])([O-])[O-]	OPSIN
phosphoranylidene	P	OPSIN
phthaloylglycinamide oxime	NC(CNC(=O)c1ccccc1C(=O)O)=NO	OPSIN
piperidino	C1CC[N]CC1	OPSIN
pivaloyloxymethyl	[CH2]OC(=O)C(C)(C)C	OPSIN
potassium 6-[N-(1-methoxycarbonylpropen-2-yl)-D-α-amino-α-phenylacetamido]penicillanate	COC(=O)C=C(C)N(C(=O)[C@H](N)c1ccccc1)C1C(=O)N2[C@@H]1SC(C)(C)[C@@H]2C(=O)[O-].[K+]	OPSIN
potassium hydrophosphate	O=P([O-])([O-])O.[K+].[K+]	OPSIN
potassium phenylacetylide	[C-]#Cc1ccccc1.[K+]	OPSIN
potassium tert amylate	CCC(C)(C)[O-].[K+]	OPSIN
potassium tert-pentyl ate	CCC(C)(C)[O-].[K+]	OPSIN
potassium tert. -butylate	CC(C)(C)[O-].[K+]	OPSIN
potassium tert. pentylate	CCC(C)(C)[O-].[K+]	OPSIN
potassium tert.amylate	CCC(C)(C)[O-].[K+]	OPSIN
potassium tert.butylat	CC(C)(C)[O-].[K+]	OPSIN
potassium-t-amylat	CCC(C)(C)[O-].[K+]	OPSIN
potassium-tert butylate	CC(C)(C)[O-].[K+]	OPSIN
potassium-tert. butylate	CC(C)(C)[O-].[K+]	OPSIN
prolyl-2-chlorotrityl	O=C(c1cccc([C](c2ccccc2)c2ccccc2)c1Cl)[C@@H]1CCCN1	OPSIN
propargyl aldehyde	C#CC=O	OPSIN
propenyl	[CH]=CC	OPSIN
propylamino	CCC[NH]	OPSIN
pyrazolo[1,5-a]pyrimidin-3-ylmethylene	[CH]c1cnn2cccnc12	OPSIN
pyridyl	[c]1ccccn1	OPSIN
pyruvyl-amino	CC(=O)C([NH])=O	OPSIN
quinolinyl	[c]1ccc2ccccc2n1	OPSIN
siloxy	[O][SiH3]	OPSIN
sodium 6-(1-aminocyclohexanecarboxamido)penicillanate	CC1(C)S[C@@H]2C(NC(=O)C3(N)CCCCC3)C(=O)N2[C@H]1C(=O)[O-].[Na+]	OPSIN
sodium L(+)-ascorbate	O=C1O[C@H]([C@@H](O)CO)C([O-])=C1O.[Na+]	OPSIN
sodium cerous phosphate	O=P([O-])([O-])[O-].[Ce+3].[Na]	OPSIN
sodium cyclopentadienyl tetrahydrofuran	C1=CC(C2CCCO2)C=C1.[Na]	OPSIN
sodium imidazole-dioxane	C1COCCO1.[Na].c1c[nH]cn1	OPSIN
sodium t-butylate	CC(C)(C)[O-].[Na+]	OPSIN
sodium tert.amylate	CCC(C)(C)[O-].[Na+]	OPSIN
sodium tertiary-butylate	CC(C)(C)[O-].[Na+]	OPSIN
stannous 2-ethylhexanoate	CCCCC(CC)C(=O)[O-].CCCCC(CC)C(=O)[O-].[Sn+2]	OPSIN
stannous chloride decahydrate	O.O.O.O.O.O.O.O.O.O.[Cl][Sn][Cl]	OPSIN
stannous dichloride dihydrate	O.O.[Cl][Sn][Cl]	OPSIN
stannous tartrate	O=C([O-])C(O)C(O)C(=O)[O-].[Sn+2]	OPSIN
stannous tetrachloride	[Cl][Sn-2]([Cl])([Cl])[Cl]	OPSIN
stannouschloride dihydrate	O.O.[Cl][Sn][Cl]	OPSIN
stearyl glycidyl ether	CCCCCCCCCCCCCCCCCCOCC1CO1	OPSIN
sulfuric acid ceric sulfate	O=S(=O)(O)O.O=S(=O)([O-])[O-].O=S(=O)([O-])[O-].[Ce+4]	OPSIN
tert butylate	CC(C)(C)[O-]	OPSIN
tert butyldimethylsilyl	C[Si](C)C(C)(C)C	OPSIN
tert-Butyl	C[C](C)C	OPSIN
tert-Butyl (5-{3-[5-(trifluoromethoxy)-3,4-dihydro-1′H-spiro[chromene-2,4′-piperidin]-1′-yl]-4,5-dihydroisoxazol-5-yl}-2H-tetrazol-2-yl)acetate	CC(C)(C)OC(=O)Cn1nnc(C2CC(N3CCC4(CCc5c(OC(F)(F)F)cccc5O4)CC3)=NO2)n1	OPSIN
tert-Butyl 8-chloro-4-oxo-3,4-dihydro-1′H-spiro[chromene-2,4′-piperidine]-1′-carboxylate	CC(C)(C)OC(=O)N1CCC2(CC1)CC(=O)c1cccc(Cl)c1O2	OPSIN
tert-butoxycarbonylamino	CC(C)(C)OC([NH])=O	OPSIN
tert-butyl 7-(α-tert-butyloxy-carboxylphenylacetamido)-3-chloro-3-cephem-4-carboxylate	CC(C)(C)OC(=O)C1=C(Cl)CS[C@@H]2C(NC(=O)C(OC(C)(C)C)(C(=O)O)c3ccccc3)C(=O)N12	OPSIN
tert-butyl 8-chloro-4-hydroxy-3,4-dihydro-1′H-spiro[chromene-2,4′-piperidine]-1′-carboxylate	CC(C)(C)OC(=O)N1CCC2(CC1)CC(O)c1cccc(Cl)c1O2	OPSIN
tert-butyloxalic acid chloride	CC(C)(C)OC(=O)C(=O)Cl	OPSIN
tert.butylate	CC(C)(C)[O-]	OPSIN
tetra tridecyl 4,4'-butylidene bis-(3-methyl-6-t-butylphenol) di-phosphite	CCCCCCCCCCCCCC(C)C(CCCCCCCCCCCCC)(CCCCCCCCCCCCC)C(CCCCCCCCCCCCC)(c1cc(C(C)(C)C)c(O)cc1C)c1cc(C(C)(C)C)c(O)cc1C.OP(O)O.OP(O)O	OPSIN
tetra tridecyl 4,4′-butylidene bis-(3-methyl-6-t-butylphenol) di-phosphite	CCCCCCCCCCCCCC(C)C(CCCCCCCCCCCCC)(CCCCCCCCCCCCC)C(CCCCCCCCCCCCC)(c1cc(C(C)(C)C)c(O)cc1C)c1cc(C(C)(C)C)c(O)cc1C.OP(O)O.OP(O)O	OPSIN
tetrahydro-2H-pyran-2-yl	[CH]1CCCCO1	OPSIN
tetrahydropyranyloxy	[O]C1CCCCO1	OPSIN
tetrakis-tri-phenylphosphine palladium	[Pd].c1ccc(P(c2ccccc2)c2ccccc2)cc1.c1ccc(P(c2ccccc2)c2ccccc2)cc1.c1ccc(P(c2ccccc2)c2ccccc2)cc1.c1ccc(P(c2ccccc2)c2ccccc2)cc1	OPSIN
tetrakis-triphenyl-phosphane palladium	[Pd].c1ccc(P(c2ccccc2)c2ccccc2)cc1.c1ccc(P(c2ccccc2)c2ccccc2)cc1.c1ccc(P(c2ccccc2)c2ccccc2)cc1.c1ccc(P(c2ccccc2)c2ccccc2)cc1	OPSIN
tetrakis-triphenyl-phosphine palladium	[Pd].c1ccc(P(c2ccccc2)c2ccccc2)cc1.c1ccc(P(c2ccccc2)c2ccccc2)cc1.c1ccc(P(c2ccccc2)c2ccccc2)cc1.c1ccc(P(c2ccccc2)c2ccccc2)cc1	OPSIN
tetrakis-triphenylphosphin palladium	[Pd].c1ccc(P(c2ccccc2)c2ccccc2)cc1.c1ccc(P(c2ccccc2)c2ccccc2)cc1.c1ccc(P(c2ccccc2)c2ccccc2)cc1.c1ccc(P(c2ccccc2)c2ccccc2)cc1	OPSIN
tetrakis-triphenylphosphine palladium-(0)	[Pd].c1ccc(P(c2ccccc2)c2ccccc2)cc1.c1ccc(P(c2ccccc2)c2ccccc2)cc1.c1ccc(P(c2ccccc2)c2ccccc2)cc1.c1ccc(P(c2ccccc2)c2ccccc2)cc1	OPSIN
tetrakis[triphenylphosphine] palladium(II)	[Pd+2].c1ccc(P(c2ccccc2)c2ccccc2)cc1.c1ccc(P(c2ccccc2)c2ccccc2)cc1.c1ccc(P(c2ccccc2)c2ccccc2)cc1.c1ccc(P(c2ccccc2)c2ccccc2)cc1	OPSIN
thiadiazolyl	[c]1csnn1	OPSIN
thieno[2,3-c]pyridinyl	[c]1cc2ccncc2s1	OPSIN
thio-ether	O=S	OPSIN
thiocyano	N#C[S]	OPSIN
thionocarbonate	[O-]C([O-])=S	OPSIN
thionyl chloride	O=S(Cl)Cl	OPSIN
titanium (iv) n-butoxide	CCCC[O-].CCCC[O-].CCCC[O-].CCCC[O-].[Ti+4]	OPSIN
titanium tetra(n-butoxide)	CCCC[O-].CCCC[O-].CCCC[O-].CCCC[O-].[Ti+4]	OPSIN
titanium tetra-iso-prop oxide	CC(C)[O-].CC(C)[O-].CC(C)[O-].CC(C)[O-].[Ti+4]	OPSIN
titanium(IV) n-propoxide	CCC[O-].CCC[O-].CCC[O-].CCC[O-].[Ti+4]	OPSIN
titanium(VI) n-butoxide	CCCC[O-].CCCC[O-].CCCC[O-].CCCC[O-].CCCC[O-].CCCC[O-].[Ti+6]	OPSIN
toluene ethyl acetate	CCOC(C)=O.Cc1ccccc1	OPSIN
trans 1-({4-[1H-3-indolyl]cyclohexyl}carboxyl)-4-(2-pyridinyl)piperazine	O=C(O[C@H]1CC[C@H](c2c[nH]c3ccccc32)CC1)N1CCN(c2ccccn2)CC1	OPSIN
trans 2,6-dimethylmorpholin-4-yl	C[C@@H]1C[N]C[C@@H](C)O1	OPSIN
trans 6,7-dichloro-2,3-dihydro-2-methyl-4-(2-benzyloxyaminoethyl)-4H-1-benzopyran-4-carboxylate	C[C@H]1C[C@](CCNOCc2ccccc2)(C(=O)[O-])c2cc(Cl)c(Cl)cc2O1	OPSIN
trans 6,7-dichloro-2,3-dihydro-2-methyl-4-(2-propenyl)-4H-1-benzopyran-4carboxylate	C=CC[C@]1(C(=O)[O-])C[C@H](C)Oc2cc(Cl)c(Cl)cc21	OPSIN
trans-1-phenyl-2-phospholanemethanol-1-oxide	O=[P@]1(c2ccccc2)CCC[C@H]1CO	OPSIN
tri(dibenzylideneacetone) dipalladium	O=C(C=Cc1ccccc1)C=Cc1ccccc1.O=C(C=Cc1ccccc1)C=Cc1ccccc1.O=C(C=Cc1ccccc1)C=Cc1ccccc1.[Pd].[Pd]	OPSIN
tri-methyl silyl (TMS)	C[Si](C)C[Si](C)(C)C	OPSIN
tribromide boron	[B+3].[Br-].[Br-].[Br-]	OPSIN
trichloride 1,2-dichloroethane	ClCCCl.[Cl-].[Cl-].[Cl-]	OPSIN
trifluoromethyl	F[C](F)F	OPSIN
trimethylsilylethyloxycarbonyl	C[Si](C)(C)CCO[C]=O	OPSIN
trimethylstannyl	[CH3][Sn]([CH3])[CH3]	OPSIN
trinitromethyl	O=[N+]([O-])[C]([N+](=O)[O-])[N+](=O)[O-]	OPSIN
tris dibenzylideneacetone dipalladium	O=C(C=Cc1ccccc1)C=Cc1ccccc1.O=C(C=Cc1ccccc1)C=Cc1ccccc1.O=C(C=Cc1ccccc1)C=Cc1ccccc1.[Pd].[Pd]	OPSIN
tris triphenylphosphine rhodium (I) chloride	[Cl][Rh].c1ccc(P(c2ccccc2)c2ccccc2)cc1.c1ccc(P(c2ccccc2)c2ccccc2)cc1.c1ccc(P(c2ccccc2)c2ccccc2)cc1	OPSIN
tris triphenylphosphine rhodium chloride	[Cl][Rh]([Cl])[Cl].c1ccc(P(c2ccccc2)c2ccccc2)cc1.c1ccc(P(c2ccccc2)c2ccccc2)cc1.c1ccc(P(c2ccccc2)c2ccccc2)cc1	OPSIN
tris(benzylideneacetone) dipalladium (0)	CC(=O)C=Cc1ccccc1.CC(=O)C=Cc1ccccc1.CC(=O)C=Cc1ccccc1.[Pd].[Pd]	OPSIN
tris(dibenzylacetone) dipalladium (0)	CC(=O)C(Cc1ccccc1)Cc1ccccc1.CC(=O)C(Cc1ccccc1)Cc1ccccc1.CC(=O)C(Cc1ccccc1)Cc1ccccc1.[Pd].[Pd]	OPSIN
tris(dibenzylidenacetone) dipalladium	O=C(C=Cc1ccccc1)C=Cc1ccccc1.O=C(C=Cc1ccccc1)C=Cc1ccccc1.O=C(C=Cc1ccccc1)C=Cc1ccccc1.[Pd].[Pd]	OPSIN
tris(dibenzylidene-acetone) di-palladium	O=C(C=Cc1ccccc1)C=Cc1ccccc1.O=C(C=Cc1ccccc1)C=Cc1ccccc1.O=C(C=Cc1ccccc1)C=Cc1ccccc1.[Pd].[Pd]	OPSIN
tris-(2-carboxylethyl)phosphine hydrochloride	Cl.O=C(O)CCP(CCC(=O)O)CCC(=O)O	OPSIN
tris-(benzylideneacetone) dipalladium(0)	CC(=O)C=Cc1ccccc1.CC(=O)C=Cc1ccccc1.CC(=O)C=Cc1ccccc1.[Pd].[Pd]	OPSIN
tris-(di-benzylideneacetone) dipalladium	O=C(C=Cc1ccccc1)C=Cc1ccccc1.O=C(C=Cc1ccccc1)C=Cc1ccccc1.O=C(C=Cc1ccccc1)C=Cc1ccccc1.[Pd].[Pd]	OPSIN
tris-(dibenzylidene-aceton) dipalladium	O=C(C=Cc1ccccc1)C=Cc1ccccc1.O=C(C=Cc1ccccc1)C=Cc1ccccc1.O=C(C=Cc1ccccc1)C=Cc1ccccc1.[Pd].[Pd]	OPSIN
tris-(dibenzylidene-acetone) dipalladium	O=C(C=Cc1ccccc1)C=Cc1ccccc1.O=C(C=Cc1ccccc1)C=Cc1ccccc1.O=C(C=Cc1ccccc1)C=Cc1ccccc1.[Pd].[Pd]	OPSIN
tris-(dibenzylidene-acetone) dipalladium(0)	O=C(C=Cc1ccccc1)C=Cc1ccccc1.O=C(C=Cc1ccccc1)C=Cc1ccccc1.O=C(C=Cc1ccccc1)C=Cc1ccccc1.[Pd].[Pd]	OPSIN
tris-dibenzylidene acetone chloroform dipalladium (0)	ClC(Cl)Cl.O=C(C=Cc1ccccc1)C=Cc1ccccc1.O=C(C=Cc1ccccc1)C=Cc1ccccc1.O=C(C=Cc1ccccc1)C=Cc1ccccc1.[Pd].[Pd]	OPSIN
tris-dibenzylideneacetone di-palladium (0)	O=C(C=Cc1ccccc1)C=Cc1ccccc1.O=C(C=Cc1ccccc1)C=Cc1ccccc1.O=C(C=Cc1ccccc1)C=Cc1ccccc1.[Pd].[Pd]	OPSIN
tris-dibenzylideneacetone dipalladium (0)	O=C(C=Cc1ccccc1)C=Cc1ccccc1.O=C(C=Cc1ccccc1)C=Cc1ccccc1.O=C(C=Cc1ccccc1)C=Cc1ccccc1.[Pd].[Pd]	OPSIN
tris-dibenzylideneacetone dipalladium (II)	O=C(C=Cc1ccccc1)C=Cc1ccccc1.O=C(C=Cc1ccccc1)C=Cc1ccccc1.O=C(C=Cc1ccccc1)C=Cc1ccccc1.[Pd+2].[Pd+2]	OPSIN
tris-dibenzylideneacetone palladium(0)	O=C(C=Cc1ccccc1)C=Cc1ccccc1.O=C(C=Cc1ccccc1)C=Cc1ccccc1.O=C(C=Cc1ccccc1)C=Cc1ccccc1.[Pd]	OPSIN
tris-triphenylphosphine rhodium chloride	[Cl][Rh]([Cl])[Cl].c1ccc(P(c2ccccc2)c2ccccc2)cc1.c1ccc(P(c2ccccc2)c2ccccc2)cc1.c1ccc(P(c2ccccc2)c2ccccc2)cc1	OPSIN
trisdibenzylidene acetone dipalladium(0)	O=C(C=Cc1ccccc1)C=Cc1ccccc1.O=C(C=Cc1ccccc1)C=Cc1ccccc1.O=C(C=Cc1ccccc1)C=Cc1ccccc1.[Pd].[Pd]	OPSIN
trisdibenzylideneacetone-bispalladium	O=C(C=Cc1ccccc1)C=Cc1ccccc1.O=C(C=Cc1ccccc1)C=Cc1ccccc1.O=C(C=Cc1ccccc1)C=Cc1ccccc1.[Pd].[Pd]	OPSIN
undecyl aldehyde	CCCCCCCCCCC=O	OPSIN
vinylidene	[C]=C	OPSIN
water ethyl acetate	CCOC(C)=O.O	OPSIN
xylofuranosyl	OC[C@H]1O[CH][C@H](O)[C@H]1O	OPSIN
{N-[2-(methoxymethoxy)ethyl)]carbamoyloxymethyl	[CH2]OC(=O)NCCOCOC	OPSIN
