count	name
14969	solid
3387	oil
2444	crude product
2056	product
1857	hexanes ethyl acetate
1661	hydrochloride salt
1364	powder
1204	foam
1107	EtOAc hexanes
945	EtOAc-hexanes
871	ethyl acetate hexanes
845	title compound
775	crystals
649	desired product
628	compound
615	SiO2
448	material
394	mixture
387	white solid
334	residue
320	dimethyl acetal
300	liquid
287	gum
265	methyl ester
242	solution
203	ester
180	hexanes EtOAc
177	eluent
171	crystal
168	yellow solid
167	desired compound
165	desired material
160	EtOAc Hexanes
158	alcohol
156	acetate salt
156	crude residue
153	Grignard reagent
138	amine
135	hydrate
121	di-TFA
112	base
110	ethyl ester
101	crude material
99	white crystals
98	final product
96	Heck product with cycooctadiene 1
96	Heck product with cycooctadiene 2
96	Reduced styrene dimer
96	Reduced styrene dimer 2
96	Regioisomer 1
96	Regioisomer 10
96	Regioisomer 2
96	Regioisomer 3
96	Regioisomer 4
96	Regioisomer 5
96	Regioisomer 6
96	Regioisomer 7
96	Regioisomer 8
96	Regioisomer 9
96	Styrene dimer 1
96	Styrene dimer 2
96	Unidentified compound 1
96	Unidentified compound 2
96	Unknown compound 3
96	Unknown Product 4
90	title compounds
88	desired intermediate
87	ethyl acetate petroleum ether
87	needles
86	amide
85	hexanes ether
80	monohydrate
80	pure product
79	10
75	syrup
73	dimaleate
73	II
69	free base
68	1-a
68	Hexanes EtOAc
66	crude oil
66	ethyl acetate-hexanes
66	petroleum ether ethyl acetate
64	aldehyde
64	mono-TFA
63	off-white solid
63	solids
62	hexanes diethyl ether
61	30
61	( d )
61	intermediate
59	hydrogen chloride salt
59	ketone
57	purple solid
56	crude mixture
55	15
55	ammonium salt
54	20
54	aqueous solution
53	diethyl acetal
53	EtOAc—hexanes
52	13
52	carboxylic acid
52	hemihydrate
52	hydrobromide salt
52	m-phenoxybenzyl ester
52	oxalate salt
51	sulfonamide
50	17
48	starting material
47	Formula III
47	oxime
46	salt
45	( 2 )
45	crude compound
45	crude intermediate
44	anhydride
44	expected product
44	yield
42	( 3 )
42	diazonium salt
42	III
42	yellow oil
41	21
41	( b )
40	acid chloride
40	crude base
39	colorless oil
39	imine
38	14
38	40S
38	sulfuric acid ester
37	colorless solid
37	DCM DCM[90] MeOH[7] NH4OH[3]
37	ethylene ketal
36	12
36	brown solid
36	resin
36	white powder
35	( 5 )
35	orange solid
35	oxide
35	polyester
34	18
34	2
34	P(HCOOH)
34	precipitate
33	diol
33	silica gel
33	target compound
32	clear oil
32	dihydrate
32	( I )
32	tan solid
32	yellowish solid
31	dihydrobromide
31	enol
31	light yellow solid
31	pale yellow solid
31	yellow liquid
30	23
30	CH2Cl2 hexanes
30	ether hexanes
30	glass
30	mono-hydrochloride
29	crude solid
29	( E )
29	ether-hexane
29	Phase I
28	3R
28	(D,L)-alanine iso-butyl ester hydrochloride
28	( III )
28	IX
28	semisolid
28	semi-solid
27	12.3
27	22
27	9
27	desired acid
27	Formula II
27	heptanes
27	hydrocarbon
27	light purple solid
27	rust
27	title intermediate
27	VI
26	( A )
26	IV
26	material ( a )
26	Phase II
26	trifluoro acetate
25	16
25	18.5
25	36
24	24
24	27
24	28
24	compound 1
24	compound 5
24	crude crystals
24	Et2O hexanes
24	( II )
24	maleate salt
24	SiO2 hexane ethyl acetate
24	TEA
23	25
23	acyl chloride
23	benzyl ester
23	carboxylate
23	crude yellow oil
23	N4-[4-(N-benzylpiperazino)phenyl)
23	TFA-salt
22	10.5
22	( 4 )
22	( 7 )
22	acid
22	C8
22	formula III
22	HCl-salt
22	olefin
22	titled compound
21	14.5
21	2,5-dichlorobenzophenones
21	35
21	5-g
21	70
21	bis hydrochloride
21	bis-trifluoroacetate
21	butyl ester
21	compound 4
21	hexane-ether
21	lactone
21	nitrile
21	white crystal
20	11.8
20	19
20	50
20	diketone
20	esters
20	ethyl acetate petrol
20	final solution
20	Formula VIII
20	methylene chloride hexanes
20	Title compound
20	trihydrochloride
20	yellow crystals
19	10.2
19	26
19	31
19	( c )
19	epoxide
19	ether petroleum ether
19	ethyl acetate petroleum benzine
19	N-oxide
19	tan crystalline solid
19	title product
19	tri-TFA
18	1
18	34
18	40
18	60
18	colorless crystals
18	ditrifluoroacetate
18	EtOAc petroleum ether
18	gel
18	light brown solid
18	logP(HCOOH)
18	white solids
17	4-carboalkoxythiazoles
17	6
17	bis trifluoroacetate
17	ice
17	nitro
17	Phase B
16	10.6
16	119
16	17.5
16	29
16	32
16	brown oil
16	diester
16	eluent 98/02
16	lime
16	Petrol ether
16	prisms
16	styrene/maleic anhydride-b-styrene butylacrylate
16	title material
16	VII
15	→
15	( 1 )
15	11.5
15	12.5
15	55
15	72
15	acetal
15	alcohols
15	compound 2
15	desired products
15	diethyl ether hexanes
15	epoxy resin
15	final title compound
15	hexanes methylene chloride
15	( IV )
15	mono-trifluoroacetate
15	orange oil
15	peptide
15	polymer
15	solvent
15	trimethylsilyl ester
15	( Z )-isomers
14	11
14	19.5
14	1b
14	25.5
14	33
14	[3-(4-benzyloxy)phenoxy]benzo-[b]thiophene
14	47
14	58
14	atorvastatin benethamine
14	copolymer
14	diamine
14	DNA
14	formula II
14	formula IV
14	fumarate salt
14	isopropyl ester
14	MeOH(NH3)
14	poly(alkylene carbonate) polyol
14	tertiary amine
14	white needles
13	11.9
13	14.2
13	15.5
13	20-g
13	41
13	54
13	57
13	bis-hydrochloride
13	bis-trifluoroacetic acid
13	BOC
13	Compound XXXI
13	Formula XXV
13	hexanes Et2O
13	intermediate 1
13	primary amine
13	( R )-isomer
13	secondary amine
13	two
13	white crystalline solid
13	white foam
12	16.5
12	1,7-diol
12	1c
12	1H- and 13C
12	2-[1′-(N,N-dimethylethylenediamino)propyl]-3-benzylquinazolin-4-one
12	31.5
12	39
12	3b
12	43
12	( 6 )
12	65.8
12	71
12	acetone hexanes
12	amino acid
12	B7
12	bismesylate
12	(C6F5)2Si(OEt)2
12	colorless needles
12	diacid
12	di-hydrochloride
12	Ethyl acetate hexanes
12	EtOAc-Hexanes
12	Formula 107
12	Formula XII
12	glucosinolate
12	hexanes
12	hexanes dichloromethane
12	light yellow liquid
12	nitrate salt
12	products
12	( R )
12	resultant product
12	tertiary alcohol
12	( V )
11	13.1
11	16.2
11	2.04
11	20.5
11	24.8
11	27.4
11	42
11	50-g
11	80
11	96
11	C,H,Cl,N
11	citrate salt
11	co-eluting mixture
11	colorless liquid
11	Compound
11	dark brown oil
11	dipicrate
11	ethyl acetate-light petroleum
11	Example 8
11	hexanes acetone
11	MeOH[7] NH4OH[3]
11	monoammonium
11	Si PCC
11	tripeptide ester
11	β-keto ester
10	100
10	[ 1.1 ]
10	1-A
10	1-oxides
10	2′,3′-dihydro-carboxylic acid tert-butyl ester
10	37
10	3'-nitrobenzylideneacetoacetic acid methyl ester
10	45
10	46
10	64
10	68
10	6E
10	75
10	78
10	( 9 )
10	90
10	Compound 2
10	compound 22
10	compound 26
10	compound 6
10	diazo
10	dioxalate
10	dipeptide
10	eluant
10	Example 248
10	formula VII
10	intermediate 10
10	magnesium salt
10	methanesulfonate salt
10	methyl carbamate ester
10	nucleoside
10	polyaspartic acid
10	product ( 11 )
10	( R )-
10	VIII
9	0.1
9	110
9	115
9	122
9	17.7
9	192
9	1-E
9	250
9	29.5
9	2b
9	( 37 )
9	38
9	3c
9	3-t-butoxy-4-cis-octenyl magnesium iodide
9	43.5
9	44
9	( 4.66 )
9	52.5
9	56.6
9	59
9	5b
9	71.1
9	73
9	92
9	95
9	AcOH-
9	beige solid
9	compound #1
9	compound 15
9	Compound 3
9	compound 7
9	dichloromethane hexanes
9	diphenylmethyl ester
9	enol ether
9	Example 15
9	Fluorided-alumina
9	heterocyclic compound
9	impure material
9	intermediate 14
9	lithium enolate
9	methoxymethyl ester
9	NH4
9	petroleum spirit
9	pinacol ester
9	polyurethane
9	raw product
9	( VII )
9	yellow needles
8	( 10 )
8	10.1
8	11b
8	12.2
8	150
8	1-(5,6-Oxidohexyl)-3,7-dimethylxanthine
8	15.7
8	1.6
8	17.0
8	24.5
8	27.3
8	300
8	3,6-dioxo-5α sterol
8	49
8	4-chloro
8	5
8	56
8	5a
8	63.5
8	67.8
8	7a
8	7c
8	( 8 )
8	alcohol DMF
8	Amino acid
8	ammonium fluosilicate
8	( B )
8	benzyl
8	bromo
8	CH2Cl2 petroleum ether
8	compound 10
8	compound 23
8	Compound 4
8	compound 8
8	Compound I
8	crude acid
8	dark amber oil
8	dibenzyl ester
8	diethyl ether petroleum ether
8	( e )
8	ether-ethyl acetate
8	ethyl acetate chloroform petrol
8	Example 48
8	formula 3
8	Formula XVIII
8	H+
8	hydrogen bromide salt
8	intermediate 18
8	intermediate 19
8	intermediate 28
8	intermediate 7
8	( IX )
8	methylene chloride petroleum ether
8	NH4OAc
8	oily product
8	phase
8	purple powder
8	(R)-5-biphenyl-4-ylmethyl-3-[1-dimethylaminometh-(E/Z)-ylidene]-2-oxo-pyrrolidine-1-carboxylic acid tert-butyl ester
8	(R)-5-Biphenyl-4-ylmethyl-3-[1-dimethylaminometh-(E/Z)-ylidene]-2-oxo-pyrrolidine-1-carboxylic acid tert-butyl ester
8	solid F45
8	sulfate ester
8	thioamide
8	tyrosine hydroxyl
8	yellow crystalline solid
8	δ(CDCl3)
7	10.7
7	11.2
7	11.6
7	11-A
7	1,1-dioxide
7	140
7	154
7	15.9
7	1-methyl-3-(o-chloro)-phenyl-7-chloroindan
7	( 21.2 )
7	21.9
7	22.5
7	27.7
7	2-thiooxazolo[4,5-b]pyridine
7	3
7	395
7	3'-nitrobenzylideneacetoacetic acid isopropyl ester
7	3-nitrooxy-2,2-bis(nitrooxymethyl)propyl ester
7	4
7	4c
7	51
7	53
7	6b
7	6-carboxylic acid
7	6-fluoro octatrienoate
7	8
7	91
7	91.6
7	94
7	9,9-bis-2-Methylindene
7	( A1 )
7	acetone-ether
7	AcOEt petroleum ether
7	acylsulfamate
7	aimed product
7	alkene
7	amino ester
7	atorvastatin benzathine
7	bis(trifluoroacetate)
7	brown crystalline solid
7	colorless prisms
7	compound ( 1 )
7	Compound 1
7	compound ( 105B )
7	compound 51
7	Compound 9
7	crude dark brown foam
7	crystalline solid
7	dimethyl ester
7	enamine
7	ethers
7	Example 172
7	Example 3
7	Example 4
7	Fmoc-amino
7	Formula 1
7	Formula VI
7	formula XIV
7	Formula XXVIII
7	halogen
7	hemi-ethanolate
7	intermediate 12
7	intermediate 6
7	intermediate 8
7	intermediate ( b )
7	lactol
7	light orange solid
7	off-white crystals
7	pale yellow crystals
7	petroleum ether diethyl ether
7	polyisocyanates
7	purple crystals
7	red solid
7	( S )
7	tide compound
7	titled product
7	trihydrate
7	violet-brown crystals
7	XV
7	yellow powder
7	yellow solids
6	0.020
6	105
6	106
6	10b
6	10-N-methylcarbamoyl
6	( 11 )
6	11.3
6	11.7
6	( 12 )
6	12.1
6	12.4
6	129
6	1,2-polybutadiene
6	130
6	13.5
6	15-tetrahydropyranyl ether
6	160
6	16.0
6	17.1
6	18.4
6	1-(8,9-Oxidononyl)-3,7-dimethylxanthine
6	19.1
6	19.4
6	25.3
6	27.5
6	28.3
6	28b
6	2.9
6	2-chloroethyl ester
6	2d
6	2S
6	347
6	35.5
6	3-(5,6-Oxidohexyl)-1-methylthymine
6	3-(5,6-Oxidohexyl)-1-methyluracil
6	35g
6	36.29
6	46.9
6	4g
6	4S
6	4-tert-butyl ester
6	52.6
6	5-substituted 7-azaindoles
6	61
6	80.59
6	85
6	93
6	95.12
6	98.5
6	9c
6	( A2 )
6	AcOEt-Petroleum ether
6	acyl bromide
6	aimed compound
6	aldehydes
6	alkanol
6	amino
6	aralkylenediamine
6	aryl
6	atorvastatin dibenzylamine
6	azido
6	benzene petrol
6	Boc
6	Bunte salt
6	carbonyl
6	cellulose
6	coloured crystals
6	Compound 11
6	compound 12
6	Compound 151
6	Compound 21
6	Compound 5
6	compound 90
6	Compound A
6	d8
6	desired salt
6	dichloromethane-ether
6	dimethyl oxosulphonium methylide
6	dry crystal
6	ether-petroleum ether
6	Example 1
6	Farnesene
6	ferric chloride
6	Fluoroelastomer
6	Formula 6
6	Formula IV
6	formula VI
6	hemi-hydrate
6	hexanes ethyl acetate methylene chloride
6	intermediate 2
6	intermediate 21
6	intermediate 31
6	intermediate 47
6	intermediate 88
6	intermediate 93
6	KX2-di-HCl
6	lactam
6	melamine resin
6	N-Boc
6	N-carbobenzyloxy
6	(NH4)2CO3
6	objective compound
6	oily material
6	one
6	orange-red solid
6	organocalcium
6	pale orange solid
6	pale yellow oil
6	pentapyridinium
6	petroleum ether-ethyl acetate
6	phenols
6	phenylthiothethanol
6	pink powder
6	poly 3-hydroxybutyrate
6	pure material
6	pyridinium salt
6	racemic cis-2-hydroxy-4-cyclopentene-1-acetic acid lactone
6	required product
6	resultant residue
6	resultant solution
6	Schiff's base
6	siloxanes
6	SnO2
6	sodium fluosilicate
6	solution A
6	Solvent B
6	starch
6	succinate ester
6	tan crystals
6	title compound A
6	triarylmethane
6	tricyclodecenyl acrylate
6	vinyl esters
6	XI
6	XVIII
6	yellow crystal
5	0.052
5	0.21
5	0.22
5	0.40
5	0.517
5	06044A
5	102
5	10.4
5	11-methyl-5-oxo-6,11-dihydro-5H-5I4-thia-11-aza-benzo[a]fluoren-8-ol
5	12.7
5	12.8
5	134.5
5	( 139 )
5	14.0
5	141
5	14.7
5	15.1
5	161.3
5	168
5	17.2
5	18.3
5	19.8
5	1,9-lactone
5	1a
5	1d
5	1v/v
5	1-(α-methylbenzyl)-3-(N-t-butyloxycarbonyl-1'-N-methylaminoethyl)pyrrolidines
5	#2
5	200
5	207
5	2-(2,3-Dimethoxy)phenoxy-3-nitropyridine
5	2-(2-Methoxy)phenoxy-3-nitropyridine
5	23.98
5	2-(3-diisopropylamino)-1-(phenylpropyl)-4-hydroxymethyl-phenol
5	25.1
5	251.5
5	25.8
5	26.4
5	26.5
5	26a
5	2.7
5	272
5	276
5	2-aza-1,1-diphenyl-3-(pyridyl)prop-2-ene
5	2-methoxy-3,4-methylenedioxy-N-methylbenzylamino dimethylacetal
5	3.01
5	30.5
5	31.7
5	3-(2-Isopropoxy)-4-nitrotoluene
5	33.5
5	34.5
5	34.6
5	34.9
5	( 39 )
5	3-Cyclopentanesulfanyl-4-nitrotoluene
5	3R-Methylamino-1-(methanesulfonyl)pyrrolidine
5	43.2
5	43.7
5	45.5
5	4-Alkoxy-2-fluoro-3-phenoxyphenylacetic acid
5	4-((N-(1,2-dihydro-1-oxobenzo[f]quinazolin-3-yl)pivalamide)-9-yl)amino
5	4R
5	54.93
5	56.4
5	58.5
5	5.9
5	67.6
5	6,7-Methoxy-3-thiophen-2-yl-1H-quinoxalin-2-one
5	69.5
5	6-phenethyl
5	7
5	7.87
5	802.82
5	( 80MF2225 )
5	82
5	84
5	8-(tert-butyl-dimethyl-silanyloxy)-11-[4-(2-piperidin-1-yl-ethoxy)-benzyl]-6,11-dihydro-5-thia-11-aza-benzo[a]fluorine
5	adduct
5	allyl ester
5	Amide
5	amines
5	B2
5	b-2-phenylethyl methacrylate
5	benzene petroleum ether
5	benzene-petroleum ether
5	bistrifluoroacetate
5	bis(trifluoroacetic acid)
5	brownish solid
5	brown liquid
5	( C )
5	C5
5	calcium sulfate anhydrite
5	CH2Cl2—
5	clear yellow oil
5	compound 13
5	compound 19
5	compound 1a
5	compound 20
5	Compound 213
5	Compound 236
5	Compound 238
5	Compound 248
5	compound 3
5	compound 31
5	compound 3.1
5	Compound 40
5	compound 43
5	compound ( 5 )
5	Compound 6
5	compound 725
5	compound 767
5	Compound 8
5	compound 9-2
5	compound 9-3
5	compound A
5	compound ( b )
5	Compound B
5	compound XXVIII
5	crude salt
5	crude white solid
5	( D )
5	D1
5	desired crude product
5	diacetoxy butenes
5	diammonium
5	dicarboxylic acid
5	diethylacetal
5	dioxides
5	( E )-isomer
5	Ethyl Acetate Petroleum Ether
5	ethylene glycol Na
5	ethyl pyrazoles
5	EtOAc C6H14
5	EtOAc petrol
5	Example 19
5	fluoroborate ester
5	Formula 11
5	Formula 1A
5	formula 3a
5	Formula 49
5	Formula 53
5	Formula XIX
5	Formula XXI
5	glycol
5	Grignard reagent R3MgX
5	hexanes CH2Cl2
5	hexasodium
5	hydrazide
5	hydrazone
5	hydrofluoride salt
5	hydroxy
5	hydroxymethyl
5	( iii )
5	impure product
5	intermediate 26
5	intermediate 50
5	intermediate 60
5	intermediate 65
5	intermediate 71
5	( K )
5	light brown oil
5	lower alkyl ester
5	maleic acid ester
5	methyl
5	methylester
5	methyl ester hydrochloride
5	molecular oxygen
5	monoester
5	monoformate
5	N-2-(2-Methoxyphenoxy)phenyl-N′-(thiazol-2-yl)urea
5	nicotinate ester
5	N-methyl
5	n-phenyl maleimide
5	Nα-(4-nitrobenzenesulfonyl)-Nα-isobutyl-Nε-[N′α-(4-methylbenzenesulfonyl)-L-tryptophanyl]-L-lysine
5	orange-yellow oil
5	( P )
5	polystyrene
5	protio-dehalogenated
5	pure adduct
5	pure compound
5	quaternary ammonium salt
5	Racemic 2-chloropropionate octyl ester
5	raw material
5	Schiff base
5	Si Zn
5	solution B
5	stannous chloride dihydrate
5	subject material
5	substituted methylmalonic acid
5	succinate salt
5	sugar
5	sugar alcohols
5	sulfate salt
5	sulfonamide ester
5	tetrahydrate
5	thio-ketone
5	title compound 87C
5	(+)-toluene-p-sulphonylglutamic acid salt
5	white oil
5	( XI )
5	( XIII )
5	yellow gummy solid
5	α-glucosyl isoproterenol
4	0.70
4	#1
4	( 100 )
4	10.0
4	10504c
4	108.19
4	( 1.0-g )
4	10-g
4	11.4
4	118
4	( 123 )
4	12.65
4	127.5
4	12-a
4	12S
4	13.6
4	13.7
4	13.8
4	1.41
4	14.1
4	14.4
4	164.8
4	16B
4	170.4
4	177
4	18.8
4	190
4	19.3
4	1.94
4	19.6
4	1-Chloro-2,4-acetamidobenzene
4	1-oxide
4	20.4
4	207.9
4	218g
4	21a
4	22.4
4	2,2-dimethylpropyl
4	2-(2-ethylhexy)1 ester
4	2-(2-ethylhexy)l ester
4	2-[(2-methyl-3-indolyl)carbonyl]-4,5,6,7-tetrachlorobenzoic acid
4	( 230 )
4	23.4
4	23.8
4	2.45
4	26.2
4	2,6-Bis-dimethoxyphenyllithium
4	27.6
4	280
4	296
4	2a
4	2A
4	(2R,5R)-S-(1-amino-2-propyl)-2-methyl-cysteine hydrochloride
4	( 35 )
4	( 36 )
4	3a
4	3-bromo-4-(4-methyl-1'-cyclohexenyl)thiophene
4	3-hydroxymethylphenyl ester
4	3S
4	( 42a )
4	43.4
4	4, 4'-dimethoxytrityl
4	4.5
4	4.6
4	480
4	48.5
4	48a
4	4a
4	4-(arylamino or heteroarylamino)-quinazoline
4	4-(diphenylmethylene)dihydrochloride hemihydrate
4	4-fluoro-3-phenoxybenzyl ester
4	( 51 )
4	519
4	54.8
4	57.5
4	58.3
4	58.4
4	5k
4	5-morpholine
4	5R
4	62.2
4	( 64 )
4	( 69 )
4	69.1
4	6-bromo
4	70.75
4	7.63
4	83g
4	8b
4	9,9-bis[(2,5-diethyl-4-amino)phenyl]fluorene
4	( a )
4	acetate ester
4	acetylated 5-(3',4'-diacetoxybenzal) hydantoin
4	acid amide
4	actual product
4	alkyne
4	alpha-6-deoxy-5-oxytetracyline sulfosalicylate
4	Aluminum amalgam
4	amic acid
4	amidine
4	Amine
4	amine diacetic acid
4	analytical grade product
4	anilide
4	aromatic amines
4	azido-Thr
4	azo
4	Benzenesulfonyl hydrazide
4	bicyclic ring
4	bisoxalate
4	bis oxalate
4	black solid
4	C6
4	castor oil
4	CH2Cl2—hexanes
4	CH2Cl2 I-PrOH
4	Cl benzene
4	clear liquid
4	complex
4	compound 11
4	Compound 111
4	Compound 12
4	compound 121
4	compound 14
4	compound [ 15 ]
4	compound 17
4	Compound 183
4	Compound 23
4	compound #247
4	compound 249
4	Compound 25
4	compound 250
4	compound 264
4	Compound 26a
4	compound 28
4	Compound 29
4	compound 3.2
4	compound 37
4	compound 38
4	compound 49G
4	compound 4i
4	compound 55
4	Compound 7
4	Compound 98
4	compound ( c )
4	Compound III
4	compounds
4	Coumarin-7-oxybutyric acid N-hydroxysuccinimide ester
4	crude brown oil
4	crude brown solid
4	crude orange oil
4	crude solution
4	crude yellow gum
4	Desired product
4	diaryl carbonate
4	dibromide
4	diethyl hydroxyacetal
4	difumarate
4	dihydriodide
4	di-n-butyl 3,3′,4,4′-diphenylether
4	dinitro
4	disodium polystyrene
4	disulfide
4	di(trifluoroacetic acid)
4	DOTMA
4	(E)-N-methyl-4-(3-[5-(ethylthio)pyridinyl])-3-buten-1-amine
4	Et2O-hexanes
4	ethanol-ether
4	ethanol petroleum ether
4	ether-petrol
4	ethyl acetate iso-hexanes
4	ethyl acetate petroleum
4	ethylenedioxy
4	EtOAc petroleum benzine
4	Example 13
4	Example 161
4	Example 1-9
4	Example 1 ( g )
4	Example 24
4	example 3-a
4	Example 9
4	expected crude product
4	(E/Z)-2-(3-(3-(2-(biphenyl-2-yl)vinyl)phenyl)propyl)isoindoline-1,3-dione
4	( f )
4	fatty acid esters
4	final monomer
4	fluorescent orange crystals
4	formula 1
4	Formula 52
4	formula VIII
4	formula XVI
4	Formula XX
4	furoic ester
4	grey solid
4	Heterocyclic
4	hexamethyleneimine
4	Hexanes acetone
4	hex(EtOAc)
4	high-boiling compounds
4	hydroiodide salt
4	( i )
4	IH-EtOAc
4	ii
4	intended product
4	Intermediate 1
4	intermediate 121
4	intermediate 132
4	intermediate 133
4	intermediate 135
4	intermediate 141
4	intermediate 154
4	intermediate 16
4	intermediate 171
4	intermediate 23
4	intermediate 24
4	intermediate 29
4	intermediate 3
4	intermediate 62
4	intermediate 94
4	Intermediate A
4	iodo
4	isomeric mixture
4	ketal
4	( L )
4	ligand
4	light yellow oil
4	liquid 1
4	Liquid 1
4	magnesium hydrocarbyl carbonate
4	magnetite
4	Mannich base
4	MeOH(4)
4	methyl 2-(cyclopentyl-3-ethyl)-2H-indazol-6-yl-carboxylate
4	methylthiol ester
4	mixture ( 649 )
4	monoalkylated product
4	monomer
4	monosuccinimide
4	montmorillonite
4	morpholinoethyl-ester
4	m-phenoxy-α-cyanobenzyl ester
4	Ms(ESI)
4	N-[1-(5,6,7,8-tetrahydronaphthalenyl)]-2-(hydroximino)acetamide
4	N-[2-{1-(5-methylphenyl)-1,2,3,4-tetrahydroquinolin-1-yl}]-4-methyl-1-piperazine carboxamide
4	N-[3,5-bis[decylamino)carbonyl]phenyl
4	N-benzyl
4	NH4OH[3]
4	N-hydroxysuccinimide ester
4	N-phenethyl
4	N-substituted hydrazine
4	O-alkyl benzoylthiocarbamate
4	oligomer ( A1 )
4	oxide dihydrate
4	oxyacid
4	pale dark brown amorphous solid
4	pet. ether AcOEt
4	petroleum ether ether
4	petroleum ether EtOAc
4	petroleum ether-EtOAc
4	petroleum ether—EtOAc
4	phthaloyl hydrazide
4	pnmr(CDCl3)delta
4	polyadenylic acid
4	polycarbonate
4	polyester resin
4	polyethylene glycol-400
4	polyisocyanate
4	polystyrene copoly(ethylene-propylene)
4	Product
4	reduced product
4	secondary alcohol
4	solid ( B )
4	spirolactam
4	sulfide
4	sulfoxide
4	thiol
4	thiolate
4	title products
4	tocopherol
4	tricyclic
4	viscous oil
4	white precipitate
4	XIV
4	( XXVI )
4	XXXVII
4	zeolite
4	α-cyano-m-phenoxybenzyl ester
4	β-ketoester
3	0
3	0.14
3	0.197
3	0.382
3	0.502
3	0.541
3	06066
3	0.78
3	0.93
3	0.977
3	102.3
3	102.6
3	10.32
3	( 106 )
3	106.5
3	10.8
3	108g
3	( 1/100 )
3	111
3	11.1
3	1,1,2,2-tetrafluoro-6-trans-4-propylcyclohexyl
3	112.5
3	11.37
3	1,15-lactone
3	116
3	11.66
3	117
3	1,1-dimethylethyl ester
3	120
3	12.0
3	120.5
3	128
3	12.82
3	12.83
3	13.08
3	131.70
3	13.2
3	135
3	138.5
3	139.5
3	1,3-bis(1,1-dimethylethyl) ester
3	( 14 )
3	1-4
3	144.9
3	14.8
3	1′-[4,8-dimethoxyquinoline-2-yl)carbonyl
3	14.9
3	14B
3	14g
3	152
3	153
3	154.6
3	15.6
3	157.1
3	161
3	164
3	16.4
3	164.4
3	16.6
3	170
3	17,20-carboxycyclic acetal pregnane
3	17.3
3	17.66
3	17B-MethoxyCarbonyioxy-androst-4-en-3-one
3	17β,19-dihydroxy-1α,17α-dimethyl-4-androsten-3-one
3	17β,19-dihydroxy-7α,17α-dimethyl-4-androsten-3-one
3	( 18 )
3	187.7
3	1.9
3	19.0
3	1.92
3	19.2
3	( 1a )
3	1A
3	1-ethoxycarbonyloxyethyl ester
3	1S
3	[1S-(1α,2β,3β)]-3-hydroxy-1,2-cyclobutanedimethanol
3	(1S,2R,3S,4R)-3-(4-fluoro-benzyl)-6-hydroxy-5-(7-iodo-1,1-dioxo-1,4-dihydro-1λ6-benzo[1,2,4]thiadiazin-3-yl)-3-aza-tricyclo[6.2.1.02,7]undec-5-en-4-one
3	20.2
3	20.3
3	20.80
3	21.0
3	21.1
3	21.49
3	21.6
3	21.7
3	21b
3	21c
3	223
3	22.3
3	22.41
3	22.8
3	2,2-difluoro-16-phenoxy-17,18,19,20-tetranor-PGF2α
3	22g
3	230
3	23.2
3	233
3	234
3	235
3	2,3-dehydro-1-(3-acetylthio-1-oxopropyl)-5-methoxypipecolic acid
3	2.4
3	24.2
3	248
3	24.9
3	24a
3	24A
3	2-(4′-fluorophenyl)-4-[4′-(3-N,N-dimethylaminopropyl)phenyl]thiazole
3	24g
3	25.2
3	25.7
3	2,5-disubstituted thiophene
3	2.70
3	277
3	282
3	28.2
3	28.5
3	28A
3	( 2A )
3	2-(arylamino)-benzoic acid
3	2c
3	2-chloro-1-[2-(2-[4-methoxypyridyl])-2-oxoethyl]-benzimidazole
3	2-chloro-7-(4-fluorophenyl)-4-(3-(trifluoromethyl)pyrrolidin-1-yl)-6,7-dihydro-5H-cyclopenta[d]pyrimidine-4-fluorophenyl
3	2-formyloxymethylidene ester sulfoxide
3	2g
3	2G
3	2-hydroxy-1-trifluoromethyl-1,2,2-trifluoroethane sulfonic acid sultone
3	2-hydroxycaproic-co-L-lactic acid
3	(2-N-tert-butoxycarbonylaminoethyl)hydrazine
3	2-(p-chlorophenyl)-4,5-trans-bis(trifluoromethyl)-1-pyrrolin-5-ol
3	(2S)-N-2-[(cis)-2,6-dimethyl-1-piperidinyl]ethyl
3	2Z
3	30.2
3	307
3	32.3
3	32.5
3	32.6
3	( 32E )
3	33.1
3	33.9
3	3,3′-bis-[(carbo-methoxy)methyl]stilbene
3	34.2
3	34C
3	3,4-Difluoromethylenedioxy-α-isopropyl-phenylacetic acid chloride
3	350
3	35.6
3	363
3	36.4
3	37.4
3	37.5
3	3A
3	3-aminophenylboronic acid ethylene glycol ester
3	3-(chloropropyl)trichlorosilane
3	3-fluoro 1-(N)-methyl pyridone
3	3'-nitrobenzylideneacetoacetic acid 2-methoxyethyl ester
3	40.6
3	40.9
3	42.2
3	42.3
3	45.2
3	457.4
3	47.8
3	48.0
3	48g
3	49.7
3	4-(benzo[b]thiophen-5-yl)-2-methyl-1,2,3,4-tetrahdro-isoquinoline-4-ol
3	4-bromo-3,3,4,4-trifluorobutene
3	4-chloro-7,8-dihydro-5H-pyrido[4,3-a]pyrimidine-6,7-dicarboxylic acid 6-tert-butyl ester 7-ethyl ester
3	4-deoxy-4-fluoro
3	4-hydroxymethyl
3	4-hydroxyphenyl
3	4-methyl- and 4,5-dimethyl-2-phenyl-1,3-dithiolane-2-propionic acid
3	4-methylumbelliferyl-α-L-iduronide
3	4-trifluoromethanesulphonyloxy
3	50.75
3	52.3
3	"5',2""-terthiophene"
3	( 53 )
3	546
3	5,6-dihydrothieno[2,3-e]indole
3	58.9
3	59.5
3	5-alkanamido-2-oxindole
3	5c
3	5-fluoro-2-oxo-1,2-dihydro-5-(2-diethylamino-ethyl)-2-[4-(2,3-difluoro-phenyl)-2-oxo-1,2-dihydro-indol-3-ylidenemethyl]-3-methyl-1,5,6,7-tetrahydro-pyrrolo[3,2-c]pyridin-4-one malate
3	5g
3	5u
3	62
3	63
3	63.8
3	65
3	66
3	69
3	6-fluoro-2-(4-(6-(fluoromethyl)pyridin-2-yl)but-3-ynyl)H-imidazo[1,2-a]pyridine
3	(6-phenoxy-2-pyridyl)methyl ester
3	6R
3	70-g
3	7.3
3	74.5
3	74.8
3	75S
3	77
3	7-azabenzotriazol-1-yl-N,N,N′N′-tetramethyluronium
3	7-chloro-1-hydroxy-3-(2-phenethyl)-3,4,5,10-tetrahydropyridazino[4,5-b]quinoline-4,10-dione
3	7F
3	7R
3	7α-methyl-17α-propinyl-4-androstene-3β,17β,19-triol
3	84.5
3	84.6
3	87
3	8786
3	880
3	8-(benzyloxy)-2-(4-(trimethylsilyl)but-3-ynyl)H-imidazo[1,2-a]pyridine
3	8-chloro
3	8-chloro-2-(4-(pyridin-2-yl)but-3-ynyl)H-imidazo[1,2-a]pyridine
3	8-t-butyldimethylsilyloxy-1-(2,2-dimethyl-1,3-doxolan-4-yl)-2-hydroxyoctan-4-one
3	92.9
3	95.8
3	98
3	9a
3	A3
3	A-473191
3	above-titled compound
3	acetals
3	acetyl
3	acetylsulfanyl ester
3	acylated phenylalanine anilide
3	addition compound
3	A-H2O
3	AIBN
3	Aldehyde
3	alkanes
3	aluminum amalgam
3	amide-MBHA
3	amides
3	ammonium salts
3	ArH
3	azidoaryl-substituted cyclooctene
3	benzhydryl ester
3	benzyl maltol
3	biarylether
3	bis-3-hydroxypropyl terephthalate
3	bis (4,5-t-butyldimethylsilyl) ether
3	bis-alkylated material
3	bis-hydrogen bromide
3	BL-P2013
3	boric acid ester
3	bronze
3	brownish gum
3	brownish liquid
3	C-1 alcohol
3	(C5H11)3Ta
3	carbocyclic
3	carboxamide
3	carboxylic acid ethyl ester
3	carboxymethyl cellulose
3	cephems
3	CH3 (CH2)4COOCH2I
3	chitosan
3	chloride salt
3	chloroform hexanes acetone
3	cis-cyclobutyl
3	colored crystals
3	colorless gum
3	colorless solidified oil
3	compound 1005
3	compound ( 101 )
3	compound 1010
3	compound 104
3	compound 133
3	compound 168
3	compound 171
3	compound 190
3	compound 196
3	Compound 1f
3	compound #20
3	Compound 2008
3	Compound 2009
3	Compound 212
3	compound #23
3	compound 260
3	compound 27
3	Compound 27j
3	Compound 27z
3	Compound 35
3	Compound 38
3	Compound 3.S
3	compound #4
3	compound 4001
3	compound 4003
3	compound 41
3	Compound 42
3	Compound 44
3	compound 51B
3	compound 51C
3	compound 53
3	compound 56
3	Compound 61
3	Compound 84
3	compound E
3	Compound E
3	compound ( G )
3	Compound VI
3	concentrated solution
3	condensation product
3	crude adduct
3	crude pale-yellow oil
3	crude products
3	crystalline product
3	Cu
3	(±)-cucurbitine
3	cyclic amide
3	cyclic carbonate
3	cyclic peptide
3	cyclic urea
3	cyclopentadienyl
3	DCM Hexanes
3	DEAE silica
3	desired compounds
3	desired intermediate ( a )
3	desired monomer
3	desired product ( 1-10 )
3	desired product ( 1-11 )
3	desired product ( 4-11 )
3	desired product ( 4-7 )
3	desired title compound
3	diacetate ester
3	diacylated compound
3	dialkali metal
3	dibromo
3	dichloride
3	diethyl ester
3	diformate
3	dihydrofluoride
3	dihydroxycalcium ferrous malate
3	di-O-(p-chloro phenoxy isobutyrate)
3	diphenyl
3	di-potassium
3	di-p-toluenesulfonate
3	di-trimethylolpropane
3	eluent 99/01
3	epoxy
3	Et2O-EtOAc-hexanes
3	ether-methanol
3	ether-pentane
3	ether-petether
3	ethyl acetate-1 hexane
3	ethyl acetate-ether
3	ethyl acetate heptanes
3	Ethyl acetate petroleum ether
3	EtOAc Heptanes
3	EtOAc-petrol ether
3	Example 10
3	Example 20
3	Example 2-2
3	Example 4-4
3	Example 53
3	example 8
3	( F )
3	F2
3	ferric sulfate
3	filtrate
3	fine white crystals
3	Formula 106
3	Formula 19
3	formula 21
3	Formula 304
3	Formula 4
3	Formula 5
3	Formula 9
3	Formula VII
3	formula XI
3	Formula XIII
3	Formula XXIII
3	Formula XXVI
3	Formula XXX
3	Formula XXXVII
3	green oil
3	green solid
3	( H )
3	haloorganoboronic acid
3	HClO4
3	heptaacetate
3	hexanes ethyl ether
3	hydrated dihydrochloride
3	hydrogen silsesquioxane
3	hydrolyzed product
3	hydroxamic acid
3	hydroxy aromatic ketones
3	hydroxyester
3	I-(1,4-dioxa-spiro[4.5]dec-8-yl)-1H-[1,2,4]triazole
3	imidate ester
3	intermediate 103
3	intermediate 105
3	intermediate 109
3	intermediate 11
3	intermediate 113
3	intermediate 120
3	intermediate 1-3
3	Intermediate 13
3	Intermediate 14
3	intermediate 20
3	Intermediate 21
3	intermediate 32
3	intermediate 45
3	intermediate 48
3	intermediate 51
3	intermediate 52
3	intermediate 66
3	intermediate 67
3	intermediate 68
3	intermediate 69
3	intermediate 75
3	intermediate 78
3	intermediate 82
3	intermediate 83
3	intermediate 85
3	intermediate 87
3	intermediate 95
3	intermediate 99
3	intermediate ( d )
3	iodo-trans lactone
3	iso-hexanes
3	ketene acetal
3	last-mentioned compound
3	ligroin
3	lithio
3	l-(-)-α-methylbenzylammonium
3	( m )
3	MeOH(7) NH4OH(3)
3	MeOH-ether
3	mesylate salt
3	methyl 2-(1,2-dibromo-2,2-dichloroethyl)-2,2-dimethylcyclopropanimidate
3	methyl E-1-carbomethoxy-5-phenylhept-4-enoate
3	methylene
3	mixed acid anhydride
3	monoethyl ester
3	mono formate
3	monoglycerides
3	monomethyl ester
3	mono N-acetyl
3	morpholino
3	MTBE hexanes
3	N-[2-{1-(5-bromophenyl)-1,2,3,4-tetrahydroquinolin-1-yl}]-4-methyl-1-piperazine carboxamide
3	N-[2-{1-(5-chlorophenyl)-1,2,3,4-tetrahydroquinolin-1-yl}]-4-methyl-1-piperazine carboxamide
3	N-[2-(6-methyl-1-phenyl)-1,2,3,4-tetrahydroquinolin-1-yl]-4-methyl-1-piperazine carboxamide
3	N-[3-{7-(N,N-Diethylamino)coumarin-3-carboxylamido}butyl]-2-{1-(4-chlorobenzoyl)-5-methoxy-2-methyl-1H-indol-3-yl}acetamide
3	N-(4-methyl-α-(RS)-phenylbenzyl)valeramide polystyrene
3	NAFION
3	Na-salt
3	N-benzyltropanone
3	N-BOC
3	N-carbo-(-)-menthyloxy pyrrole
3	N-Cyclopropyl-1-[3-(5-methylsulfonylpyridin-3-yl)]phenyl
3	N-formyl
3	NH3-N20-N2
3	NH4HCO3
3	nitrone
3	N,N'-carbonyldiimidazole
3	N-trityl
3	O-(3-piperidino-2-acetoxy-1-propyl)-benzhydroximic acid chloride
3	O-benzylhydroxyurea
3	olefins
3	Oleic acid ethyl esters
3	O-phthalimido
3	orange crystalline solid
3	pale brown oil
3	pale brown solid
3	pale orange oil
3	pale yellow crystal
3	pale yellow powder
3	p-chlorophenylhydrazone
3	pentafluorophenol ester
3	petrolatum ethyl acetate
3	petrol ether
3	petrol-ether
3	petrol ethyl acetate
3	Phenyl-di(2-chloroethyl)phosphoramidic chloride
3	phenyl ester
3	phosgenating-aniline formaldehyde
3	phosphate salt
3	pink solid
3	polyesters
3	poly-methacrylate
3	polynucleotide
3	powdery brown solid
3	powdery pale yellow crystals
3	powdery white solid
3	precipitating crystal
3	primary alcohol
3	product 14
3	product 2-[
3	propargyl ester
3	purple brown solid
3	quinones
3	reaction mixture
3	Reagent XV
3	required intermediate
3	resultant polymer
3	s+1H
3	(S)-(+)-2,3,6-trimethyl-5-(2,2,4-trimethyl-1,3-dioxolan-4-ethyl)-p-benzoquinone
3	saturated ester
3	selenide
3	sesquihydrate
3	SiO2 CH2Cl2
3	skin-colored needles
3	Solution A
3	solvent B
3	SR 58533
3	SR 58574
3	SR 58590
3	stannous dihydrate
3	starting compound
3	subtitled compound
3	succinic acid ester
3	sulfone
3	sulfopropyl ester
3	Swern reagent
3	tan oil
3	t-butyl ester
3	t-butyl methyl ether hexanes
3	tert-butoxycarbonyl
3	tert-butyl ester
3	tetrabutylammonium salt
3	tetracyano-1,4-hydroquinone
3	thieno[2,3-b]pyrrolizin-4-one
3	TIPS ether
3	title acid
3	title compound (±)-37
3	title compound M
3	titled compounds
3	title salt
3	total solids
3	tri-acetate
3	triamide
3	triarylmethyl acetonitrile
3	triester
3	trioxalate
3	Tris-borate
3	( VI )
3	( VIII )
3	vinyl resin
3	viscose
3	viscous liquid
3	Wittig salt
3	( X )
3	( XIX )
3	( XXII )
3	( XXXVII )
3	α-vinyl-β-piperidylacrolein
3	α,α,α-trifluoro-p-anilaldehyde oxime
3	β-lactam
3	β-substituted-β-amino-acids
2	0.01
2	0.013
2	0.022
2	0.025
2	0.042
2	0.10
2	0.11
2	0.16
2	0.19
2	0.2
2	0.239
2	0.311
2	( 0.616 )
2	0.680
2	0.80
2	0.9.g
2	1-[
2	1000u
2	( 100/3 )
2	100X
2	101
2	10,11-dihydrobibenzo[b,f]thiepin
2	10.29
2	108
2	10a
2	10-ethyl acetate
2	10g
2	10-undecane-1-ol
2	1/1
2	1.1
2	1.10
2	110-111.5
2	1,10-decane dicarboxylic acids
2	1,1,1,2,4,4,4-heptafluoro-3-trifluoromethyl-butan-2-one
2	11.26
2	113
2	114
2	115.2
2	116.4g
2	11.84
2	11a
2	1,1-di-(3-thienyl)ketene
2	1.2
2	1.20
2	121
2	1-(2-(1,3-dioxan)-2-yl)ethylidene
2	12.21
2	12.32
2	1-(2,4-dichloro)-2-tetrazol-1-yl-ethanone
2	12.6
2	1,2,6,7-tetramethyl-fluorenone
2	128.8
2	12.9
2	12b
2	1,2-bis(trisdimethylamino)silylethane
2	1-(2-cyanophenyl)-3-furyl-5-trifluoromethylpyrazole
2	12g
2	( 12β )
2	( 13 )
2	131.8
2	132.6
2	133
2	134
2	1.34
2	134.0
2	136
2	13b
2	1,3-dodecadien-5
2	1,3-methoxycarbonyl-5,7-adamantanediol
2	( 140 )
2	141.1
2	142
2	14.31
2	( 145 )
2	14.6
2	14b
2	1-(4-bromoindrazol-1-yl)-ethanone
2	15.0
2	1.521
2	15.3
2	155
2	15b
2	( 15R+S )
2	15-(tetrahydropyranyl ether)
2	16.1
2	162
2	16.3
2	165.0
2	167
2	16.75
2	16.8
2	16b
2	16p
2	17.02
2	172
2	17.4
2	177-A
2	177-B
2	178-B
2	17B
2	"17-ethyl-1,14-dihydroxy-12-[2'-(4""-(naphth-1-yloxy)-3""-hydroxycyclohexyl)-1'-methylvinyl]-23,25-dimethoxy-13,19,21,27-tetramethyl-1,28-dioxa-4-azatricyclo[22.3.1.04,9 ]-octacos-18-ene-2,3,10,16-tetraone"
2	17β,19-dihydroxy-1α,17α-dimethyl-4-androsten-3-one dipropionate
2	17β,19-dihydroxy-1α,6α,17α-trimethyl-4-androsten-3-one
2	17β,19-dihydroxy-4,7α-methyl-4-androsten-3-one
2	17β,19-dihydroxy-6α,17α-dimethyl-1,4-androstadien-3-one dipropionate
2	17β,19-di-triphenylsiloxyandrost-4-en-3β-ol
2	17β-hydroxy-1α,6α,17α-trimethyl-4-androstene-3,19-dione
2	18.2
2	18.56
2	187
2	18.7
2	189.7
2	189a
2	18b
2	18g
2	195
2	19.7
2	[ 1982 ]
2	19.9
2	19a
2	1-aryl-2-nitropropenes
2	1-bromo-sugar
2	1-Deoxy-3-epi-nojirimycin
2	1-diethyl ether pentane
2	1-ethyl-1,2-dihydro-2-oxo-nicotinamido
2	1-EtOH
2	1g
2	1L
2	(1-methyl-1-hydroxy) ethyl-3-cyclohexene
2	1-methyl-1-tetralol
2	1-methyl-3-(o-chloro)-phenylindan
2	1-phenacyl-2-(1-piperidino)-3,4-dihydronaphthalene hydrobromide
2	1R
2	( 1R,2R,4R )-isomer
2	( 1R/S,2R/S,3R/S,4S/R )
2	1α,17α-dimethyl-4-androsten-17β,19-diol 17-propionate
2	1α,17α-dimethyl-4-androstene-17β,19-diol
2	1α,17α-dimethyl-4-androstene-17β,19-diol dipropionate
2	1α,17α-dimethyl-4-androstene-3β,17β,19-triol
2	1β-oxide
2	[ 2 ]
2	201
2	( 20/20/30/20/10 )
2	204
2	20.6
2	208
2	( 2-1 )
2	210
2	2-[1-(2'-hydroxyethyl)piperazino] thiophene
2	213
2	21.3
2	21.5
2	2.2
2	2.27
2	22b
2	2,2-dibromo
2	2,2'-dihalo-5,5'-dihydroxybiphenyl
2	23.0
2	230-400
2	23.1
2	23.3
2	23.6
2	23.68
2	23.7
2	2,3-Divinylethylene oxide
2	( 24 )
2	242g
2	244.6
2	246.9
2	24.7
2	2,4-O-dibenzoate
2	25.4
2	2-(5-{4-[5-(1H-imidazol-2-yl)-pyrrolidine-1-carboxylic acid tert-butyl ester)-naphthalen-1-yl]-phenyl}-1H-imidazol-2-yl
2	2,5-dihydro-2,5-diethoxy-2-(7'-carboxy-4'-cis-heptenyl)furan
2	25g
2	264.2
2	2-((6,9-trans)-6-(2,3-difluorophenyl)-6,7,8,9-tetrahydro-5H-cyclohepta[b]pyridin-9-yl)acetic acid
2	2.76
2	2-(7-chloro-1,8-naphthyridin-2-yl)-3-(4-t.-butylpiperazin-1-yl)carbonyloxy-isoindolin-1-one
2	28.0
2	285
2	29.0
2	29.1
2	2,9,14-trifluoro-6,11-dihidro-5H-diindolo
2	29.3
2	( 29,600 )
2	29.8
2	29.9
2	29e
2	2-acetylestradiol 17-acetate
2	2-Chloro-4-biphenylmagnesium bromide
2	2-(di-i-propoxyphosphonylmethylamino)-phenylsulfonamide
2	2-ethoxy-5-chloro-benzamido
2	2-ethyl-4-(3-chloro-2'-(1H-tetrazol-5-yl)biphenyl-4-yl)methoxy
2	2-fluoro
2	(2-fluorophenyl)hydrazone
2	2fumarate
2	2-hexyldecyl ester
2	2-(Indol-3-yl)ethylcarbamoyl-Asn(Trt)Ser(But)PheAzaGlyLeuArg(Me,Boc2)Phe
2	2L
2	2-methoxy-5-chlorobenzamido
2	2-methoxy-5-methyl-benzamido
2	-(−)-2-Methyl-5-phenylpentanoic acid
2	2-(methylthio)ethyl ester
2	2Na—H2O
2	2-(p-1'-cyclohexenylphenyl)-3,4-pentadien-2-ol
2	2-pentenyleneimino
2	2q
2	(2R,3R)-(−)-di-(p-anisoyl)tartaric acid
2	2R,3S 3',4',5,7-tetrahydroxy-flavan-3-yl phosphate
2	(2S)-1-(N-(aminocarbonylmethyl)-N-(2-(trimethylsilyl)ethoxycarbonyl)amino)-3-cyclohexylpropyl-2-amine
2	(2S,2′S)-tert-butyl 2,2′-(5,5′-(naphthalene-2,6-diyl)bis(1-((2-(trimethylsilyl)ethoxy)methyl)-1H-imidazo[4,5-b]pyrazine-5,2-diyl))dipyrrolidine-1-carboxylate
2	(2S,3S)-3-acetylamido-2-allyl-N-tert-butyltetrahydrofuran-3-carboxamide
2	( 30 )
2	3.07
2	30g
2	31.0
2	313.6
2	316
2	31g
2	3.27
2	3-(2-phenethyl)-2-cyanopyridine
2	33.3
2	33.8
2	( 34 )
2	34.0
2	34.1
2	3-(4-(1-((3-methylquinolin-2-yl)amino)butyl)benzamido) propanoate
2	347g
2	34A
2	3,4-dihydro-6-(1,1-dimethylethyl)
2	3-(4'-fluoro-4-biphenylyl)-butylidene-imine
2	34g
2	35.2
2	35.8
2	36.0
2	36.2
2	(±)-3,6-dibromo-9-[(1E)-3-(3,6-dibromocarabazol-9-yl)propen-1-enyl]carbazole
2	37.0
2	3.72
2	37.7
2	( 38 )
2	38.1
2	381.8
2	396
2	3'-azido
2	3-benzyl-pyrrolidin-3-yl
2	3-bromo
2	3-bromomagnesium phenyl trimethylsilyl ether
2	3-chloromethyl and 4-chloromethyl pyridinium hydrochloride
2	3-Dimethylamino-1-(2-ethylamino-4-methyl-thiazol-5-yl)-propenone
2	3-[(E)-4-carboxybutylidene]
2	3-ethyl acetate
2	3˜ethyl acetate
2	3-hydroxymethyl phenyl ester
2	3-O-benzyl-17
2	3-(octadecyloxy)
2	3-phenoxybenzyl ester
2	3-( R )
2	4-[
2	400
2	40.2
2	40.5
2	40/60
2	40g
2	40L
2	4-(1,3-benzodioxol-5-aminocarbonyl)-5-(2-chlorophenyl)-3-cyclopropylisoxazole
2	41.5
2	416.6
2	4,17α-dimethyl-4-androstene-3α,17β,19-triol
2	41.8
2	4.2
2	42.4
2	42.5
2	42g
2	43.3
2	43.6
2	43.8
2	43.9
2	4-(3′-bromobenzoyl)-6,7-dimethoxyquinazoline WHI-P164
2	4-(3-methoxyphenyl)-2-(morpholin-4-yl)-5,6-furo[2,3-d]pyrimidine
2	4,4-dimethyl
2	4',4'-dimethyl-3'-thiosemicarbazone
2	( 45 )
2	45.3
2	45a
2	460
2	461.1
2	462
2	4.67
2	47B
2	48.1
2	48.8
2	495
2	49.8
2	4A
2	4-aminophenyl-β-sulfatoethylsulfone
2	4- and 5-nitrothiophene-2-carboxylic acid
2	4C
2	( 4H )
2	4-Hydroxy-6-trifluoromethyl-3-carboxylic acid
2	4-Hydroxy-8-trifluoromethyl-3-carboxylic acid
2	4-hydroxyl-3-iodo-5-methoxyphenyl
2	4-isopropyl-5-methyl-1,2,5-thiadiazolidin-3-one 1,1-dioxide 2-ammonium salt
2	4-methyl-2-pentenes
2	4-methylbenzenesulfonate ester
2	4-N,N-bis(2-hydroxyethyl)aminophenyl benzyl ether
2	"4""-phosphate"
2	( 4S )
2	4 -tert-butyl ester
2	4-(Thiomethyl)benzoic acid
2	4α-formate
2	52
2	528
2	53.1
2	53.2
2	5.40
2	550
2	556
2	55.9
2	55a
2	( 56 )
2	56g
2	57.1
2	57.4
2	5.8
2	5'-azido
2	5-cyclic ethylene acetal
2	5d
2	5′-DMTr
2	5e
2	5f
2	5h
2	5i
2	5m
2	5-methyl-2-({1-[trans-1-methyl-4-(propyloxy)cyclohexyl]-4-piperidinyl}amino)-4-(methylsulfonyl)phenol
2	5n
2	5o
2	5p
2	5S
2	5-Z
2	6.0
2	60.3
2	60-80
2	6.1
2	61.9
2	62.5
2	6-(2,6-diethyl)-4-(3-methoxypropyl)-2-methyl-nicotinic acid ethyl ester
2	63.3
2	6-[4'-(2,2,4-trimethyl-1,2-dihydroquinolyl)]-2,2,4-trimethyl-1,2-dihydroquinoline
2	65.3
2	6,7-dihydro-5H-pyrano[3,2-g]indole
2	6a
2	6-carboxylic acid-2-[(2E)-3,7-dimethylocta-2,6-dienyl]-5-pentyl-benzene-1,3-diol
2	(6-phenoxy-2-pyridyl)methyl 2-[N,N-(di-2-propynyl)amino]-3-methylbutanoate
2	(6S)-5,5-dichloro-O6-5′-cyclo-5,6-dihydro-3′-fluoro-2′,3′-dideoxyuridine
2	705
2	71.4
2	71A
2	73.3
2	( 75 )
2	76
2	77-1
2	7.81
2	79
2	7-aza-6-methoxy-1-tetralone
2	7b
2	7-chloro-1-[6-(6,7-benzo-1-oxo-4-azepin-5-on-4-yl)nicotinoyl]-2,3,4,5-tetrahydro-1H-benzazepine
2	( 7e )
2	7g
2	7-HC-glucuronide
2	7-hydroxy-6-methoxy-(1,2,3,4-tetrahydro)naphthalene
2	7-isomer
2	7-Methylthio and 7-n-butylthiooxindoles
2	7-(pyridin-2-yl)-5,6,7,8-tetrahydro-N-(1,2,3,4-tetrahydro-4,4-dimethyl-1-substituted)quinolin-7-yl
2	7α-iodo
2	7α-methyl-17β,19-di-(2'-tetrahydropyranyloxy)-4-androsten-3α-ol
2	80/20
2	81
2	( 84 )
2	86
2	86.4
2	8.77
2	88
2	89
2	8a
2	( 8B )
2	8-benzoate
2	8e
2	8g
2	8-nitro
2	8S
2	90/10/1
2	90/10/1 methylene chloride methanol ammonium hydroxide
2	90.4
2	90/5/5 methylene chloride hexanes ethyl acetate
2	( 9/1 )
2	91g
2	921
2	94.7
2	9.5.g
2	( 96 )
2	960
2	99.5
2	9A
2	9-ethoxy
2	9-methyl-α-ionol epoxide
2	9-vinyl-α-ionol epoxide
2	9-β-D-arabinofuranosyl-2-fluoroadenine-5'-phosphate
2	A4
2	above-identified compound
2	acetic ester
2	acetoacetamide-N-sulfonic acid
2	acetylenic amine
2	acid chloride (4-fluoro-3-trifluoromethyl-phenyl)acetyl chloride
2	AcOH—10
2	acyloxy-2-sulfamoylbenzo[b]thiophenes
2	Ag
2	agarose
2	AGN217242
2	A-HCl
2	AlBN
2	Alcohol
2	alcohols (3S,5R,6S)-3-allyl-5-(3-chlorophenyl)-6-(4-chlorophenyl)-1-((1S,2R)-1-cyclopropyl-2-hydroxypropyl)-3-methylpiperidin-2-one
2	alginate
2	alkali metal
2	alkali metal salt
2	allyl bromide leads
2	alpha-sulfatoisobutyramide
2	Aluminum tris-triflate (CF3SO3)3Al
2	amber-colored liquid
2	amber gum
2	amide MBHA resin
2	Amide MBHA resin
2	amido-steroid
2	amine-epoxy
2	amino nitrile
2	Amylose-2
2	anilinocrotonic ester
2	anti oxime
2	Ar-H
2	aromatic hydrocarbons
2	arylaldehydes
2	Aryl Bromide
2	azasulfonium bromide salt
2	azoalkanes
2	B1
2	B3
2	B-Acetonitrile
2	b-benzyl methacrylate
2	B—CH3CN
2	beige crystals
2	benzene-PSA2
2	benzylic bromide
2	benzyloxycarbonyl
2	Betulin dimethyl ether
2	bicyclo[1.2.2]hept-5-ene-2,3-dicarboxylic acid
2	bis-alkylated compound
2	bisformate
2	bis(isodecyl)ester
2	bis-mesylate
2	bismethanesulfonate
2	bis trifluoroacetic acid
2	bis-trifluoro acetic acid
2	biuret polyisocyanate
2	blue-violet crystal
2	Boc-Phe-VS-Ph
2	boehmite
2	boric esters
2	boronic acid ester
2	BP-2178
2	bright yellow solid
2	brominated and hydroxymethylated tetra(α-2,4-dimethyl-3-pentyloxy)palladium-phthalocyanine
2	brown colored liquid
2	C1-C6-alcohol
2	c2
2	C20H17F3N2O2S
2	C21H20ClNO4S2
2	C2-aryl
2	C3
2	camptothecin-20-ester
2	Ca(NO3)2.4H2O
2	carbanion
2	carbon oxides
2	carboxylic acids
2	cephalosporin (6R, 7R)-7-[(Z)-2-(2-Aminothiazol-4-yl)-2-trityloxyimino-acetylamino)
2	CH2Cl2-
2	CHCl3 hexanes
2	cHex EtOAc
2	chloroethyl ester
2	chloroform-ether
2	chloroform petrol
2	chromanes
2	Chromic oxide
2	cis-6-(4'-biphenyl)hex-5-enoic acid
2	cis-cyclopropane lactone
2	cis-pyrrolidine
2	clean desired product
2	colorless oily product
2	colourless oil
2	COMPOUND 1
2	compound 1002
2	Compound 1007
2	Compound 102
2	compound ( 103 )
2	Compound 103
2	Compound 107
2	compound 1-1
2	compound 1.1
2	compound 110
2	Compound 112
2	Compound 115
2	compound 1.16
2	Compound 117
2	Compound 118
2	Compound 119
2	compound 11A
2	Compound 121
2	compound 122
2	Compound 122
2	compound 1-243
2	Compound 125
2	compound 1255
2	compound 1.3
2	compound 135
2	Compound 135
2	Compound 138
2	compound 1.4
2	Compound 15
2	Compound 152
2	compound ( 154 )
2	compound 16
2	compound #16
2	Compound 165
2	Compound 18
2	Compound 19
2	Compound 1a
2	Compound 2010
2	Compound 2011
2	Compound 2012
2	Compound 2013
2	Compound 2025
2	compound 2.06
2	compound 21
2	compound 2-2
2	compound 2.2
2	compound ( 23 )
2	compound 2.37
2	Compound 239
2	compound 24
2	Compound 245
2	compound 2.53
2	compound 268
2	compound 29
2	compound 29.3
2	compound 30
2	Compound 30f
2	Compound 3-1
2	compound 3-12
2	compound 3-189
2	compound 31D
2	compound 32
2	Compound 32
2	compound 323
2	Compound 33
2	Compound 339
2	compound 35
2	Compound 36
2	Compound 362
2	compound 39
2	Compound 39
2	compound 40
2	compound 4.01
2	Compound 43
2	Compound 45
2	Compound 46
2	compound 49D
2	compound 49E
2	compound 49F
2	compound 50
2	Compound 54
2	compound ( 57 )
2	compound 58
2	compound 66
2	compound 68e
2	Compound 69
2	Compound 703
2	compound 70A
2	compound 76
2	compound 77
2	compound 779
2	compound 80
2	compound 828
2	compound 842
2	Compound 87
2	Compound 88
2	compound 8A
2	compound 9
2	Compound 92
2	Compound 94
2	Compound 95
2	compound 99
2	compound 9A
2	Compound G
2	compound I
2	compound III
2	compound ( IV )
2	Compound P
2	Compounds 13
2	compounds 22-29
2	compounds 31
2	Compounds 46
2	Compounds 6
2	compound ( VII )
2	compound XI
2	corresponding acid
2	corresponding solvent
2	coupled adduct
2	coupled product
2	CrCl3
2	Crown ether
2	crude amorphous solid
2	crude brown crystals
2	crude colorless oil
2	crude green solid
2	crude powder
2	crude precipitate
2	crude product 36
2	crude product 8.5
2	crude white foam
2	crystalline white solid
2	CuSO4.5H2O
2	cyclic anhydride
2	cyclic dipeptide
2	cyclic peptides
2	cycloaliphatic ring
2	cyclohexyl ester
2	d3
2	d(+)-alpha-methylbenzylamine
2	dark brown solid
2	dark oil
2	DCM heptanes
2	DCM hexanes
2	DCM petroleum benzine
2	desired compound ( 41 )
2	desired Compound 5
2	desired compound 5.7
2	desired product 4.1
2	desired product ( 4-8 )
2	desired product 5.2
2	desired product 5.4
2	desired product 5.5
2	desired product 5.6
2	desired product 6.3
2	desired product 7.1
2	desired product 8.2
2	desired product 8.3
2	desired product 8.4
2	desired product 8.6
2	desired subtitled intermediate
2	desired title product
2	desmethyl
2	deuterium
2	dextran
2	Dextran-(2-hydroxyethylmethacrylate)-lactate
2	diacetate ester, hydrochloride salt
2	diazoketone
2	diazonium fluoborate
2	dibenzoyl-L(+)tartarates
2	dichloromethane-ether-methanol
2	dichloromethane-petrol
2	di-dioxan
2	dienes
2	diethyl
2	diethyl pyridine 4-phosphonate
2	di-formamide
2	dihydrochloric acid
2	dihydrochloride
2	dihydrochlorides
2	dihydroxynaphthalenes
2	diisocyanate
2	di-isopropanolamine
2	dimethacrylamide
2	dimethylamino
2	dimethyl sodium malonate
2	diorganyl tellurium
2	diphenylethynyl
2	dipropyl acetal
2	disaccharides
2	di-silver
2	D,L-2-aza-2'-hydroxy
2	DMTMM•n-hydrate
2	Dowex-AG-1 acetate
2	D-trans-hydroxyproline methyl ester
2	( E2 )
2	EA DCM iso-hexanes
2	(E)-Doxepin maleate
2	eluant 3
2	eluents D
2	enamines
2	enaminone
2	endo-8-dicarboximide
2	end product
2	enolate
2	epitheaflavic acid
2	equimolar mixture
2	ester hydrochloride
2	ether-benzene
2	ether hexane-20
2	ether-hexanes
2	ethoxyethylidene diethyl malonate
2	ethyl
2	ethyl 2-methylbenzoyl acetate
2	ethyl 8-chloro-3-(2-fluorophenyl)-5,6-dihydrofuro[3,2-f]-1,2-benzizisoxazole-6-carboxylate
2	ethylacetate hexanes
2	ethyl acetate hexanes methanol acetic acid
2	ethyl acetate-hexanetriethylamine
2	ethylene acetal
2	ethyl ether petroleum ether
2	ethyl-O-isopropylphosphonothioic chloride
2	EtOAc DCM petrol
2	EtOAc heptanes
2	EtOAc-heptanes
2	EtOAc-pet. ether
2	EtOAc P-ether
2	EtOAc Petrol
2	EtOH petroleum ether
2	example 10
2	example 20
2	Example 33
2	Example 41
2	Example 4-2
2	Example 44
2	Example 53 ( c )
2	Example 60b
2	Example 7
2	Example 70
2	Example 76
2	expected final product
2	E/Z isomeric mixture
2	E/Z mixture
2	F1
2	faint pink crystals
2	fatty acid
2	fatty acids
2	F(CF2)8 (CH2)6Br
2	final product 25
2	final product I
2	final reactant
2	final residue
2	Five
2	flocculent white solid
2	fluoride ion
2	fluorovinyl
2	Formula 104
2	Formula 107a
2	Formula 108
2	formula 12
2	Formula 12
2	formula 17
2	formula 1a
2	Formula 2
2	Formula 20
2	Formula 202
2	Formula 301
2	Formula 44
2	Formula 502
2	Formula 505
2	Formula 506
2	Formula 507
2	Formula 508
2	formula 6
2	Formula 60
2	formula 8
2	Formula 8
2	Formula IX
2	formula XIII
2	formula XVIII
2	Formula XXII
2	Formula XXIV
2	formula XXVI
2	Formula XXXI
2	( G )
2	galactose trisulfate
2	glyceryl esters
2	( grad20/2 )
2	grayish crystals
2	grey needles
2	( h )
2	halovinyl
2	HBr-salt
2	hemiaminal
2	heparin
2	hexanes ethyl acetate methanol
2	hexanes EtOAc acetone
2	hexanes methylene chloride ether
2	hexaphenyl ester
2	HOPAN
2	H-phosphonate
2	hydrates
2	hydrazine diethylcarboxylate
2	hydrocarbons
2	hydrochloride ester
2	hydrochlorides
2	hydrochloride salts
2	hydrochoride salt
2	hydrogenmaleinate
2	hydrogen-oxalate
2	hydroxamate
2	hydroxide ion
2	IBP-BPA
2	( ii )
2	imidazole-N-tritylated
2	imido ester
2	initial mixture
2	intermediate 107
2	intermediate 115
2	Intermediate 12
2	intermediate 126
2	intermediate 13
2	Intermediate 20
2	Intermediate ( 20 )
2	intermediate 22
2	intermediate 26A
2	Intermediate 26A
2	Intermediate 3
2	Intermediate ( 3 )
2	Intermediate 4
2	Intermediate 44-1
2	INTERMEDIATE 48B
2	Intermediate 6
2	intermediate 64
2	intermediate 77
2	intermediate 86
2	intermediate 9
2	Intermediate B
2	Intermediate B1
2	intermediate C
2	Intermediate D
2	Intermediate I
2	intermediate III
2	Intermediate M
2	intermediate XIII
2	Intermediate XXII
2	Isatoic anhydrides
2	isodecyl ester
2	isohexanes
2	isopropanol petrol
2	isopropyl mono ester
2	(-)-isopulegone
2	( iv )
2	keto-ester
2	L-amino acid methyl ester
2	layer 5
2	light pink solid
2	light tan solid
2	light yellow product
2	lithium carboxylate
2	L-lactic acid-co-trimethylene carbonate
2	low-purity product
2	malonamide ester
2	malonate ester
2	manoalide δ-lactone proprionate
2	materials
2	MeOH CH2Cl2-
2	MeOH(CH2Cl2)
2	MeOSuc-Phe-Gly-Leu-OH
2	MeOSuc-βAla-Leu-Ala-Leu-Dox
2	metal hydride
2	metal M
2	methanol-ether
2	methanol hexanes
2	methiodide
2	methyl 2,2-dimethyl-3-(2',2'-dichlorovinyl) cyclopropanecarboxylate
2	methyl 2-(3-chloro-4-nitrobenzene)propionate
2	methyl and ethyl esters
2	methyl E-1-carbomethoxy-5-(4-methoxyphenyl)hept-4-enoate
2	methylene chloride-alcohol
2	Methyl L-3-amino-(substituted phenyl)butyrate
2	methyl R-(-)-3-hydroxypentanoate
2	Mg
2	mixture 8/1
2	Mn
2	mono-1,1-dimethylethylarsine
2	monochloroform
2	mono-desilylated product
2	mono-formate
2	mono-hydrate
2	monomethylenephosphonate diethyl ester
2	mono-oxalate
2	monosaccharides
2	monosilyl
2	mono trifluoroacetate
2	mono (trifluoroacetate)
2	mono-trifluoroacetic acid
2	M-sugar-OH
2	M-t-Bu
2	N1-[4-chloro-2-(2-chlorobenzoyl)phenyl]-2-[4-(4-4-[(E)-3-(4-fluorophenyl)-3-oxo-1-propenyl]-2-methoxyphenoxy butyl)piperazino]acetamide
2	N-{2-[3-(4,1,2-Benzoisothiazol-3-yl-piperazin-1-yl)-propyl]-phenyl}-2-(4-chloro-phenyl)-acetamide
2	N-(2-hydroxy-6-pyridyl)-N',N'-di-n-propylformamidine
2	N2 naphthalenesulfonyl-L-arginyl halide
2	N-[3,5-bis(decyloxy)phenyl]-N-[[bis(2-hydroxyethyl)amino]carbonyl]methoxy
2	N-[4-allyloxyiminomethyl)phenyl
2	N-[4-crotyloxyiminomethyl)phenyl
2	N-(4-tertbutylbenzyl)-N-methyl-lnaphthylmethylamine hydrochloride
2	N-(6-aminohexyl)-5-nitroisobenzothiazol-3
2	N-[9H-(Fluorenyl-9-ethoxycarbonyl)]amino-4-benzoic acid
2	Na
2	Na amalgam
2	N-acetylgalactosamine dialdose
2	N-acetyl-gly-boroproline
2	NaHB(OAc)3
2	Na HEPES
2	naphthoquinone-1,2-diazido-5-sulfonic acid
2	naphthyl-(1)-acetic acid methyl ester
2	NCO
2	nD20
2	NH4OH-
2	NH4OH(0.5)
2	nickel-catalysed
2	N-isobutyl 7-(4'-bromophenyl)-(2E,6Z)-hepta-dienamide
2	nitric ester
2	nitrobenzyl
2	nitropyrrole trichloroketone
2	N-methyl 2'-orthochlorobenzoyl-4'-chloro
2	N,N′-(2,2′-(methylazanediyl)-bis(ethane-2,1-diyl))bis(2-nitrobenzenesulfonamide)
2	N,N-dialkyl sulfamides
2	N,N′-dibenzoylated ethylenediamine
2	N,N-dimethylcarbamoyloxy-2(1H)-pyrimidinone
2	N,N-Disubstituted sulfamoyl chlorides
2	nonaacetate
2	Nonyl aldehyde
2	nosyl
2	N-propylsulfonate naphthoindoline
2	N-[(R)-2-(2-benzothiazolylthio)-1-ethyl]-2-chloroadenosine
2	N-substituted-6-(pyridin-2-yl)-5,6,7,8-tetrahydropyrido[4,3-d]pyrimidin-4-amine
2	N-substituted-7-(pyridin-2-yl)-5,6,7,8-tetrahydropyrido[3,4-d]pyrimidin-4-amine
2	O1 -4-methylbenzenesulfonate
2	objective product
2	O-chloracetyl amidoxime
2	O-cyanomethyl oxime
2	off-white amorphous acid
2	oil ( 94.46 )
2	oil/film
2	oily liquid
2	oily residue
2	oligomer ( A )
2	oligonucleotides
2	opal
2	orange liquid
2	orange powder
2	organosilane
2	organozinc
2	O-silylated aminoalcohol
2	other products
2	o-tolylboronic ester
2	oxide monohydrate
2	oxime (E)-5-((4-fluorophenyl)(hydroxyimino)methyl)-N,3-dihydroxy-4-methylpicolinamide
2	pale beige solid
2	pale yellow oily product
2	palladium(II)bis(triphenylphosphine)dichloride
2	p-benzylbenzyl ester
2	pentahydrate
2	peroxide
2	petroleum ether acetone
2	petroleum ether-dichloromethane-ethyl acetate
2	petroleum ether diisopropylether
2	petroleum ether—ethyl acetate
2	petroleum ether toluene
2	petroleum ether-toluene
2	petroleum ethyl acetate
2	Petroleum EtOAc
2	phenolic acids
2	pinacol ester-5-trifluoromethoxy-benzylsulfanyl
2	pinkish solid
2	pivaloylacetic acid ester
2	pivaloyloxymethyl ester
2	polyacrylamide
2	polyacrylic acid
2	polyamide imide
2	polyamines
2	polybutadiene
2	poly-cyclohexylbenzenes
2	polydiacetylene
2	polyisoprene
2	polymeric condensation product
2	Polypeptide
2	polyunsaturated fatty acid
2	poly(vinyl butyral)(BL5-HPZ)
2	polyvinyl pyrrolidone
2	potassium carbonate salts
2	potassium fluoride-Celite
2	PPG-4-N-Methyl-N,N-Diethanolamine Adipate
2	prenyl-substituted methyl pentenones
2	primary amide
2	product 112
2	product 117
2	product 5
2	product A
2	product b5
2	product I
2	product ( S )-
2	product X
2	pure yellow oil
2	purified product
2	quinone
2	(R)-1-methoxycarbonylethyl ester
2	(R)-3-[2-bromo-1-oxooctyl)oxy
2	(R)-3-amino-1-(3-(cyclohexylmethoxy)phenyl)propan-1-olmandelate
2	R3—Br
2	rac-1-0-benzyl-2,3-0-isopropylidine glycerol
2	rac-1-O-benzyl-2,3-O-isopropylidine glycerol
2	rac-2-[5-(6-methoxy-2,3,3a,4,5,9b-hexahydro-1H-cis-benzo[e]indol-6-yl)pentyl]octahydro-cis-isoindole-1,3-dione
2	racemic 2-ethoxy ethyl ester
2	racemic esters
2	red-orange powder
2	required compound
2	required intermediates
2	residual solvent
2	residue ( 63 )
2	(R)-(−)-hydrogenphosphate-1,1′-binaphthyl-2,2′-diyl
2	RNA
2	(R,S)-1-pivaloyloxyethyl (S)-3-(3,4-dihydroxyphenyl)-2-methylalaninate
2	RuCl3
2	(S)-5-octyl-2-[4-(2,3-oxiranylpropoxy)phenyl]pyrimidine
2	S-acetal
2	S-acetate
2	said product
2	same product
2	saturated aldehyde
2	SC 13910
2	secondary amines
2	Sephadex
2	Silacyclobutane silazanes
2	silica
2	SiO2CH2Cl2 MeOH
2	SiO2 DCM
2	SiO2 dichloromethane-petroleum ether
2	SiO2 ethyl acetate
2	SiO2 ethyl acetate hexane
2	SiO2 hexane EtOAc
2	SiO2 MeCN
2	Sodium 2,2-d2-4-hydroxybutyrate
2	sodium 2-hydroxy-3-N-carboxyethylammoniopropyl phosphate
2	Sodium furfurylthiolate
2	solution ( 0.880 )
2	solution 2
2	solution 305
2	Solution B
2	solutions
2	S-oxide
2	spiro[3,3-diphenyl-2,3-dihydro(1H)indene-1,3'-2'-cyanooxirane]
2	steroids
2	substituted 5,6,7,8-tetrahydro-6-(5-methylpyridin-2-yl)pyrido[4,3-d]pyrimidines
2	substituted benzoic acid
2	substituted phenylhydrazine
2	subtitle compound
2	sugars
2	sulfamic ester
2	sulfinamide
2	sulfinates C4F9SO2Na
2	sulfonamides
2	Sulfone
2	sulfonyl ester
2	superoxide
2	(S)-α-methoxycarbonylbenzyl ester
2	TaCl5
2	ter-butyl ester
2	terpene
2	tert-butyl ((1R,2S,3S,5R)-5-(3-aminopyridin-4-yl)-2-(2-cyanoethoxy)-3-methylcyclohexyl) carbamate
2	tert-butyl 3(R)-[3-(1-benzyloxycarbonyl-4-piperidyl)-1(S)-ethoxycarbonylpropyl]amino-4-oxy-2,3,4,5-tetrahydro-1,5-benzothiazepine-5-acetate
2	tert-butyl ((R)-2-methyl-4-((R)-(4-biphenyl)(phenyl)methyl)-piperazin-1-yl)acetate
2	tetraacid
2	tetrabutyl ammonium salt
2	tetrahydrobromide
2	tetrahydropyranyl
2	tetrakis-triphenylphosphine palladium
2	tetrapeptide
2	THF hexanes Et3N
2	thick oil
2	thioester
2	thioether
2	titania silica
2	title compound ( 10 )
2	title compound 14
2	title compound 24a
2	titled crude product
2	Title product
2	TMS alkyne
2	toluene-ether
2	tosylated tropolone
2	total product
2	trans-amide
2	trans pyrrolidine
2	tricyclic nucleoside
2	triglycerides
2	tri-hydrate
2	trihydrobromide
2	trihydrochloric acid
2	triketone
2	trimethylsilyl cyanohydrin ether
2	tripeptide
2	Triphosphates
2	tris-hydrochloride
2	tris-TFA
2	tri(trifluoroacetate)
2	trona
2	TsOH(cat.)
2	UDP 13C Gal
2	undistillable oligomer
2	unidentified by-product
2	unidentified products
2	unpurified product
2	Vilsmeier's reagent
2	Vinorelbine N′b-oxide
2	vinyl benzyl polyethylene glycol
2	viscous brown oil
2	viscous-oil
2	viscous syrup
2	Weinreb amide
2	white amorphous solid
2	white crystalline product
2	white powdered solid
2	white-solid
2	Wittig reagent
2	xanthan gum
2	XIII
2	XVI
2	( XVI )
2	XXII
2	XXIII
2	XXVI
2	XXXVIII
2	( Y )
2	yellow acicular crystals
2	yellow foam
2	yellowish crystals
2	)/( Z )
2	Zn bis-triflimide
2	Zr
2	α-ethyl ester
2	α-ethynyl-m-phenoxybenzyl ester
2	α-neryldiethylamine
2	α-(N-p-tosylamino)-γ-butyrolactone
2	α,α-diphenyl-6-propyl-1,6-dioxaspiro[4.5]decane-6-propanol
2	β-diketone
2	( ε14,700 )
2	( ε17,300 )
2	ε-(trifluoracetamido) caproic acid N-hydroxysuccinimide ester
1	( Å )
1	0.0084
1	0.0125-g
1	0.0257
1	0.031
1	0.0349
1	( ±0.05 )
1	0.058
1	0.07
1	0.070
1	0-10 methanol
1	0.12
1	0.143
1	0.219
1	0.23
1	0.238
1	0.24
1	0.244-g
1	( 0.25 )
1	0.282
1	0.284
1	0.309
1	0.320
1	0.33
1	0.38
1	0.3.g
1	0.48
1	0.5186
1	0.52
1	0.56
1	0.58
1	0.5G
1	06046
1	06172
1	( 0.62 )
1	0.734
1	0.749
1	0.81
1	0.869
1	0.880
1	0.91
1	0.94
1	0.97
1	0-methine hydrogen
1	1.00
1	100.5g
1	1006
1	100.6
1	100.8g
1	100d
1	100m
1	( 10-1 )
1	10,11-dihydroxy
1	101.5
1	101A
1	101-f
1	10/2/1 ethyl acetate methanol triethylamine
1	10.24
1	( 103 )
1	10.3
1	10.35
1	104d
1	105g
1	1.06
1	106.1
1	1.063
1	107
1	109.08
1	109.3g
1	10-bromo-7-(4-methyl-1-piperazinyl)-2,3-dihydro-1H-quino[18-ab)[15]benzodiazepine
1	[[(10-chloro-6,7-7-dihydro-4-oxo-3-phenyl-4H-benzo[a]quinolizine-1-yl)methyl]amino]acetonitrile
1	10d
1	10e
1	10E
1	( 10g )
1	1.0.g
1	10-methyl-7-(4-methyl-1-piperazinyl)-2,3-dihydro-1H-quino-[1,8-ab][15]benzodiazepine
1	10-nitro
1	[10-O-(carboxypropyl)]ractopamine ether
1	10U
1	10Z
1	10β-[(2′,2′,2′-trifluoroethyl)oxy]dihydroartemisinin
1	( 1/1 )
1	1-10
1	110g
1	1,1,1-tris(4-polypropoxylate phenyl)ethane
1	112
1	1.12
1	1/1-3/1 ethyl acetate hexanes
1	1,1,3,3-tetramethylguanidine molybdate
1	11,3-dibenzyl-2-oxo-1,4,8-triazaspiro[4,5]decane-8-carboxylic acid (4-methoxyphenyl)amide
1	114.4
1	1-1,4,5-trimethoxy-3-naphthylcarbonyl
1	11.579
1	11.58
1	115g
1	1.160
1	116.6
1	117.4
1	11781e
1	11.87
1	1,18-octadec-9-enedioic acid
1	119.45
1	11B
1	11-desoxy-PGF2
1	1,1-di-(3-thienyl) ketene
1	1,1-[di(5'-bromo-2'-methoxy-3'-methoxycarbonyl) phenyl]-1-undecene
1	1,1-diethyl-3-(2-trimethylsilylvinyl-1-propyl-6-methyl-8α-ergolinyl)urea
1	1,1-dimethylethyl-[[[1-[[(3,5-dichlorobenzoyl)methylamine]methyl]-2-(3,4-dichlorophenyl)-5-methyl-hexen-1-ylidene]amino]oxy]-2-oxo-1-phenylethyl
1	11f3
1	11H-EtOAc
1	11-methyl-5-oxo-6,11-dihydro-5H-5,4-thia-11-aza-benzo[a]fluoren-8-ol
1	1,1′-{[(Propane-1,3diyl)dioxy]bis[2-nitro-5-methoxy-1,4-phenylene)carbonyl]
1	1-(1-propargyloxy-3-chloro-5-fluoro-2-pyridon-6-yl)-3-methyl-4-trifluoromethylpyrimidine-2,6-dione
1	1-(1(S)-t-butoxycarbonylethyl)-3(S)-azido-4(R)-azetidin-2-one
1	1,1-tert-butyl per oxy-3,3,5-trimethyl cyclohexane
1	11-trimethylsilyl ether
1	120.3
1	12.11
1	12,13,17-Trihydroxy-9(Z)-Octadecenoic Acid
1	1-(2-(1,3-dioxin)-2-yl)ethylidene
1	1.22
1	122.7
1	1-[2-(2-Fluoro-6-methoxy-phenoxy)-5-fonnyl-phenyl]-3-thiazol-2-yl-urea
1	1-[2-(2-methoxy-ethoxymethyl)-1-oxo-1,2,7,8,9,10-hexahydro-benzo[t]quinazolin-3-yl]-1H-pyrazole-4-carboxylic acid ethyl ester
1	123
1	123.6g
1	1-(2,3-dihydro-6-nitrospiro[imidazo[2,1-b]oxazole-2,4′-piperidin])-1′-yl
1	1-(2,3,-Dioleyloxy(propyl)-N,N,N-trimethylammonium chloride)
1	123g
1	124
1	1-(2,4-dihydroxy)-2-(3′,4′-dihydroxyphenyl)-1-oxo-3-bromo-propane
1	125-130~C
1	125.1g
1	1-[2-(5,6-Dimethoxy-1-methyl-1H-indol-3-yl)-1H-pyrrolo[2,3-b]pyrid-4-ylmethyl][1,4′]bipiperidyl
1	125g
1	1.26
1	12.69
1	127
1	12.77
1	127b
1	128-C
1	12a
1	[ 12A ]
1	1,2-addition
1	1-(2-aminophenyl)-6-methyl-1,2,3,4-tetratetrahydroquinol
1	12B
1	1,2-benzoisothiazol-3(2H)-one-1,1-dioxide-4-diazonium chloride
1	1,2-bis-4,4'-dipyridylacetylene
1	12C
1	1-(2-chloro-p-acetophenyl)-2,2-dimethylpropanol
1	12D
1	1,2-dicyclohex-4-vinyl ethylene
1	1,2 -dihydro-1-methyl-2-oxo-nicotinamido
1	1,2-diphenylquinolones
1	12E
1	12F
1	12G
1	1-(2-methoxyl-5-chlorophenyl)-3-{1-[1-(t-butyloxycarbonyl)-1H-pyrrolo[2, 3-1)]pyridin-4-ylmethyl]-1H-indol-4-yl
1	1-(2-methyl-1-trimethylsilymethyl-2-propenyl)cyclohexanol
1	1-(2-Nitrophenylethyl) phosphate
1	1-[2′-(S)-tbutoxycarbonylamino-)′-[4″-(1′″-tbutoxycarbonyl-1′″-methyl)ethyl]benzene
1	( 1-3 )
1	13.0
1	131
1	13-1
1	13.11
1	13(18)14,16-tetraen-10-ylcarbamoyl
1	1.32
1	132478h
1	132c
1	13.3
1	13.35
1	133C
1	1,3,3-trimethyl-6'-morpholinospiro
1	13.4
1	1-(3,4-dihydroisoquinolin-2(1H)-yl)-3-((4-(3-methyl-3H-imidazo[4,5-b]pyridin-5-yl)pyridin-2-yl)amino)propan-22-ol
1	( 135 )
1	135.2
1	135.7g
1	(1,3,5-tris[(E)3,5-didodecyloxyphenyl)-ethenyl]benzene
1	1.36
1	-137
1	138
1	1.39
1	13.9
1	13a
1	( 13a )
1	13a2
1	1,3-Bis (1,4,7-triazacyclononane) propane N,N′-bis(p-toluenesulfonyl)-1,4,7-triazacyclononane
1	1,3-BPA
1	[13C]OA-NO2
1	13-cyclohexyl-3-fluoro-6-(4-morpholinylcarbonyl)
1	13-cyclohexyl-N-[(dimethylamino)sulfonyl]-6-[(3,4,6,10b-tetrahydro-6-oxopyrazino[2,1-a]isoindol-2(1H)-yl)carbonyl]
1	1,3-Di-cyclopropylemthyl-8-morpholino xanthine
1	1,3-Dihydro-3-methyl-4-phenylpyrido[2,1-b]-5-phenylbenzoxazolium bromide
1	1-[3-(dimethylamino) propyl]-14-fluorophenyl
1	1-(3-dimethylaminopropyl)-3-ethylcarbodiimide hydrochloride (EDC)and
1	1,3-dimethylphosphinylmethyl-3-(4-hydroxyphenyl)spiro[isobenzofuran-1,4'-piperidine]
1	1.3-dinitroglycerol ester
1	1,3-dioxolane 4-methyl acetate
1	( 13f )
1	[1-(3-pyridin-2-yl-imidazo 1,2-a]pyrazin-2-yl)-ethyl
1	1,3-Tri-cyclopropylmethyl-xanthine
1	13β
1	1.4
1	140.4
1	14.05
1	140.8g
1	( 141 )
1	1/4-1/1 ethyl acetate hexane
1	14.3
1	145.4
1	146
1	1.47
1	147.0
1	148
1	14.878
1	149
1	14.93
1	149.9
1	14a
1	1,4-((bis(3,5-dichloro-2-pyridinyl)oxy))benzene
1	1-(4-bromoindrazol-1-y1)-ethanone
1	1-[4-chloro-3-](2,2,3,3,4,4,4-heptafluorobutoxy)methyl
1	1-(4-chloro-phenyl)-2-[4-(6-oxo-1,6-dihydro-pyridin-3-yl)-phenyl]-9-phenyl-1,9-dihydro-purin-6-one_as
1	1-(4-chlorophenyl-3-diomethylaminoallyl)pyridine
1	14′-cyclohexyl-1-isopropylspiro[azetidine-3,7′-indolo[1,2-e][1,5]benzoxazocine]-111′-carboxylic acid
1	14e
1	14,ethanol
1	14f
1	150b
1	( 15.1 )
1	15.11
1	1.52
1	1.54
1	15.4
1	1550g
1	( 1.5522 )
1	1-[5-(5-Chloro-thiophen-2-yl)-isoxazol-3-ylmethyl]-1H-imidazole-2,5-dicarboxylic acid 4-tert-butyl ester 2-ethyl ester
1	1.55.g
1	15.66
1	1.57
1	157g
1	158.4
1	159
1	15B
1	1-(5-chloromethyl-1,3,4-thiadiazol-2-yl)-3-methyl-5-hydroxy-1,3-imidazolidin-2-one
1	( 15D )
1	15e
1	1-(5-hydroxy-3-methyl-1-phenyl-1H-4-yl)-6-methyl-1,3-dihydrofuro[3,4-c]pyridin-7-ol
1	1-[5-O-Dimethoxytrityl-2-O-tert-butyidimethylsilyl-3-O-2cyanoethyl-N,N-diisopropylaminophosphoramidite-β-D-Ribofuranosyl]-1,4-dihydro-pyrimidine-4-one
1	15-pentadodecanolide
1	15T
1	15 -tetrahydropyranyl ether
1	1-[5-trifluoromethyl)pyridin-2-yl
1	1-5α-benzyloxymethyl-4β-hydroxycyclopent-2-enyl-1β-acetic acid
1	( 16 )
1	1600(w)
1	160.2
1	160g
1	161b
1	16.1F
1	1.62
1	162.4
1	1,62, 7αdimethyl-5-androstene-3β,17β-diol diacetate
1	163
1	( 164 )
1	1.64
1	165
1	165.07
1	165.9
1	167.4
1	16.9
1	16a
1	16c
1	1,6-di(4-hydroxyphenyl)-1,6-diasaspiro[4.4]nonane-2,7-dione
1	1,6-dihydroxylamine hexane
1	16g
1	16-methyl
1	16-phenoxy 17,18,19,20-tetranor-PGF2α
1	16α,17-aminocarbonylcyclic acetal pregnane
1	16α,17-carboxycyclic acetal pregnane
1	16α-methylated product 60
1	1-7
1	( 170 )
1	171
1	17171/2/1
1	17,17-bis-(ethylenedioxy)-11-(4-hydroxyphenyl)-5,9(11) estradiene
1	1720(w)
1	17,21-carboxycyclic acetal pregnane
1	173
1	1.73
1	( 175 )
1	175-177~C
1	17.6
1	1765g
1	17.76
1	1780(s)
1	179
1	1.79
1	17.9
1	17a
1	17-allyl-11,14-dihydroxy-12-[2-[4-(p-iodobenzenesulfonyloxy)-3-methoxycyclohexyl]-1-methylvinyl]-23,25-dimethoxy-13,19,21,27-tetramethyl-11,28-dioxa-4-azatricyclo[22.3.1.04,9]octacos-18-ene-2,3,10,16tetraone
1	17-allyl-1,14-dihydroxy-23,25-dimethoxy-13,19,21,27-tetramethyl-12-[2-(4-methylthiomethoxy-3-methoxcyclohexyl)-1-methylvinyl]-11,28-dioxa-4-azatricyclo[22.3.1.04,9]octacosa-14,18-diene-2,3,10,16-tetraone
1	17-allyl-1,14-dihydroxy-23,25-dimethoxy-13,19,21,27-tetramethyl-12-[2-(4-methylthiomethoxy-3-methoxycyclohexyl)-1-methylvinyl]-11,28-dioxa-4-azatricyclo[22.2.1.04,9 ]octacosa-14,18-diene-2,3,10,16-tetraone
1	17-allyl-1,14-dihydroxy-23,25-dimethoxy-13,19,21,27-tetramethyl-12-[2-(4-methylthiomethoxy-3-methoxycyclohexyl)-1-methylvinyl]-11,28-dioxa-4-azatricyclo[22.3.1.04,9 ]octacosa-14,18-diene-2,3,40,16-tetraone
1	17-allyl-14-[(−)-2-trifluoromethyl-2-methoxy-2-phenylacetoxy]-12-[2-[4-[(−)-2-trifluoromethyl-3-methoxy-3-phenylacetoxy]-3-methoxycyclohexyl]-1-methylvinyl]-1-hydroxy-23,25-dimethoxy-13,19,21,27-tetramethyl-11,28-dioxa-4-azatricyclo-[22.3.1.04,9]octacos-18-ene-2,3,10,16-tetraone
1	17-allyl-14-[(-)- 2-trifluoromethyl-2-methoxy-2-phenylacetoxy]-12-[2-[4-[(-)-2-trlfluoromethyl-2-methoxy-2-phenylacetoxy]-3-methoxycyclohexyl]-1-methylvinyl]-1-hydroxy-23,25-dimethoxy-13,19,21,27-tetramethyl-11,28-dioxa-4-azatricyclo[22.3.1.04,91 ]octacos-18ene-2,3,10,16-tetraone
1	17-allyl-1-hydroxy
1	17-allyl-1-hydroxy-12-[2-[4-(p-iodobenzenesulfonyloxy)-3-methoxycyclohexyl]-1-methylvinyl]-23,25-dimethoxy-13,19,21,27-tetramethyl
1	17-allyl-1-hydroxy-12-[2-[4-(p-iodobenzenesulfonyloxy)-3-methoxycyclohexyl]-1-methylvinyl]-23,25-dimethoxy-13,19,21,27-tetramethyl-11,28-dioxa-4-azatricyclo[22.3.1.04,9 ]octacosa-14,18-diene-2,2,10,16-tetraone
1	17-allyl-1-hydroxy-12-[2-[4-(piodobenzenesulfonyloxy)-3-methoxycyclohexyl]-1-methylvinyl]-23,25-dimethoxy-13,19,21,27-tetramethyl-11,28-dioxa-4-azatricyclo[22.3.1.04,9 ]octacosa-14,18-diene-2,3,10,16-tetraone
1	17-allylcarbamate
1	17b
1	1,7-bis(dihydrogen phosphate)
1	17-butyrate 21-acetate diesters
1	17-cyclopropylmethyl-4,5α-epoxy-14β-hydroxy-3-methoxy-6β-[N-methyl-trans-3-(3-furan)acrylamido]morphinan hydrochloride
1	1,7-diacetate
1	17-epi-21-hydroxypregna-1,4-diene-3,11,20-trione
1	17-ethyl-1,14-dihydroxy
1	"17-ethyl-1,14-dihydroxy-12-[2'-(4""-(naphth-1-yloxy)-3""-hydroxycyclohexyl)-1'-methylvinyl]-23,25-dimethoxy-13,19,21, 27-tetramethyl-1,28-dioxa-4-azatricyclo[22.3.1.04,9 ]-octacos-18-ene-2,3,10,16-tetraone"
1	"17-ethyl-1,14-dihydroxy-12-[2'-(4""-(naphth-1-yloxy)-3""-hydroxycyclohexyl)-1'-methylvinyl]-23,25-dimethoxy-13,19,21,27-tetramethyl-1,28-dioxa-4-azatricyclo[22.3.1.04,9 ]octacos-18-ene-2,3,10,16-tetraone"
1	"17-ethyl-1,14-dihyroxy-12-[2'-(4""-(naphth-2-yloxy)- 3""-hydroxycyclohexyl)-1'-methylvinyl]-23,25-dimethoxy-13,19,21,27-tetramethyl"
1	17-oxo
1	(17α)-13-ethyl-17-hydroxy-18,19-dinorpregn-4-ene-20-yn-3-one-oxime
1	17β,19-dihydroxy-1α,17α-dimethyl-5-androsten-3-one
1	17β,19-dihydroxy-6α,17α-dimethyl-1,4-androstadiene-3-one dipropionate
1	17β-(2'-tetrahydropyranyloxy)-5-androsten-19-one
1	17β-hydroxy-4α,17α-dimethyl-5-androstene-3,19-dione
1	17β-hydroxy-7α,17α-dimethyl-5-androstene-3,19-dione
1	( 1-8 )
1	18.1
1	181b
1	184
1	185
1	185.9
1	185g
1	1.86
1	18.6
1	186.5
1	188
1	( 188 )
1	18.g
1	1/9-1/3 ethyl acetate hexane
1	193
1	194
1	195A
1	198
1	198C
1	199
1	199.5
1	19b
1	19D
1	19E
1	1(a)
1	1-acetoxy-3,7,11,15-tetramethyl-hexadecy-2,4,6,8,10,14-hexaene
1	1-acetyl-3,5-d-methyl-7-adamantanol
1	1-amino-1-deoxy sugars
1	1-aza-2-hydroxybenzanthrone
1	1-azabicyclo[2.2.2]octanes
1	( 1b )
1	1-B
1	1-benzoyl-1H-indol-3-yl
1	1-benzoyl-4-fluoro-1,4-diazoniabicvclo[2.2.2]octane bis(tetrafluoroborate) 1,4-Diazabicyclo[2.2.2]octane N-oxide
1	1-benzyl-1,2-dihydro-2-oxo-nicotinamido
1	1-benzyl-[4-(benzyl)-troc-amino]-pyrrolidin-2-yl
1	1-Benzyloxycarbonyl-4-[N-2,4-dimethoxybenzylcarbamoyl]piperidine
1	1-bromo sugar
1	1-butyl-1,2-dihydro-2-oxo-nicotinamido
1	1-butyl-2-[2'-92-(1-methyl-1-phenylethyl)-2H-tetrasol-5-yl)biphenyl-4-ylmethyl
1	( 1C )
1	1-C
1	1-carboxy-2,4,6,8-tetraazabicycl [3,3,0]-octa-4-en-3,7-dione
1	1-c-C3H5 -O
1	1-cyano
1	1cyclohexane
1	1-cyclohexylphenylamino
1	1'-cyclopentane
1	1'-cyclopropane
1	1-cyclopropyl-3-ethoxycarbonyl-7,9-difluoro-8-(4-methyl---piperazinyl)-4-oxo-1,4-dihydrobenzo[b][1,8]naphthyridine
1	1dichloromethane
1	1-dichloromethane
1	1-ethyl-2,3,3-trimethyl[3H]indolium-5-sulfonate
1	1-ethyl-4-diphenylmethyleneazepine
1	1-ethyl-4-oxy-3-phenyl-6-propyl-1H-pyrimido[5,4-e][1,2,4]triazine-5,7-dione
1	1-ethyl-5-amino-6,8-difluoro
1	1EtOAc-hexane
1	1f
1	1 -fluoro-3-perfluorohexyl benzene
1	1-fluoro-4-methoxy-1,4-diazoniabicyclo[2.2.2]octane bis(tetrafluoroborate) 1,4-Diazoniabicyclo[2.2.2]octane N-oxide
1	1-formyl-2-(4-aminophenyl)hydrazide
1	1h
1	1H
1	1H14
1	1-hexyl-1-chloro-2-perfluorohexylethane
1	1H-Gly 4-Nitrobenzylamide hydrochloride
1	1H-indol 3-O-pyrrolidine-2,5-dione
1	1H-NMR(DMSO-d6)
1	1-homocysteine
1	1-hydroxy-23,25 -dimethoxy-13,19,21,27-tetramethyl
1	1-Hydroxy-7-methoxy-1,3-dihgydrobenzo[c]furan
1	1-hydroxyphthalan
1	1-imino-5,6-dichloro
1	1-isopropylamino
1	1j
1	1,methanol
1	1-Methoxy-1-(3-bromophenyl)acetonitrile
1	1-methoxy-1-methyl-3-(3-perchlorylphenyl)urea
1	1-methoxy-5-(methyl-thio)-2-(pyridin-3-yl)-1H-benzo[ ]imidazole
1	1-methyl
1	1-methyl-2-(2-(quinoxalin-2-yl)ethyl)-M-imidazo[4,5-f]quinoline hydrochloride
1	1-Methyl-2-nitroethyl-1'-acetylthiobutyl ether
1	1-methyl-3-(m-chloro)-phenyl-6-chloroindan
1	1-methyl-3-(p-chloro)-phenyl-5-chloroindan
1	1-methyl-4,6-diphenyl-5-(4-pirridyl)pyrazolo[3,4-b]pyridine
1	1-methylether ester hydrochloride
1	1-methylethyl ester
1	(1-methyl-l-hydroxy) ethyl-3-cyclohexene
1	1-methylpyrrolidin-2
1	1MS(CI)
1	1n
1	1-(N-benzyloxycarbonylpyrrolidin-2-yl)-3-hydropropene
1	(1,N)-(but-2-enyl)-morpholine
1	1-O-octadecyl-2,2-dimethoxy-1,3-propane diol-3-ethylphosphonoacetate
1	(1-oxo-2-ethyl-6-chloro-5-indanyloxy)acetic
1	1P
1	1-[p-[(7-chloro-4 -quinolyl)-N-ethylamino]benzoyl]-4-methylpiperazine,respectively
1	1-phenyl-7-(3'-pyridyl)-heptan-4-ol ester
1	1-phenyl-7-(3′-pyridyl)-heptan-4-ol ester
1	1-p'-n-hexylbiphenylyl
1	1-propyl-Z,4-dioxopyrrolidine
1	1-(p-β-dimethylaminoethoxyphenyl)-1-[p-(2-tetrahydropyranyloxy)phenyl]-2-phenylbutan-1-ol
1	(1R, 2R, 5R)-2-Acetyl-5-methyl cyclohexanyl formate
1	(1R,2S,5S)-3-((S)-3,3-dimethyl-2-(3-trifluoromethyl)phenylamino)butanoyl
1	(1R,2S,5S)—N-(4-amino-1-cyclobutyl-3,4-dioxobutan-2-yl)-3-((S)-3,3-dimethyl-2-(3-trifluoromethyl)phenylamino)butanoyl
1	[1R,3aR,4S,7aR]-7a-Methyl
1	(1R,3S)-acetate
1	(1R,4R)-5-(4-arylmethoxy-benzenesulfonyl)-8,8-dimethyl-2-oxa-5-aza-bicyclo[2.2.2]octan-3-one
1	( 1R/S,2R/S,3R/S,6S/R )
1	(1R/S,3R/S,6R/S)-ethyl 2-{[(4-fluorophenyl)sulfanyl]methyl}-5-methylcyclohexanecarboxylate
1	(1R/S,3R/S,6R/S)-N-(cyanomethyl)-2-{[(4-fluorophenyl)sulfanyl]-methyl}-5-methylcyclohexanecarboxamide
1	( 1R/S,3S/R,6R/S )
1	(1S,2R,3S)-3-[(S)-α-[(t-butylsulphonyl)methyl]-hydrocinnamamido]imidazole-4-propionamido
1	(1S,2R,3S,4R)-3-(3-fluoro-4-methyl-benzylamino)-bicyc
1	1-((S)-3-(4,6′-dimethyl-1′-oxy-3,4,5,6-tetrahydro-2H-[1,4′]bipyridinyl-2′-ylamino)pyrrolidin-1-yl)-2-(4-trifluoromethoxyphenyl)ethanone
1	(1S,3R)-1-benzofuran-2-yl-2,3,4,9-tetrahydro-1H-p-carboline-3-carboxylic acid methyl ester
1	(1S,3R)-acetate
1	(1S;3S)-1-(3-methylbenzo[b]thiophen-2-yl)-2,3,4,9-tetra-hydro-1H-β-carboline-3-carboxylic acid methyl ester
1	( 1S/R,2R/S,3R/S,4R/S )
1	( 1S/R,3R/S,4R/S,6R/S )
1	(1S-trans)-N-[(3-Carboxy-1,2,2-trimethylcyclopentyl)carbonyl]-4-[(2,6-dichlorobenzoyl)amino]-D-phenylalanine
1	1-t-butoxycarbonyl
1	1-tert-1butoxycarbonyl-4-(1H-tetrazol-1-ylmethyl)piperidine
1	1-tert-butyl ester
1	1-tert-butyloxycarbonyl-3,4-dehydro-4-benzylpiperidine
1	1-trifluoromethylheptyl ester
1	1-Z
1	1-Z-Arg(NO2)-Gly-OBzl
1	1α,17α-dimethyl-5-androstene-3β,17β,19-triol
1	[ 1α,2β,3α,5α ]
1	[1α,2β(5Z),3β,4α]-7-[3-[(hexylsulfonyl)methyl]-7-oxabicyclo[2.2.1]hept-2-yl]-2,2-dimethyl-5-heptenimidic acid, phenylmethyl ester
1	1α,4α-dimethyl-19-(2'-tetrahydropyranyloxy)-5-androstene-3,17-dione
1	1α,4α-dimethyl-19-(2'-tetrahydroyranyloxy)-5-androstene-3β,17β-diol
1	1α-oxide
1	1-β-D-ribofuranosyl-tetrahydro-2(1H)-pyrimidinone 5'-diphosphate
1	1β-methyl-19-(4'-tetrahydropyranyloxy)-5-androsten-3,17dione
1	1β-methyl-19-(4'-tetrahydropyranyloxy)-5-androstene-3α,17β-diol
1	2-[
1	2004041822 A1
1	200g
1	201.3
1	201g
1	203
1	2.03
1	205.0
1	2.07
1	207266-HP8
1	20.787
1	209
1	20a
1	20b
1	20b-c
1	20d
1	20β-isomers
1	211
1	2.11
1	2.12
1	2-[1,2,3 triazol-1-yl-ethyl)-amide
1	2-[1,2,3-triazol-1-yl-ethyl)-amide
1	2.129
1	214g
1	21A
1	21-acetate
1	2-(1'-acetonyethyl)naphthalene
1	21E
1	21g
1	2-(1-methyl-3-trifluoromethylpyrazol.-5-yloxy)-4-methyl-3,5,6-trifluoropyridine
1	2-(1-piperazinyl)benzoxazole,
1	21Y
1	2-2
1	220
1	220g
1	220-g
1	222
1	22.2
1	2,2,2-trichloroethyl d1-3-methyl-7β-azido-7α-methoxy-3-cephem-4-carboxylate
1	2,2,2-trifluoro-1-[exo-6-(3-pyridyl) -3-azabicyclo[3.2.0]hept-3-yl]ethanone
1	2,2,2-trifluoroethyl ester
1	223g
1	2.249
1	225.1g
1	{2-[2-(5-benzyloxy-1H-indazol-3-yl)-1-indol-6-yloxy]ethyl}diethylamine
1	228
1	229.3
1	229.6
1	22a
1	2,2-bromo
1	2-(2-chloro-4-trifluoro-methylphenylamino)-3-methylbutyronitrile
1	[2-(2-chlorophenyl)-1,3-thiazol-4-yl]carboxyaldehyde
1	2,2-difluoro-PGF2α
1	2,2′-dihalo-5,5′-dihydroxybiphenyl
1	2,2-dimethyl-1,3-propanediol boronic ester
1	2,2-dimethyl-2-(3-n-butoxy-3-oxo-1-propenyl)-cyclopropane-carboxylate
1	2,2′-dimethyl-4,4′-dithienyl carbinol
1	2,2-dimethyl-5-(2,5-dimethylphenoxy)pentyl ester
1	2-(2-dimethylaminoethyl)derivative
1	2,2-dimethylpropylmagnesium bromide THF
1	2,2'-di-nor-β-carotene-3,3',4,4'-tetraone
1	2,2-dioxide
1	2-[2-(methoxy)ethoxy)
1	22X
1	( 23 )
1	2318
1	2-[3-(3-hydroxy-5-methoxyphenyl)-3-propenyl]-1,3-dioxane
1	2,3,4,5-tetrahydro-2-methyl-5-(4-methylphenethyl)-1 pyrido[4,3-b]indole
1	2,3,4,5-tetrahydro-2-methyl-5-phenethyl-1-pyrido[4,3-b]indole
1	2',3',4'-tri-O-acetyl-β-D-glucopyranuronate
1	23.5
1	2,3,5,6-tetrachloro-4-pyridinyl ester
1	2-(3,5-bis(4,4,5,5-tetramethyl-1,3,2-dioxaborolan-2-yl)) phenyl
1	2,3,6-2',3',4',6'-heptaacetyllactose
1	238
1	23.9
1	23a
1	23A
1	2,3- and 3,4-dichloroanilines
1	2-(3-carboxyacetoxy-4-chloro)phenylimidazo[2,1-b]benzothiazole.hydrochloride
1	(+)-2,3-dibenzoyl-D-tartrate
1	2',3'-dideoxy-4'-thio-2-chloro-beta-L-adenosine
1	2,3-difluorophenylboronic anhydride
1	2,3-dihydro-2,3-tetramethylene-1,5-benzothiazepin-4(5H)-one
1	2,3-dihydro-5-thiazo[2,3-b]quinazoline
1	2,3-dihydroxycyclopentaneacetic acid γ-lactone
1	2,3-dihydroxypropyl ester
1	2,3-dimethyl-4-cyclopropanecarbonyloxy-6-fluoro-7-trifluoro -methylquinoline
1	2,3-di-O-isopropylidene
1	2,3-O-sulphinyl
1	240
1	241
1	[2[4-[[1-[(4-fluorophenyl)methyl]-1H-benzimidazol-2-yl]amino]-1-piperidinyl]ethyl]cyanimide
1	2-[[4-(2-chlorophenyl)-1-piperazinyl]methyl)
1	2-[4-(2(R)-carboxypyrrolidine-1-sulfonyl)benzoylamino]butane-(S)-dioic acid
1	2-(4-(3-fluoropyridin-2-yl)but-3-ynyl)-2H-1-benzo[d][1,2,3]triazol
1	244
1	24.4
1	2-(4-{5-[3-(2-Methoxy-phenyl)-1H-pyrrolo[2,3-b]pyridin-5-yl-pyridin-3-yl}-piperazin-1-yl)-ethyl]-dimethyl-amine
1	[2,4,5-cis]-2-methyl -4-phenyl-1,3-dioxan-cis-5yl
1	[2,4,5-cis]-2-methyl-4-phenyl-1,3-dioxan-cis-5-yl
1	2-[4-[5-trifluoromethyl-pyridin-2-yloxy)phenyl]-ethylamine s
1	2-[4-[5-trifluoromethyl-pyridin-2yloxy)phenyl]-ethylamine s
1	2-(4-(6-(fluoromethyl)pyridin-2-yl)but-3-ynyl) [1,2,4]triazolo[4,3-a]pyridin-3(2H)
1	2-(4(6-(fluoromethyl)pyridin-2-yl)but-3-ynyl) nitro-2H-benzo[d][1,2,3]triazole
1	2.47
1	24.72
1	2.47.g
1	2-(4-amino-1,3-dimethyl-5-pyrazolyl)-3,3-dimethylimidazoline
1	2,4- and 2,6-dinitrotoluene
1	24b
1	2,4-bis-hydroxymethyl-5-O-β-D-glucosyl-1,3-dioxane
1	24c
1	2-(4-Chloroethoxyphenyl)-8-methylimidazo[1,2-1]pyridine
1	2-[4-(chloromethyl)phenyl[-2-carboxyacetyl]-amino]-8-oxo-5-thia-1-azabicyclo[4.2.0]oct-2-ene-2-carboxylic acid
1	2-(4-cyclobutylpiperazin-1-yl)-2-oxoethyl 2-benzyl-3-oxo-2,3-dihydro-1′H-spiro[isoindole-1,4′-piperidine]-1′-carboxylate
1	24d
1	2,4-diamino-6-halomethylpteridine
1	2,4-dihydroxy-6-methyl-3-(3-methyl-2-butenyl) phenyl
1	2,4-dimethyl-4-hydroxymethyl-1,3-oxazolidine-2-carboxylic acid ester
1	2,4-dinitrophenylhydrazone
1	24e
1	24f
1	2-(4-fluorophenyl)-3-(methylcarbamoyl)furo[2,3-c]pyridin-5-yltrifluoromethanesulfonate
1	2-(4'-fluorophenyl)-4-[4'-(3-N,N-dimethylamino-propyl)phenyl]thiazole
1	24m
1	2-(4-trifluoromethoxy-phenyl)-8-(1,3,5-trimethyl-1H-pyrazole-4-sulfonyl)-2,8-diaza-spiro[4.5]decan-1-onel
1	( 2-5 )
1	( 25 )
1	2.5
1	250.8
1	252.48g
1	254
1	2.55
1	255.7
1	25.6
1	[2-(5,6-Dimethoxy-1-methyl-1H-indol-3-yl)-1H-pyrrolo[2,33-b]pyrid-4-ylmethyl](4-piperid-1-ylphenyl)amine
1	258
1	259.1
1	25.93
1	259.3
1	259.8
1	2-[[5-amino-1,3,4-thiadiazol-2 -yl)dithio]methyl
1	2,5-anhydro-1-deoxy-1-C-(disubstituted phosphinyl)-3,4,6-tris-O-(phenylmethyl)-D-glucitol
1	25b
1	2,5-cis-3-(2-chloroethyl)-5-methyl-2-(3-pyridyl)thiazolidin-4-one
1	25D
1	2,5-Diimethyl-3,6-diisobutyl-pyrazine
1	2,5-dimethoxybutyranilide
1	2,5-diphenyl-1,1-dichlorosilacyclo-3-pentene
1	25E
1	2-(5-ethoxyhept-1-yl)
1	2.5-g
1	25-g
1	25G
1	2,5-isomer
1	( 26.% )
1	2.6
1	2.60
1	26-02
1	26074
1	26.1
1	2,6,11-trimethyltriphenylene and 2,3,6,11-tetramethyltriphenylene
1	262.9
1	2.65
1	2.659
1	2-(6(6-(fluoromethyl)pyridin-2-yl)but-3-ynyl)quinoxaline
1	2.68
1	26.85
1	269.2
1	26A
1	2,6-diacetylpyridine-di(2-methylphenyl)imine
1	2,6-diamino-4-((3-phenyl)-1-propyl)amino
1	(2,6-dichloro-4-pyridinyl)methyl 2-nitrobenzoate ester
1	26g
1	26j
1	( 27 )
1	27.41
1	275
1	2.75
1	( 278 )
1	27a
1	27g
1	2.8
1	28.1
1	283
1	( 2.83 )
1	284
1	28.4
1	28.6
1	287
1	2.87
1	28.8
1	289
1	2.8949
1	2,8-di(tert-butyl 3-phenylpropylcarbamate)benzothiophene
1	28g
1	290g
1	291.2g
1	29.14
1	292
1	293
1	2.93
1	2.94
1	29.4
1	295
1	29.6
1	2-a
1	2-acetamidoethanethiol ester
1	2-acetylpyridine 4-cyclohexyl-3-thiosemicarbazone
1	2-alkyl-3-alkoxy-6-acetyl-anilines
1	2-(allyl carboxylate)-3-(monofluoroacetyl)-7-(R,S)-amino-8-oxo-1,5-diazabicyclo
1	2-allyloxy
1	2'-amino
1	2-amino-1-HCl
1	- 2-Amino-5,7-dimethylbenzothiazole
1	2-amino-9-[1R,2R,4S,5S)-4,5-bis(benzoyloxymethyl)-2-hydroxycyclohexyl
1	2'-aminoethyl-3-hydroxypyrid-4-one
1	(2-aminoethyl)ester
1	(±)-2′-aminomethylnicotine
1	2-arylamino
1	2-b
1	2B
1	2-benzhydryloxycarbonyl
1	2-benzoyl
1	2-biphenyl magnesium iodide
1	2-Boc-TIQ aniline
1	2-butenes
1	2-butoxy-5-chloro-6-methyl-nicotinamido
1	2-butoxy-nicotin-amido
1	2-butylalkanoic acids
1	2C
1	2-carbon
1	2carboxyamidovinyl 3-amino-5-chlorophenyl sulfone
1	2-carboxylate ester
1	2-chloro
1	2-chloro-1,4-dinitrocubane,3
1	2-chloro-1-isopropylallyl 4-chloro-2-methyl dithiocarbanilate
1	2-chloro-4
1	2-chloro-4-fluoro
1	2-chloro-5,11-dihydro-11-ethyl-8-(α-hydroxy)ethyyl-5-methyl-6H-dipyrido[3,2-b:2',3'-e][1,4]diazepin-6-one
1	2'-chlorobenzylideneacetoacetic acid ethyl ester
1	2-(chloroethyl)trichlorosilane
1	2-chloro-N-[4-(,1,1,2,3,3,3-heptafluoropropan-2-yl)-2,6-dimethylphenyl]quinoline-6-carboxamide
1	2-chloro-N-[6-methoxy-5-nitropyrimidin-2-(1,3-dioxo-1,3-dihydroisoindol-2-yl)-4-yl]-difluoro-6-methoxybenzyloxy
1	2-chloro-N[(R)-1-(1-methyl-2-imidazolyl)-thio-2-propyl]adenosine
1	2-chloro-N-[(R)-1-(2-thiazolyl)thio-2-propyl)
1	2'-cyanobenzylideneacetoacetic acid ethyl ester
1	2-Cyanonaphthalenes
1	2D
1	2-deoxy-2-[ID-(1N,2,4/3)-(5-C-hydroxymethyl-2,3,4-trihydroxy-5-cyclohexen-1-yl)amino]-D-glucopyranose hydrochloride
1	2'-deoxy3',5'-0-di-(2-pyridyl)-5-fluorouridine
1	2-diazo-3-oxobutyroxyethyl methacrylate
1	2-diethylaminoethyl ester
1	2E
1	2-Ethyl-2,3,4,5-tetrahydro-8-methyl-5-(2-(6-methylpyridin-3-yl)ethyl)-H-pyrido[4,3-b]indole
1	2-ethyl-4-methoxy-1-phenylmethyl
1	2-ethyl-4-methoxy-alpha-oxo-1-phenylmethyl
1	2-ethyl 5,6,7,8-tetrahydro-4-(2'-(2-triphenylmethyl-2H-tetrazol-5-yl)biphenyl)-4-yl
1	2-ethyl-5H-dibenzo[a,d]cyclohepten-5-one,m
1	(2E/Z)ethyl 3-methyl-12-(2-quinolinyloxy)dodec-2-enoate
1	2f
1	2-fluoro-4-(4-n-pentyl-4-phenyl)-4-sila-1-cyclohexnyl
1	2-fluoro-5-(4-fluorophenoxy) benzyl 2-(2-chloro-4-trifluoromethylphenylamino)-3-methylbutanoate
1	2-fluoroethyl ester
1	( 2g )
1	2-halogeno-ethanol XCH2 -CH2OH
1	2HCl salt
1	(2H)-tetrahydrothiopyran-3-carboxylic acid
1	2H-thione
1	2hydroiodide
1	2-hydroxy-11H-benzo(a)carbazole-3-carbox-2'-ethyl-4'-chloroanilide
1	2-hydroxy-1-trifluoromethyl-1,2,2,-trifluoroethane sulfonic acid sultone
1	2-hydroxy-3-[4-(4-phenylbutoxy)benzamido)
1	2'-hydroxy-4',6'
1	2-hydroxy-4-[[6,7-dimethoxy-2-naphthalenyl)-6-oxohexyl]oxy
1	2'-hydroxymethyl1-9,9'-spirobifluorene-2-carbaldehyde
1	2-hydroxysulfonyl oxy hexanoic acid amide
1	2-imino-2-methoxyethyl-1-thio-β-D-galactopyranoside
1	2-indolylcarbonylamino -5-phenyl-2H-1,4-benzodiazepine- 2-one
1	2-[I′-(N,N-dimethylethylenediamino)propyl]-3-benzylquinazolin-4-one
1	2-isobutylamino
1	2-isocyanatomethyl-2-(3-isocyanatopropyl)-5
1	2'-isopropyl-5'methylcyclohexane
1	2-keto
1	2-lower alkyl-5,6,7
1	2m
1	2-mercapto
1	2'-mercapto-1'-ethanesulfonic acid
1	2-methoxy-3,4-methylene-dioxybenzylalcohol
1	2-methoxybenzyl
1	2-methoxy-benzyl
1	2-methyl-3,5-dihydro-5,9b-o-benzenobenz[e]isoindol-1-(2H)-one
1	2-methyl-4-(4'-methylmercaptophenyl)-1,4-dihydropyridine-3-carboxylic acid methyl ester-5,6-dicarboxylic acid diethyl ester
1	2-methyl-imidazo[2,1-b][1,3,4]thiadiazol-6-ylyacetic
1	2-methylol
1	2-methylthio
1	2-methylthio-4-[5-aminobenzimidazol-i-yl]pyrimidine
1	2-N
1	2-n-Butyl-2-hydroxmethyl-propan-1,3-diol
1	2'-nitrobenzylideneacetoacetic acid cyclohexyl ester
1	2'-nitrobenzylideneacetoacetic acid cyclopentyl ester
1	2'-nitrobenzylideneacetoacetic acid isobutyl ester
1	2o
1	2O
1	2-octyldodecyl diglycerol ether
1	2-oxide
1	2-(p-fluorophenyl)-8-methoxypyrazolo
1	2-phenyl
1	2-(p-ispropylbenzylidene)phthalide-5-carboxylic acid
1	2-propenyl-1H-pyrrolo[1,2-b][1,2,4]triazole-2(3H)-thione
1	2-propyl-3-indolyl-2(5H)-furanone
1	2R
1	(2R)-11-[3,17p-dihydroxyestra-1,3,5(10)-trien-11β-yl]-2-(3,3,4,4,5,5,6,6,6-nonafluorohexyl)undecanic acid
1	(2R)-3-[(2R,3S)-5,7,3′,4′-tetrakis(methyloxy)-3-hydroxyflavan)
1	[(2R,3R,4S,5R,6S)-3,4,5-tribenzyloxy-6-[4-chloro-3-[[4-[2-(cyclopropoxy)ethoxy]phenyl]methyl]phenyl]-6-methoxy-tetrahydropyran-2-yl]methanol 1d
1	( 2R,3S )
1	(2R, 5R)-S-(1-amino-2-propyl)-2-methyl-cysteine hydrochloride
1	(2R, 5R)—S—(1-amino-2-propyl)-2-methyl-cysteine hydrochloride
1	(2R,6S,13aS,14aR,16aS)-12,12-difluoro-6-(5-methylisoxazole-3-carboxamido)-5,16-dioxo-2-(phenanthridin-6-yloxy)octadecahydrocyclopropa[e]pyrrolo [1,2-a][1,4]diazacyclopentadecine-14a
1	2-[(R)-N-tert-butyloxycarbonylamino]-1-propylamine
1	2-[(R)-N-tertobutyloxycarbonylamino]-1-propylamine
1	2s
1	( 2s )
1	2-S
1	(2S,3R)-1-(dimethylamino)-3-(3-methoxyphenyl)-2-methyl pentan-3-yl methane sulfonate
1	(2S,3S)-3-[(2R,3S)-5,7,3′,4′-tetrakis(methyloxy)-3-hydroxyflavan)
1	(2S, 4R)-2-(4-carbamoylthiazol)-2-yl
1	(2S,4R)-4-(tert-butyl(dimethyesilyl)oxy-1-methyl-pyrrolidin-2-yl]methanol
1	(2S,4S)-tent-butyl 2-cyano-4-fluoropyrrolidine-1-carboxylate
1	(2S, 5S, 6S)-tetrahydro-6-trifulromethyl-2-hexyloxy-5-hydroxypyran
1	2(S)-{[7-(4-tert-Butyl-phenoxy)-1-cyclopentylmethyl-1-isoquinoline-3-carbonyl]-amino}-3-(5-isopropylthiophen-2-yl)-propionic acid methyl ester
1	( 2S )-isomer
1	(2S)-L-(−)-malic acid
1	(2S)-N-2[(cis)-2,6-dimethyl-1-piperidinyl]ethyl
1	(2S)-N-{4-[5-(7-Methoxy-(2R)-hydroxy-(11aS)-1,2,3,10,11,11a-hexahydro-5H-pyrrolo[2,1-c][1,4]benzodiazepine-5-one-8-yloxy)pentyloxy]-5-methoxy-2-aminobenzoyl]pyrrolidine-2-carboxaldehyde diethyl thioacetal
1	2(S)-t-butyldimetylsilyloxy-3
1	2-t-butylperoxy
1	2-(tert-butoxy)-2-(5-methyl-2-phenyl-7-(2-azaspiro[4.4]nonan-2-yl)pyrazolo[1,5-a]pyrimidin-6-yl)acetic
1	2-tert-butoxycarbonylamino-3-methyl-butyric acid 2-(tert-butyl-diphenyl-silanyloxy-methyl)-5-[4-dimethylaminomethyleneamino)-2-oxo-2H-pyrimidin-1-yl
1	2'-trifluoromethylbenzylideneacetoacetic acid methyl ester
1	3-[
1	300g
1	( 3.0.2 )
1	3.02
1	30.4
1	306
1	3.06
1	( 30/70 )
1	( 31 )
1	3.1
1	31.2
1	3-(1,2-disubstituted)-5-optionally substituted benzimidazol-6-yl
1	31.4
1	3-{1-[4-(7-[2-(trimethylsilyl)ethoxy]-methyl}-7H-pyrrolo[2,3-d]pyrimidin-4-yl)-1H-pyrazol-1-yl]but-3-yn-1-yl benzonitrile
1	3,17α-disulfamate
1	318.7
1	31b
1	31P
1	3-[(1R,2S,7R,8S,9S,11R)-3-[(4-Fluorophenyl)methyl-6-hydroxy-4-oxo-3-azatetracyclo[6.3.2.02,7.09,11]trideca-5-en-5-yl]-1,1-dioxo-4H-1λ6, 2,4-benzothiadiazin-7yl}methanesulfonamide
1	320
1	322
1	32.2
1	3,22,24-tri-O-methyl soyasapogenol A
1	3-(2,2-dihaloethenyl)-2,2-dimethylcyclopropanecarboxylates
1	( 324a )
1	325
1	327
1	32.7
1	328.19
1	3-(2-acetylam:inoethyl)-5-(n-nonyl)
1	32d
1	32g
1	3-(2-methoxy-phenyl)-5-morpholin-4-yl
1	3-(2-pyridyl)-5-isozazoleethanol
1	3-((2S,5R)-2-Allyl-5-cyclohexyl-3-oxo-morpholin-4-yl)-5-(3,3-dimethyl-but-1-ynyl)-thiophene-2-carboxylic acid methyl
1	3-2′-(S)-tbutoxycarbonylamino-3′-(4″-nitro)benzene
1	( 3.3 )
1	( 33 )
1	[(33)-3-Aminobutyl]cyclopropylamine dihydrochloride
1	334
1	33.4
1	3-(3,4-dichlorophenyl)-2-(2-hydroxypropyl)-4,5-dihydropyridazin(2H)-3
1	3-(3,4-dimethoxy-phenyl)-pyrrolo[2,4-b]pyridine-1-carboxylic acid tert-butyl ester
1	335
1	3,3',5,5'-tetra-t-butyldiphenoquinone
1	33.7
1	33.93
1	33.959
1	33(b)
1	3-(3-bromo-2-(4-fluorophenyl)furo[2,3b]pyridin-5-yl)-4-methylbenzoic acid
1	3,3-dimethyl-1-(2-methyllyl-5-methyl-4-pentenoyl)cyclohexane
1	3,3-dimethylbutene-1(neohexene)
1	33g
1	3-(3-methyl-4-nitro-phenyl)-1-(2,2,2-trifluoro-ethyl)-5-trifluoro-methyl-1H-pyrazole
1	3-(3-oxa-4-tert-butoxycarbonylbutyl)-7-exo-(2-chloro-4,4-dimethyl-3β-hydroxy-1-nonen-6-ynyl)-8-endo-hydroxy-cis-bicyclo[4.3.0]non-2-ene
1	3-(3-pyridyl) acrylic acid amidoxime
1	340
1	34116-2
1	341448
1	34150-1
1	34158-1
1	342
1	34.4
1	345.12g
1	34.62
1	34.7
1	34.8
1	3-(4-benzyloxy)phenoxybenzo[b]thiophene
1	3-(4-benzyloxyphenyl)(S)-2-ethoxy-N-(2-hydroxy-(R)-1-phenylethyl)propanoic amide
1	3-[4-(but-2-en-1-yl)-1-piperazinyl]-carbonyloxy-2-(7-chloro-1,8-naphthyridin-2-yl)-1-isoindolinone
1	3-[4-(but-3-en-1-yl)-1-piperazinyl]-carbonyloxy-2-(7-chloro-1,8-naphthyridin-2-yl)-1-isoindolinone
1	3-[4-chloro-2-fluoro-benzyl)-phenyl
1	3,4dialkoxyanilines
1	3,4-dichlorobenzyl 1-oxo-2-pyridyl disulfide
1	3,4-dihydro-2H-pyrano[2,3f]quinolin-3-ol
1	3,'4'-dimethyl-N-[6-(3-pyridinyl)hexyl][1,1'-biphenyl]-4-carboxamide
1	3-(4-fluoro-benzyl)-6-thiophen-2-yl-[1,2,4 ][triazolo 1,2,4,-b][1,2,4]triazine
1	3-(4-nitrophenyl)ester
1	35.1
1	35.19
1	3-(5,5,7-trimethyl-4,5,6,7-tetrahydrobenzothizol-2-yl)-5-methyltetrahydro-1,3,5-oxidiazin-4-one
1	3,5-diamino-6-chloro-N-(3',4'-dihydro-6'-hydroxy-4-methylspirocyclohexane]1,4'
1	3,5-hydroxybenzoic acid
1	3.6
1	3.62
1	3.63
1	364
1	3,6- and 3,5-dimethyl-2,2'-bipyridine
1	3-(6′-Bromo-4-methyl-3′-oxo-2-phenyl-3,4,5,6-tetrahydro-2H,3′H-1-[1,2′]bipyrazinyl-4′-yl)-N-cyclopropyl-4-methyl-benzamide
1	36C
1	3,6-dioctanedioic acid
1	3,6-dioxo-5αsterol
1	36g
1	370
1	3,7,11-trimethyl-12-(benzoyl)oxy-6,10-dodecadien-l-in-3
1	37.2
1	374.7
1	3.76
1	377
1	37D
1	380g
1	3.82
1	38.5
1	38.6
1	38g
1	39.1
1	39.3
1	39.4
1	39.8
1	39.85
1	3,9-bis(ethylidene 2,4,8,10-tetraoxaspiro[5,5]undecane)
1	3-(adamantan-2-ylidene-methoxymethyl)phenyl enol ester
1	3″-amide
1	3-amino
1	(3aR,4R,5R,6R,7aS)-2-(mthylamino)-4,5-bisbenzyloxy-6-(benzyloxymethyl)-3a,4,5,6,7,7a-hexahydrobenzo[d]thiazole
1	(3aR*,4S*,9bS*)-2-benzyl-6-chloro-3a,4-dimethyl-2,3,3a,4,5,9b-hexahydro-H-benzo[e]isoindol-1-one
1	3-arylpropyl trimethoxysilane
1	(3aS,4R,6aR)-4-[2-chloro-6-(3-iodobenzylamino)purin-9-yl)
1	3.B
1	(3) Benzanthrone
1	3-benzoate
1	3-benzylpyrrolylmethyl ester
1	3-bromo-2-methyl-4H-pyrido[1,2-a]pyrimidin-4-ones
1	3-butenoate ester
1	3-(chloro-4-methoxy-benzylamino)-3H-benzoimidazol-5-yl ester
1	(3-chloro-5-trifluoro-methyl-2-pyridyloxymethyl)-α-methoxy-N-methyl-phenylacetamide
1	3-chloroanthranilic alkyl esters
1	3-chloro-benzamido
1	3′-C-[(methoxyimido)methyl]
1	3-Cp-acetylphenyl
1	3-Cyano-5-[1-(4-ethoxycarbonylphenyl)-1H-purrole-3-yl]benzoic acid
1	3-cyanophenyl
1	3d
1	3-demethyl-N-deacetylthiocolchicine
1	3'-ethylenestilbene-2-carboxylic acid
1	3-ethylidene-6-methyl-thioflavanone-1,1-dioxide
1	3-ethylsuccinic esters
1	3-fluoro-5-(4-methoxybenzoyl)-6-methyl-5,6-dihydrophenanthridine—_The
1	3-formyl
1	3-(formyl)phenyl ester
1	3g
1	3-hydroxy-1-(4-arylmethoxy-benzenesulfonyl)-3-methyl-piperidine-2-carboxylic acid tert-butyl ester
1	3-hydroxy-3
1	3i
1	3K+
1	3.lg
1	3-methoxy-1,2-benzisothiazolin-3-one
1	3-methoxy-5-chlorothiophene-2-carboxamido
1	3-methoxy-methoxy-thiophen-2-carbonamido
1	3-methyl-1-(1-methylindol-2-yl)
1	3-methyl-6-(piperidin)-1-yl
1	3-Methylizothiazolo[5,4-c]pyridine
1	3'-n1trobenzylideneacetoacetic acid methyl ester
1	3-[N-[3-[2-carboxymethyl-5-(piperidinomethyl)phenoxypropyl]-N-(4-methoxybenzyl)]amino]-4-methyl-1,2,4-benzothiadiazine-1,1-dioxide
1	3-(N-benzyloxycarbonylpyrrolidin-2-ylcarbonyl)indole,3-(N-benzyloxycarbonylazetidin-2-ylcarbonyl)-1H-indole
1	3-nitro
1	3'-nitrobenzylideneacetoacetic acid
1	3'-nitrobenzylidene-acetoacetic acid methyl ester
1	3'-nitrobenzylideneacetylacetone
1	3-nitrooxy-2,2,-bis(nitrooxymethyl)propyl ester
1	3-N-tert-butyloxycarbonylpropionic acid
1	3-O-acetyl leucomycin A1
1	3- or 4-phthalimido
1	3- or 4-substituted benzylidene
1	3-oxo-4,10-oxa-tricyclo[5,2,1,02,6]nonan-(8)9-oxycarbonyl
1	3P
1	3-perchlorylaniline hydrochloride
1	3-perchlorylphenyl isocyanate
1	3-Phenyl-1-1-propyl magnesium bromide
1	3-position
1	3-pyridin-3-yl
1	( 3R,4S )
1	(3R,4S,5R)-4-(diethoxy-phosphorylamino)
1	(3R*,4S*,5R*)-5-[3-(t-butyldiphenylsilyloxy)propyl]
1	3-((R)-5-(3,5-dichlorophenyl)-5-(trifluoromethyl)-4,5-dihydroisoxazol-3-yl)-N—((R)-2-ox pyrrolidin-3-yl)-4,5,6,7-tetrahydrobenzo[c]thiophene-1-carboxamide
1	3R-amino-6-nitro-2H-3,4-dihydro-[2-1b]imidazopyran
1	3′R-astaxanthin
1	( 3R/S,3aR/S,5S/R,6S/R,6aS/R,7S/R )
1	(3S,4R)-3-[(R)-1-[(tert-butyldimethylsilyl)oxy]ethyl]-4-[(R)-2-oxo-3-cyclohexen-1-yl]azetiidin-2
1	(3S,4S)-1-(3,3-dimethyl-butyryl)
1	(3S,4S)-4-(1-methoxycarbonylethenl)-3-(1-(R)-benzyloxycarbonyloxyethyl)-2-azetidinone
1	[(3S,4S,5R,6S)-3,4,5-tribenzyl-oxy-6-[4-chloro-3-[[4-(2,2-difluoroethoxy)phenyl]methyl]phenyl]-2-(hydroxymethyl)-6-methoxy-tetrahydropyran-2-yl]methanol
1	( 3S,5S )
1	(3S,7S,7aS,1′S)-7a-(1′-acetoxy-2′-methylpropyl)-7-acetoxy-3-phenyl-5,6,7,7a-tetrahydro-1H-pyrrolo[1,2-c]oxazol-5-one
1	3-spirocyclopropylbutyrolactone
1	3-(tert-butyldimethylsilanyloxymethypcyclobutyl]-8-chloroimidazo[1,5-a]pyrazine
1	3-tetrahydrofuryl 2-cyano-5-(2,4l -dichlorophenoxy)benzoate
1	3-(trifluoromethyl)diazonium chloride
1	3U
1	3α,5α-dihydroxy-2β-(3α-hydroxy-4-phenyl-trans-1-butenyl)-1α-cyclopentaneacid acetaldehyde γ-lactol
1	3-α-methyl-5-β-androstan-17-one
1	3β-(1'-cyclopentenyloxy)-17β-hydroxy-5-androsten-19-one acetate
1	3β-(1'-cyclopentenyl-oxy)-19-hydroxy-5α-androstan-17-one
1	3β-(1'-cyclopentenyloxy)-5-androstene-17β,19-diol 17-acetate
1	(3β)-3-[[1,1,2-trimethylpropyl)dimethylsilyl]oxy
1	3β-(4'-tetrahydropyranyloxy)-5-androstene-17β,19-diol
1	3β-hydroxy-5-androstene 17,1'-cyclobutan
1	(3β(S),5β,14β,17β)-14-Amino-14-Amino-3-[[[(l-hydroxymethyl-2-methylpropyl)amino]thioxomethyl]oxy]androstane-17-carboxylic Acid, Methyl Ester Hydrochloride
1	(3β(S),5β,14β,17β)-14-Amino-3-[[[(2-hydroxy-1-phenylethyl)amino]carbonyl]oxy]androstane-17-carboxylic Acid, Methyl Ester Hydrochloride
1	(3β(S),5β,14β,17β)-14-Amino-3-[[[[2-hydroxy-1-(phenylmethyl)ethyl]amino]carbonyl]oxy]androstane-17-carboxylic Acid, Methyl Ester Hydrochloride
1	( 400 )
1	4028
1	( 40/60 )
1	40.7
1	408
1	409g
1	40A
1	40b
1	40c
1	( 4-1 )
1	[ 41 ]
1	410
1	41064
1	411
1	41.2
1	4,17α-dimethyl-5-androstene-3α,17β,19-triol
1	4-(1-azabicyclo[5.4.0]undecan)ones
1	4-(1R,2S)-1-(5-(4-cyanophenyl)-1,3,4-oxadiazol-2-O-2-hydroxypropylamino)benzo[b]thiophene-7-carbonitrile
1	4-((1R,2S)-1-(5-(4-fluorophenyl)-1,3,4-oxadiazol-2-0)-2-hydroxypropylamino)benzo[b]thiophene-7-carbonitrile
1	( 42 )
1	42.0
1	42006-1
1	42098-1
1	42098-2
1	422
1	4-(2-(2H-2-trityltetrazol-5-yl)-1-pyrrolyl)-benzyl bromide
1	4-(2,3-dichloroindol-1-yl)-5-methoxy-2-methyl-6-methylsulflnyl-pyridazin-3-one
1	426.6g
1	42.7
1	42.8
1	42a
1	42a3
1	[4-(2-Amino-6-phenoxy-4H-pyrido[3,4-d]pyrimidin-3-yl)-4-(S-(tetrahydro-pyran-4-yl)-butyryl]-(2-hydroxy-ethyl)-amino]-cyclohexanecarboxylic acid
1	4-(2-chlorophenyl) 9 methyl-6H-thieno[3,2-f][1,2,4]triazolo[4,3-a][1,4]diazepin-2
1	4-(2-fluoro-phenyl)-6-(2-chloro-phenylanmino)-2-methylsulfanyl-pyrimidine-5-carbaldehyde
1	4-(2-hydroxy-2-methylpropoxy)-3-methoxyphenyepyridin-2(1H)
1	"4-[2'-(R,S)-2""""-naphthylacetyl)amino-3'-[4""-(1'""-t butoxycarbonyl-1'""-methyl)ethyl]benzene"
1	43.1
1	4/3/3 dichloromethane ethyl acetate hexanes
1	4-[[3-3-phenethylethynyl-benzoylamino]-methyl}-benzoic acid
1	4-[3-(4-tert-butoxycarbonylamino-pyridin-3-yl)-allyl]-3-oxo-piperazine-1-carboxylic acid tert-butyl ester_
1	435
1	4.35
1	4.4
1	441
1	44.1
1	442-(3H-Imidazol-4-yl)-pyrrolidine-1-carboxylic acid tert-butyl ester
1	( 445 )
1	44.6
1	447
1	4,4″-Bis-[4-(2-hydroxy-ethyl)-piperazin-1-yl)
1	4,4'-bisaminodicyclohexylmethane
1	4-(4-chloro-2-(R,S)-methylsulfinylphenyl)piperidine
1	4-(4-chloro-5-methoxy-2-methylamino)-8-methoxy-7-[2-(4-methyl-1-piperazinyl)ethoxy]benzo[g]quinoline-3-carbonitrile
1	4,4'-dihydroxydiphenol propane
1	4,4'-dihydroxy-diphenyl-2,2-propane
1	4-4-dimethyl-7-ethynyl-thiochroman
1	45.0
1	450.2
1	45.1
1	4.52
1	45.28
1	45.33
1	455
1	4.55
1	4,5,6,7-tetrachlorobenzoic acid
1	4.58
1	458.4
1	459
1	45I
1	465
1	46.7
1	46a
1	4-(6 (fluoromethyl)pyridin-2-yl)but-3-2H-indazole
1	46.S
1	4,6-triiodo -3-N-methylaminocarbonylbenzamide
1	4,6-triiodo-3-N-methylaminocarbonylbenzamide
1	( 47 )
1	470
1	47064
1	47074A
1	473
1	4,7-dimethyl-2H-isothiazolo[4,5-b]-indole-3(2H)-one-1,1-dioxide
1	48
1	4.8
1	( 485 )
1	( 48.8 )
1	490
1	49.1
1	499/501
1	49g
1	( 4A )
1	4-A
1	4a-(4-fluorophenyl)-4-a,5,6,7-tetrahydro-2H-benzo[e][1,3]oxazine-2,4(3H)-dione
1	4a,8a-dihydroxy-is-decalin
1	4-alkylamino-6-(pyridin-2-yl)-5,6,7,8-tetrahydropyrido[4,3-d]pyrimidines
1	4-allyloxymandelic acids
1	4-Amino-1,2-dihydro-2-oxo-3-(N-4-(2-(1H-5-tetrazolyl)-3-thienyl)benzyl-N-valerylamino)-1-(N,N-dimethylcarbamoylmethyl)pyridine
1	4-amino-2-(2-pyridyl)pyrimidines
1	4-amino-4-deoxy-N10 -methylpteroic acid
1	4-amino-4'-nitro-diphenylamine-2'-sulphonic acid
1	4-amino-6,7-dimethoxy-2-[4-[4-nitrophenyl]-alkanoyl)-1-piperazinyl
1	4-amino-N-[2-{[2-methylamino)-2-oxoethyl]amino}-5-(2-thienyl)phenyl
1	4a-phenyl-4-a,5,6,7-tetrahydro-2H-benzo[e][1,3]oxazine-2,4(3H)-dione
1	4-aryl
1	4b
1	4-bromo-N-methyl-N-[3,3-dimethoxy)-2-(1-pyrrolidinyl)cyclohexyl
1	4-carboxylic acid
1	4-chloroform
1	4-cyano-2,5-diisopropyl methyl sulfide
1	4-diazodiphenylamine
1	(4E)-N-methyl-N-(tert-butoxycarbonyl)-5-(5-1H1H-pyrrolo[2,3-b]pyridinyl)-4-penten-2-amine
1	4-ethoxycarbonyl-3,5-dimethyl-5-trifluoromethyl-2-cyclohexen-1-one(A-2)
1	4-ethyl-1,4-diazepan-1
1	4-(ethylene ketal)
1	4-EtOAc
1	4—EtOAc
1	4-fluoro
1	4G
1	(-)-4H-2-carboxamido-4-phenyl-thieno[3,2-c][1]benzopyran
1	4-halo-2,3,6-trimethylphenol
1	4-Hydroxy-1-indene
1	(+)-4-hydroxy-4'-(1-2's,3's-2-chloro-3-methylpentanoyl)ethyl
1	(±)-4-Hydroxy-ATRA
1	4-hydroxy BAPTA tetramethyl ester
1	(4-(Isopropylsulfonyl)-2-methylphenyl)(1-methyl-1′-1-spiro[chromeno[4,3-c]pyrazole-4,4′-piperidine]-1′-yl)methanone
1	4'-methoxy-4-diazodiphenylamine
1	4-methoxybenzyl (2RS)-2-hydroxy
1	4-methoxycarbonylmethylene-3,3-dimethylpiperidine-1-carbxylic
1	4-methoxy-N-methyl-2-nitrodiphenylamine
1	4-methoxyphenyethiophene-2-carboxylic acid
1	[[(4-methoxyphenyl)sulfonyl]imino]di-2,1-ethanediyl ester
1	(4-methxoyphenyl)propionic acid
1	4-methyl-2-(4-(pyridin-2-yl)but-3-ynyl)-2H-benzo[d][1,2,3]thiazole
1	4-(methylsolfonyl)phenyl-2-(5H)-furanone
1	4-(methylsulfonyl)phenyl
1	4-methyl-Δ4 tetrahydrophthalic anhydride
1	4-((N-(1,2-dihydro-1-oxobenzo[f]quinazolin-3- yl)pivalamide)-9-yl)amino
1	4-[N-benzofurazan-5(or 6)-carbonyl)aminomethyl
1	4'-nitrophenoxy ether
1	4-(N-maleimidyl)benzocyclobutene
1	4-(N,N-di-loweralkylamino)benzaldehydes
1	(4O,5N-isopropylidene)-5(S)-tert-butoxycarbonylamino-4(S)-hydroxy-2(R),7,7-trimethyl-8-[2(R,S)-methoxyethyl-3,4-dihydro-2H-1,4-benzoxazin-4-ylcarbonyl]-octanoic acid (N-butyl)amide
1	(4O,5N-isopropylidene)-5(S)-tert-butoxycarbonylamino-4(S)-hydroxy-2(R),7,7-trimethyl-8-[3(R,S)-(2-carbamoyl)ethyl-1,2,3,4-tetrahydroquinolin-1-ylcarbonyl]-octanoic acid (N-butyl)amide
1	4′-OSO2R′
1	4-oxo-4-H-pyrido 1,2-a
1	4-phenylbenzaldehyde-4'-chloranil
1	4-(phenylmethyl) ester
1	4-[(pyrrolidine-1′-carboxylic acid tert-butyl ester)-phenylcarbamoyl}-phenylcarbamoyl
1	4-[(R)-4-[[4-[5-[(cyclopropylamino)carbonyl]-2-methylphenyl]-3,4-dihydro-3-oxopyrazinyl]amino]phenylmethyl]-1-piperidinecarboxylic acid, phenyl ester
1	4R/4S
1	(4R,5S,6S)-3-[(2S,4S)-2-(2-fluoroethyloxymethyl)pyrrolidin-4-yl]thio
1	(4R,9aR)-6-(1(RS)-ethanol)-iodo-4-methyl-1,2,3,4,9,9a-hexahydro-1H-2,4a,5-triaza-fluorene-2-carboxylic acid tert-butyl ester
1	(4R)-hydroxy-(2S)-N-{4-[5-(7-Methoxy-(11aS)-1,2,3,10,11,11la-hexahydro-5H-pyrrolo[2,1-c][1,4]benzodiazepine-5-one-8-yloxy)pentyloxy]-5-methoxy-2-aminobenzoyl]pyrrolidine-2-carboxaldehyde diethyl thioacetal
1	4-( R )-isomer
1	4T
1	4-(t-butyldimethylsilyl)-oxy-3,5-dimethoxybenzaldehyde
1	4-tertbutyl ester
1	(4-tert-Butyl-phenyl)-[7-(3-trifluoromethyl-pyridin-2-yl)-quinazolin-4-yl]hydrochloride
1	(4-tert-Butyl-phenyl)-[7-(3-trifluoromethyl-pyridin-2-yl)-quinazolin-4-yl] hydrochloride
1	4-tolylhydrazone
1	4-trifluoromethylphenyl Grignard reagent
1	4Y
1	4Z/5A
1	4α-methyl-17β,19-di(2'-tetrahydropyranyloxy)-3β-trimethylsiloxy-5-androstene
1	5.0
1	500
1	5.001
1	5.03
1	505
1	50.5
1	50.7
1	50c
1	50(%)-sulfuric acid
1	5-1
1	5.12
1	51.5
1	( 52 )
1	52.1
1	5.23
1	524.8
1	52a
1	5-(2-diethyl amino-ethyl)-2-(5-fluoro-2-oxo-1,2-dihydro-indol-3-ylidenemethyl)-3-methyl-1,5,6,7-tetrahydro-pyrrolo[3,2-c]pyridin-4-one maleate
1	5-[(2-hydroxy-ethyl)-amide]2-[(1-isopropyl-piperidin-4-yl)-amide]1-[(5-Chloro-pyridin-2-ylcarbamoyl)-methyl]-1H-benzoimidazole-2,5-dicarboxylic acid 5-[(2-hydroxy-ethyl)-amide]2-[(1-isopropyl-piperidin-4-yl)-amide]
1	5-[(2-hydroxy-ethyl)-amide]2-[(1-isopropyl-piperidin-4-yl)-amide]3-[(5-Chloro-pyridin-2-ylcarbamoyl)-methyl]-3H-benzoimidazole-2,5-dicarboxylic acid 5-[(2-hydroxy-ethyl)-amide]2-[(1-isopropyl-piperidin-4-yl)-amide]
1	5-[(2-hydroxy-ethyl)-methyl-amide]2-[(1-isopropyl-piperidin-4-yl)-amide]1-[(5-Chloro-pyridin-2-ylcarbamoyl)-methyl]-1H-benzoimidazole-2,5-dicarboxylic acid 5-[(2-hydroxy-ethyl)-methyl-amide]2-[(1-isopropyl-piperidin-4-yl)-amide]
1	5-[(2-hydroxy-ethyl)-methyl-amide]2-[(1-isopropyl-piperidin-4-yl)-amide]3-[(5-Chloro-pyridin-2-ylcarbamoyl)-methyl]-3H-benzoimidazole-2,5-dicarboxylic acid 5-[(2-hydroxy-ethyl)-methyl-amide]2-[(1-isopropyl-piperidin-4-yl)-amide]
1	53.0
1	5-(3-[1-tert-butoxycarbonyl]indazolyl)-3-(1-methylpiperidin-4-yl)-1H-indole
1	53.3
1	53-58~C
1	5-(3,5-dichlorophenylthio)-4-isopropyl-2-methyl-1-[(4-pyridyl)methyl]-1H-pyrrole 3-N-[(2,4,6-trimethoxy)benzyl]-carboxamide
1	53.7
1	5,3-dibutyl allophanoyl chloride
1	5-(3-morpholin-4-3,1-propenyl)-indole-1-carboxylic acid tert-butyl ester
1	5-[(3-phenylindolin-1-yl)carbonyl]-4,5,6,7-tetrahydrobenziamidazole hydrochloride
1	54.1
1	5-(4-(1′-1-pyrazol-4-yl)cyclohex-1-enyl)-3-(quinolin-3-yl)pyrazolo[1,5-a]pyrimidin-7-amine
1	543
1	54.5
1	54-B
1	5-[(4′-chloro-1,1′-biphenyl)-4-yl]-3,4-dihydroxy-2(5H)-furanone
1	5-(4-chlorophenyl)-3-(1-nethylpiperidin-4-yl)-1-(triisopropylsilyl)-indole
1	5-(4-diethylamino-butyl)-3-methyl-1H-pyrrole-2,4-dicarboxylic acid 2-cert-butyl ester 4-ethyl ester
1	54e
1	5-[[(4-ethoxyphenyl)acetyl]amino]-NN-diethyl-6-(2-propenylamino)-3-pyridinecarboxamide
1	5-(4-tosyloxy-1-butynyl)-2,2,'-bithiophene
1	55070A
1	55.1
1	55.5
1	558
1	559.1
1	55-B
1	5,5'-bi-2-octyl
1	55g
1	55.O
1	55S
1	562
1	56.8
1	56b
1	(5-(6-chloro-4-(isopropylamino)pyridin-3-yl)-1,3,4-thiadiazol-2-yl)(3-(hydroxymethyl)pyrrolidin-1-yl)methanone( )
1	5,6-Diamimo-1-methyl-3-propyl-2,4(1H,3H)pyrimidinedione
1	5,6-Diamino-1-methyl-3-propyl
1	5,6-dihydro
1	5,6-dihydro-6-alkoxybenzo[c]phenanthridines
1	5,6-di-O-isopropylidene-3-amino-3-deoxy-α-D-allofuranose
1	5,6-di-O-isopropylidene-α-D-ribofuranose-3-ulose
1	5,6-trans-1α-hydroxyvitamin D2
1	( 57 )
1	5.7
1	5,7-diethyl-4-phenylthio
1	5,7-dihydroxyoctanoic acid delta-lactone
1	( 58 )
1	580
1	58.76
1	588
1	5,8-dihydro-2-(7-fluoro-4-propargyl-4H-1,4-benzoxazin-3(4H)-on-6-yl)-1H-[1,2,4]triazolo-[1,2-a]pyridazine-1,3(2H)-dione
1	59.1
1	5.93
1	59.6
1	59g
1	5-acetamido-4-benzoyl-3-(2-phenethyl) benzoic acid
1	5-acetoxy-9-(2-fluorobenzyl)-2-(2-fluorophenyl)-7,8,9,10-tetrahydro-imidazo[1,2c]pyrido[3,4-e]pyrimidine
1	5-acetoxy-9-(2-fluorobenzyl)-2-(2-fluorophenyl)-7,8,9,10-tetrahydro-imidazo[1,2c]pyrido[3,4-e] pyrimidine
1	5-acetyl-3-(3,4-dimethoxycinnamoyl)-4-hydroxy-2H-pyran-2,6(3H)
1	5-acetylamino-1-naphthol-3-sulfonic acid
1	5-aryl-methyl-hydantoin
1	5B/5C
1	5'-benzoate
1	5-benzyl
1	5-bis-(m-trifluoromethylphenyl)-4-(2-hydroxyethoxy)-benzoic acid ethyl ester
1	5-bromo-3,4-dihydronaphthalen-2(1/1)
1	5-bromo-3-debromostevensine
1	5-Bromo-8-[(1S,2S)-2-hydrocyclohexyl]-3,9-dihydro-7H-pyrrolo[3,4-h]quinolin-7-one
1	5-butyl-1-[[2′-(1H-tetrazol-5-yl) [1,1′-biphenyl]-4-yl]methyl-1H-1,2,4-traizol-3-yl]acetylhydrazide
1	5-butyl-1-[[2'-(1H-tetrazol-5-yl)[1,1'-biphenyl]-4-yl]methyl-1H-1,2,4-triazol-3-yl]acetylhydrazide
1	( 5c )
1	5-chloro-2-(2-4-nitrophenoxy)methylpyridine
1	5-chloro-2-cyclohexyloxy-nicotinamido
1	5-chloro-2-hexahydrobenzyloxy-nicotinamido
1	5-chloro-2-methoxy
1	5-chloro-2-methoxy-benzamido
1	5-chloro-2-methyl-8H-pyrazolo[1,5a]pyrazolo[4',3':5,6]pyrido[3,4-e]pyrimidine
1	5-chloro-3-hydroxy-2-isobutyl-2,3-dihydroinsoindol-1
1	5-chloro-4-nitroacetophenone
1	5-chloro-N-[(1S,2R)-2-ethyl-4,4,4-trifluoro-1-(hydroxymethyl)butyl]thiophenfe-2-sulfonamide
1	5-chloro-N-methyl-N-[2-(4-morpholino)ethyl]-2,4-dinitrobenzamide
1	5-cyano-3-dichlorofluoromethanesulfenyl-1-phenyluracil
1	5-cyano-3-dichlorofluoromethane sulphenyl-1-phenyl-uracil
1	5-cyclohex-1-enyl-3-[1,3]dioxan-5-yl-(trans-4-methyl-cyclohexanecarbonyl)-amino
1	5′-(Dibutyldithiocarbamyl)-2,5-dimercapto-1,3,4-thiadiazole
1	5′-(Diisopropyldithiocarbamyl)-2,5-dimercapto-1,3,4-thiadiazole
1	5-[(E)-4,7-diacetoxy-2-heptenylidene]-4-acetoxy-2-methylthio
1	5 - ethyl acetate
1	5-ethylsulfonyl
1	( 5f )
1	5-Fluoro-3,4-dihydro-2,4-dioxo-N-{6-[3-(benzothiazole-2-yl)ureido]hexyl}
1	5-Fluoro-3,4-dihydro-2,4-dioxo-N-pyridiniomethyl
1	( 5-j )
1	5l
1	5-mercapto-3H-6,7,8,9,10,11,12,13-octahydrocycloheptacyclodecen-3-one
1	5-methoxy-1,3,4-thiadizol-2-yl isocyanate
1	5-methoxy-2(4-{[4-5-pyridin-2-yl-4H-1,2,4-triazol)piperidin-1-yl]methyl}phenyl
1	5-methyl-2-phenyl-3-propargyl-6-thiomethyl-4(3H)-pyrimidinone
1	5-(methylthio)-1-nitro-1-(tetrahydro-2He1,3-thiazin-2-ylidene)-2-pentanone
1	5-n-butyloctahydro-2-oxo-1H-indoleacetamide N-[bis[1-methylethyl]amino]ethyl
1	5-nitro-2-phenyl-2H-pyrazole[3,4-b ]pyridine
1	5-norbornene-2-(4′-hydroxy-4-methoxy chalcone)ester ethylene
1	5-norbornene 2-(7-hydroxy 6-methoxy coumarine) ester ethylene
1	5-(N′-phenylhydrazinocarbonyl)-1H-thieno[2,3-c]pyrazol-3-yl
1	5'-O-Benzoyl-N2 -benzoyl-3'-azido-2',3'-dideoxyadenosine
1	5-(o-chlorophenyl)-7-trifluoromethyl
1	(-)-5-octyloxy
1	5'-O-DMT
1	5′-O-DMT-2′-O-
1	5-oxy-substituted 7-azaindoles
1	5-phenyl-3-butyl allophanoyl chloride
1	(5R)-3-[(1R)-2-(4-{[tent-butyl(dimethyl)silyl]oxy}phenyl)-1-methylethyl]-5-(2,2-dimethyl-4H-1,3-benzodioxin-6-yl)-1,3-oxazolidin-2-one
1	(5R),(6E)-6-(7-Methyl-6-oxo-5,6,7,8-tetrahydro-imidazo[1,2-a]pyrazin-2-ylmethylene)-7-oxo-4-thia-1-aza-bicyclo[3.2.0]hept-2-ene-2-carboxylic acid sodium salt
1	(5RS,6SR,7SR)-6-tert-butoxycarbonyl-7-(2-benzyloxy-4-methoxyphenyl)-2-[(N-benzoyl)propylamino]-5-(3,4-methylenedioxyphenyl)cyclopenteno[1,2-b]pyridine
1	(5S)-{4′-[5-(acetylamino-methyl)-2-oxo-oxazolidin-3-yl]-2′-fluoro-biphenyl-4-y methyl}-[1-(4-methoxy-benzyl)-1H-[1,2,3]triazol-5-ylmethyl]-carbamic acid tert-butyl ester
1	5-(tetrahydro-2H-thiopyran-4-yl-1′,1′-dioxide)
1	5-trans-diene
1	5α-androstan-19ols
1	( 60 )
1	600
1	60.4
1	( 60/40 )
1	605
1	60.5
1	6,11-dihydro-6,11-dioxo-8-methylnaphtho[2,,3':4,5]imidazo[1,2-a]pyridine
1	6-12
1	613g
1	615
1	61.5
1	61.6
1	6,17α-dimethyl-17β,19-di(trimethylsiloxy)-5-androsten-3-one
1	618
1	61.8
1	61g
1	620m
1	6,2-(1,1-dicyanopropen-2-yl)-6-{[2-(2-fluoro-ethoxy)-ethyl]methylamino}naphthalene
1	62.4
1	62.6
1	62.8
1	62%9
1	"6'-(2""-amino-2""-phenylacetamido)-spiro[cyclohexane-1,2'-penam]-3'-carboxylic acid"
1	6-[(2-hydroxy-ethyl)-amide]2-[(1-isopropyl-piperidin-4-yl)-amide]
1	6-[[(2R)-4-benzoyl-2-methyl-1-piperazinyl]carbonyl]-13-cyclohexyl-N-[(dimethylamino)sulfonyl]
1	62w
1	( 63 )
1	630
1	631.5
1	634
1	6,3-lactone
1	645
1	6.45
1	6-[(4-benzoyl-1-piperazinyl)carbonyl]-13-cyclohexyl-N-[(dimethylamino)sulfonyl]
1	6-(4-methyl-piperazin)-1-ylmethyl-1H-indole-2-carboxylic acid
1	65.1
1	65.6
1	65-68~C
1	( 658 )
1	65g
1	66.2
1	66.6
1	666.4
1	6,6′-(alkylenedioxy)di-2-naphthoic acid
1	6-((6-bromo-1H-benzo[d][1,2,3]triazol-1-yl)methyl)imidazo[1,2-b]pyridazine-2-carbonyl azide 13C
1	6,6'-dichloro-6,6'-deoxysucrose
1	6,6′-dichloro-6,6′-deoxysucrose
1	67
1	671
1	67.1
1	672
1	67.5
1	67b
1	67g
1	68.5
1	( 69.6 )
1	6-acetamido-1′-[4,8-dimethoxyquinoline-2-yl)carbonyl
1	6-amino-8-aminomethyl
1	6-aminopenicillanate 1α-oxide
1	6-bromaoimidazo[1,2-a]pyrimidine-2-carboxylic acid hydrobromide
1	6-bromo-1-methyl-1H-indole-2-carboxylic acid [(1S,2R)-2-cyanomethyl-carbamoyl)-cyclohexyl
1	6-bromo-3-coumarone
1	6-bromo-3-hydroxy-2-isobutyl-2,3-dihydroinsoindol-1
1	6-bromo-5-((2R,6S)-2,6-dimethyltetrahydro-2H-pyran-4-ylamino)methyl
1	(-) 6-bromo-7-eicosanoates
1	(-) 6-bromo-7-eicosynoates
1	(-) 6-bromo-7-yne-eicosanoates
1	6-chloro
1	6-chloromethyl
1	6d
1	6-diethylamino-3-methyl-2-(2,6-kylindeno)-fluoran
1	6-dimethylamino-4-methyl-1H-quinoline-2,5,8
1	6-ethylamino
1	6-ethylnyl-4,5-dihydro-4-methyl-3-(5-methyl-1,2,4-oxadiazol-3-yl)-5-oxo-imidazo(1,5-a)quinazoline
1	6F
1	6H-1-Thia-3,6-diaza-as-indacene-7,8
1	6-hydroxymethyl-1-(2-prol:)yl
1	6-methoxy-6-methylhept-2-yl p-phenyl ether
1	6-(Methoxymethyl)-5,6-dihydropyrrolo[3,4-b]pyrrolo-4(1H)
1	6'-N-t-butoxycarbonyl-kanamycin B
1	6-oxy-[1,6]naphthyridine-2-carboxylic acid methyl ester
1	(6-phenoxy-2-pyridyl)methyl
1	6-(pyridin-2-yl)-5,6,7,8-tetrahydro-N-(1,2,3,4-tetrahydro-4,4-dimethyl-1-substituted)quinolin-7-yl
1	(6R,7R)-3-acetoxymethyl
1	6'-sodium
1	6-spirothiazolidine dihydrochloride
1	( 6S/R,9R/S )
1	6T
1	6-tert-butyldimethylsilyl
1	6V
1	6α,17α-dimethyl-17β,19-di(trimethylsiloxy)-5-androsten-3β-ol
1	6α,17α-dimethyl-5α-androstane-17β,19-diol diacetate
1	6α-methyl-19-(2'-tetrahydropyranyloxy)-5α-androstane-3,17-dione
1	6α-methyl-19-triphenylsilioxy-4-androstene-3,17-dione
1	7-[
1	70.0
1	70.2
1	70.3
1	( 70/30 )
1	70.6
1	70.9
1	70g
1	70w
1	7.14q
1	71.6
1	71.9
1	(±)7-[1'α2'β-bis-(benzoyloxymethyl) cyclopropan-1'β-yl] methyladenine
1	727k
1	72.8
1	7.2G
1	( 72%lo )
1	[7-((2-triphenylmethylamino)-4-thiazolyl [[2-bromo-2-propenyloxy)-imino]-acetamido]-8-oxo-4-thia-1-azabicyclo[4,2,0]oct-2-en-3-yl]-2-carboxylate
1	73.0
1	730g
1	73.4
1	7375g
1	( 73qb )
1	74
1	7.43
1	( 74A )
1	74g
1	75.1
1	76.0
1	7.65
1	76.5
1	76.8
1	770
1	77.5
1	7,7-ethylenedioxy-17β-t-butyldimethylsilylyoxy-androst-5-en-3-ol 3-acetate
1	7-[[(7R)-8-cyclopentyl-7-ethyl-1-methyl-6-oxo-7H-pteridin-2-yl]amino]-N-[(2S)-3-[4-(cyclopropylmethyl)piperazin-1-yl]-2-hydroxy-propyl]-2,3-dihydrobenzofuran-4-carboxamide
1	77w
1	7.8
1	7-[8-(2-Isopropoxy-phenyl]-[1,2,4]triazolo[1,5a]pyridine-2-ylamino]-1,2,4,5-tetrahydro-benzo[d]azepine-3-carboxylic acid tert-butyl ester
1	7.89
1	7,8-bis(4-chlorophenyl)-2-(2-hydroxycyclohexyl)-[1,2,4]triazolo[4,3-b]pyridazin-3(2H)-
1	( 79 )
1	79.5
1	7.96
1	7982g
1	79Br 81Br
1	( 7a )
1	7-acetoxy
1	7-Benzoly-5-chloroindoline
1	( 7c )
1	7-chloro-substituted
1	( 7d )
1	7-[D-2-(3-mercapto-5-hydroxy-1,2,4-triazine-6-carboxamido)-2-phenylacetamido]-3-(1-methyl-1H-tetrazol-5-ylthiomethyl)-3-cephem-4-carboxylic acid
1	7-[D-2-(4-oxo-4H-pyrido[1,2-a]pyrimidine-3-carboxamido)-2-phenylacetamide]-3-(1-methyl-1H-tetrazol-5-ylthiomethyl)-3-cephem-4-carboxylic acid
1	7-diol
1	7-ethyl
1	( 7f )
1	7-fluoro-1-methyl-8-(3-methyl-3-methylamino-1-azetidinyl)-1-methyl-4-oxo-1,4-dihydrobenzo[b][1,8]naphthyridine-3-carboxylic acid
1	7-fluoro-5H-inden[1,2-b]pyridin-5,5'-(oxazolidine)-2',4'
1	( 7g )
1	7-g
1	( 7H )
1	7-hydroxy-8,19-oxido-17β-pivaloxyandrost-4-en-3-one
1	7-[N-(4-hydroxy-2-nonynyl)cynamido]heptanoic acid
1	7-oxide
1	7-(R)-4-fluoro-2-methyl-phenyl
1	7S
1	(+)-7α-(5-bromopentyl)-17α-hydroxy-3-oxo-pregn-4-ene-21-carboxylic acid γ-lactone
1	(+)-7α-hexyl-17α-hydroxy-3-oxo-pregn-4-ene-21-carboxylic acid γ-lactone
1	7α-methyl-17β,19-di(2'-tetrahydropyranyloxy)-5-androsten-3-one
1	7β-(2,2,2-trifluoroethylsulfonylacetamido)
1	7β-D-5-carboxy-5-phthalimidovaleramido
1	7β-[(Z)-2-(2-t-butoxycarbonylamino-4-thiazolyl)-2-trityloxyiminoacetamido]-3-(2-methyl-1,2,3-triazol-4-yl)-thiomethylthio-3-cephem-4-carboxylic acid diphenylmethyl ester
1	800
1	80.5
1	8.06
1	8.07
1	80A-a
1	80c
1	80-g
1	80t
1	8-1
1	81.5
1	81t
1	81w
1	82.1
1	82-(4-amino-2,6-dibromophenoxy)ethyl
1	82.6
1	8-[2[tetrahydro-4 -[[(1,1-dimethylethyl)dimethylsilyl]oxy]6-oxo-2H-pyran-2-yl]ethyl]-1,2,3,7,8,8a-hexahydro-3,7-dimethyl-1-naphthalenyl ester
1	8-[2[tetrahydro-4-[ [(1,1-dimethylethyl)dimethylsilyl]oxy]6-oxo-2H-pyran-2-yl]ethyl]-1,2,3,7,8,8a-hexahydro-3,7-dimethyl-1-naphthalenyl ester
1	83
1	83.1
1	8-[3-(1,3-dihydro-5-methyl-2-oxo-2H-benzimidazol-1-yl)propyl]-1-phenyl
1	8-(3-cyanobenzoyl)-8-azabicyclo[3.2.1]octan-3
1	8-(3-cyanobenzyl)-8-azabicyclo[3.2.1]octan-3
1	8-[3-[N-(5-amino-1,3,4-thiadiazol-2-ylthio)acetylglycol]-N-methylamino]-2,6-dichlorobenzyloxy
1	84.7
1	84a
1	8-4-trans(2-tert-butoxycarbonylaminocyclopropyl)phenylamino
1	851
1	85.1
1	852g
1	( 85.3.0% )
1	( 86 )
1	86.0
1	87.8
1	( 88 )
1	88.4
1	88.5
1	8883
1	8.8-g
1	89.0
1	8,9-dihydro-10-methyl
1	89g
1	8A
1	8-carbamoylguanosine 3',5'-cyclic phosphate
1	8-chloro-3-ethoxycarbonyl-7-fluoro-1-(N-formyl-N-methylamino)-4-oxo-1,4-dihydro-benzo[b][1,8]naphthpyridine
1	8-chloro-4-methyl
1	8-hydroxy-cAMP
1	8-isopropopxy-2-methylquinoline
1	8K
1	8l
1	8-nonen 1-mesylate
1	8-t-butyldimethylsiloxy-1-(2,2-dimethyl-1,3-doxolan-4-yl)-2-hydroxyoctan-4-one
1	8-triphenylphosphonium octanoic acid bromide salt
1	9-[
1	900
1	9(11)-oestradiene
1	92.5
1	9-[[2-[N-acetyl-S-(4-nitroxybutyroyl)cisteinyl-]ethoxy]methyl]guanine
1	93.4
1	936
1	93t
1	94.5
1	( 95 )
1	( 95.2.0% )
1	95.4
1	95.5
1	955a
1	95g
1	9.6
1	96.2
1	96.6
1	97
1	976
1	980
1	( 98/2 )
1	98.2
1	98i
1	99-100
1	99.4
1	99.9/0.1
1	( 9b )
1	9-bis-(4-chloro-phenyl)-3-isobutyl-pyridazino[6,1-c][1,2,4]triazin-4-one
1	9-chloro-6-flouro-11-hydroxy-17-methoxycarbonyl-10,13,16-trimethyl-3-oxo-6,7,8,9,10,11,12,13,14,15,16,17-dodecahydro-3H-cyclopenta[a]phenanthren-17-yl ester
1	9 -ethyl acetate
1	9-ethyl acetate
1	9.lmg
1	9-mesylate
1	9-oxo-16-hydroxy-Δ10 prostadien-1-ol
1	A-0143634
1	A-0278595
1	A2
1	A34030
1	A5
1	above-indicated product
1	acetal dibenzylidene sorbitol
1	acetate esters
1	acetic acid alkali metal acetate
1	acetin anhydride
1	acetone-hexanes
1	acetone-water-ether
1	Acetyl
1	acetylenic
1	acetyl-oligo(D,L-2-hydroxycaproic-co-L-lactic acid)
1	acetyl-oligo(D,L-2-hydroxycaproic-co-L-Lactic acid)
1	acid 19
1	AcOEt hexanes
1	AcOEt-hexanes
1	AcOH—15
1	AcOH-20
1	AcOH—20
1	AcOH EA DCM iso-hexanes
1	acrylates
1	acrylic acid ester styrene
1	acylated diphenyl ether
1	acyl azide
1	acyl chlorides
1	acyl imidazolide
1	ADA
1	addition product
1	adduct 29
1	afford(R)-3-(5-acetoxyhexyl)-1,7-dimethylpyrido[2,3-d]pyrimidine-2,4,5(1H,3H,8H)-trione
1	Ag-CN18
1	Al
1	Al2 (SO4)3
1	alcohol ethyl acetate
1	aldose
1	aldose sugar
1	aliphatic methyl methacrylate-urethane
1	alkali hydroxide
1	alkali metal lactobionate
1	alkaline earth metal salt
1	alkane
1	alkanoyl oxyethyl
1	alkenyl succinic anhydride
1	alkoxyalkyl ether
1	alkoxylated alcohol
1	alkoxy nitrosophenols
1	alkoxysilane
1	alkyl acetate
1	alkylated benzenes
1	alkylated tetrahydroisoquinoline ester
1	alkylbenzene
1	alkylbenzenes
1	alkyldimethyl-naphthylmethyl ammonium chloride
1	alkylene oxide
1	alkyl lithium
1	alkyl- or aralkyl-halides
1	alkylphenols
1	alkynyl alcohols
1	allyl
1	allyl-bicyclo
1	allylester
1	(alpha)22 +134
1	alpha-methyl tetrahydrofuran
1	alumina chloroform
1	aluminium siloxide
1	aluminum alcoholates
1	amine hydrochloride salt
1	amino acid ester
1	amino acids
1	aminoazo
1	aminoester
1	amino-(N,N-disubstituted-amino)phenylthiosulfonic acid
1	amino- or nitro-quinoline
1	Aminophase-silica
1	amino sugar
1	aminourethanes
1	ammonium imidodisulfonate
1	ammonium jarosite
1	ammonium sulfide
1	amorphous glass
1	amorphous solid
1	analytical product
1	anhydrides
1	anhydride trimethylolpropane
1	anhydroglucitol
1	anhydrous polymer
1	Annonin-V Cherimolin
1	Anti-skatole
1	appropriate radioinert compound
1	aromatic amine
1	aromatic heterocyclic compound
1	aromatic ring
1	aromatic rings
1	arylbenzonitrile
1	aryl bromide
1	arylLi
1	arylmagnesium bromide
1	Aryloxy-benzenesulfonyl
1	aryl-substituted
1	aspartate salt
1	aspartyl methyl ester
1	aziridine-H
1	azomethine
1	Azomethine
1	B
1	( B1 )
1	b- 2-phenylethyl methacrylate
1	( B4 )
1	B9
1	bacteriopheophorbide a methyl ester
1	barium salt
1	base 201
1	base 301
1	benzene-ether
1	benzene-petrol
1	benzhydryl 6-aminopenicillanate 1α-oxide
1	Benzhydryl 7-(1',2'-dichloro-2'-α-thienylethylidenimino)-3-carbamoyloxymethyl-3-cephem-4-carboxylate
1	benzoate ester
1	benzoic acid diester
1	benzotriazole-t-yl-oxy-tris-pyrrolidino-phosphonium hexafluorophosphate
1	benzyl (2S)-1-(5-chloro-1,3-benzoaxazol-2-yl)-2-piperidinecarboxylate
1	Benzyl 4-{[(3-methyl-2-pyridinyl)amino]carbonyl}-1-piperidine
1	benzyl (7Z/E)-6-fluoro-7-(2-methoxy-2-oxo-ethylidene)-3-oxa-9-azabicyclo[3.3.1]nonane-9-carboxylate
1	benzyl diacetate
1	benzylic alcohol
1	benzylidene
1	benzyl N-α-acetyl-O-benzylthreonylvalylleucinate
1	biaryls
1	bicyclic
1	bis-1,5-naphthalene-disulphonate
1	bis(2-heptylundecyl) phosphoric chloride
1	bis(2-imidazolin-2-ylhydrazone)
1	bis-3,4-methylenedioxyphenylacetic acid
1	bis(4,4′-isocyanatocyclohexyl)methane
1	bis(4-isopropylphenyl)iodosyl hexafluorophosphate
1	bis(acetic acid)
1	bis-coupled product
1	bis-dicyclopentenyl ether
1	bis-ester
1	bis(fluorosulfonyl)imide
1	bis-imine
1	bis-methacrylamide
1	bis-methanesulfonic acid
1	bis-(methanesulfonic acid ester)
1	bis-methylol
1	bisphenyl substituted hexane
1	bisresorcinol
1	bis-t-butylcyclohexyl percarbonate
1	bis(tert-butylamine)salt
1	bis(tert-butylamine)-salt
1	bis(tetra-N-butyl)ammonium
1	bistriethanolamine
1	bistrifluoroacetic acid
1	bis TRIFLUOROACETIC ACID
1	bis-trifluoroacetic anhydride
1	bis-trifluroacetic acid
1	B-MeCN
1	[BMPL][(C2F5)2P(O)O]
1	BnSCO-L-LeuΨ[COCH2-L-Phe-L-(Tr-Gln)]-E-propenamide
1	boc
1	BOC-deprotected
1	Boc-D-Phe-VS-Ph
1	Boc-hydrazone
1	Boc-Leu-Mephe-NH2
1	BocPro-LBpa-Phe-DPhe-Leu-MetNH2
1	BOC (tert-butyl carbonyl)
1	Boc-trp-Leu-Mephe-NH2
1	boranophosphonate
1	bornyl ester
1	bp10
1	( b.p.12 )
1	B-phthalimidopropaldehyde
1	Br benzene
1	[BrCH2CH2CH2MIM][(C2F5)2P(O)O]
1	bromide salt
1	bromoacetyl
1	bromobutanes
1	bromohydrins
1	brownish oil
1	brownish viscous oil
1	brown powder
1	brown precipitate
1	brown-yellow oil
1	Brushite
1	bunte salt
1	butanediols
1	butenes
1	butoxyamine-N,N-bis-3-propionic acid methyl ester
1	butoxyethyl monoester
1	byproduct
1	by-product 79
1	by-products
1	)+( c )
1	C1
1	C11H13N3O
1	C12-alkylindanes
1	C13 -alcohol
1	C15H12N4O3
1	C18-silica gel
1	C1 -C4 -alkanols
1	C1 to C5 saturated fatty acid
1	C2
1	C2-5 alkanol
1	C4F9(CH2)11OAcr
1	[(C4H9)3PC2H5][(C2F5)2P(O)O]
1	C5-C14-alkyl-C1-C4-alkoxycinnamate
1	[(C6H5O)3PCH3]-[(C2F5)2P(O)O]
1	C7
1	C7 aldehydes
1	[(C8H17)3—NCH2C≡CH][(C2F5)2P(O)O]
1	C9
1	Ca
1	Ca3 (C6H5O7)2.4H2O
1	calcium silicates
1	carbazole alkaloids—mukoline
1	carbohydrate
1	carbomethoxy
1	carboxylic acid ammonium salt
1	carboxylic acid anhydride
1	carboxylic ester
1	CaSO4
1	Cbo-α-ethyl-L-glutamate
1	Cbz ester
1	CeI[N(SiMe3)2]2
1	cellulose nitrate
1	CeO2,lanthanum nitrate
1	-(CH2)3COO(-)
1	-CH2CH2O(CH2)rCH3
1	[CH2═CHCH2OCH2CH2MIM][(C2F5)2—P(O)O]
1	[CH2═CHCH2OCH2CH2Py][(C2F5)2P(O)O]
1	CH2CI2 MeOH
1	CH2Cl2 CH3 OH AcOH
1	CH2Cl2 I—PrOH
1	CH2Cl9
1	(CH3CH2)2(H)Si—(CH2)5—CH3
1	[CH3N(C2H5)3][(C2F5)2P(O)O]
1	[CH3S(C6H5)2][(C2F5)2P(O)O]
1	[CH≡CCH2MIM][(C2F5)2P(O)O]
1	[CH≡CCH2MPL][(C2F5)2P(O)O]
1	CHCl
1	CHClFCF3
1	c-hexane AcOEt
1	chitin
1	chlorauric acid
1	chlorides
1	chloro-2-(4-chlorophenyl)-4,4a,5,6-hexahydro-[1]benzothiepino[5,4-c]pyridazin-3(2H)-one
1	chloroacetyl
1	chlorofm-methanol
1	chloroform˜chloroform methanol
1	chloroform hexanes
1	chloroform petroleum ether
1	chloromagnesium-cyclopropylacetylide
1	chondroitin sulfate
1	cis-(1S) (4S)-N-methyl-4-(3,4-dichlorophenyl)-1, 2,3,4-tetrahydro-1-naphthaleneamine
1	cis-2-(4-hydroxycyclohexyl)-1H-isoinzole-1,3(2H)
1	Cis-8,9-octadecenoamide
1	cis-diaryl
1	cis-itraconazole HCl tartaric acid
1	cis nitrophenyl
1	cis/trans mixture
1	Cl
1	Cl3H NH4OH
1	clear yellow liquid
1	cloudy solution
1	cNH4OH-MeOH CH2Cl2
1	Co
1	coarse prisms
1	coarse product
1	CoCl2 · 6H2O
1	Co(II)(4)
1	colophony glycerol ester
1	colored solid
1	colorless fibrous needles
1	colorless glass
1	colorless powder
1	coloured oil
1	colourless crystals
1	Co Mn Br
1	Complex 12
1	Complex #27
1	complex 6
1	Compound ( 1 )
1	Compound [ 1 ]
1	Compound 10
1	Compound 100
1	Compound 1006
1	Compound 1008
1	Compound 1009
1	Compound 101
1	Compound 1010
1	Compound 1020
1	compound ( 10-3 )
1	Compound 1031
1	Compound 104
1	Compound 1041
1	Compound 1045
1	Compound 1048
1	Compound 105
1	Compound 1051
1	Compound 1052
1	Compound 106
1	Compound 108
1	compound ( 109 )
1	Compound 109
1	Compound 109.2
1	compound 10a
1	compound 10b
1	Compound 10f
1	compound 1.10
1	Compound 110
1	Compound 1102
1	Compound 110.2
1	compound 1.12
1	Compound 113
1	compound 1.14
1	Compound 114
1	compound 115
1	compound 1.15
1	Compound 116
1	compound 1.17
1	compound 1.20
1	Compound 120
1	compound 1.21
1	compound 1.2.1
1	Compound 1.21
1	compound 1.23
1	Compound 123
1	Compound 124
1	compound 125
1	Compound 126
1	Compound 127
1	Compound 128
1	Compound 129
1	compound 12b
1	Compound 130
1	Compound 132
1	compound 1329
1	Compound 133
1	compound 134
1	Compound 134
1	compound 136
1	compound 138
1	compound #139
1	Compound 139
1	compound 13a
1	compound ( 13b )
1	compound ( 1-4 )
1	Compound 14
1	Compound 140
1	Compound 141
1	Compound 142
1	compound 1-44
1	compound ( 145 )
1	compound 146
1	Compound 146
1	Compound 146.2
1	compound 147
1	Compound 149
1	Compound 150
1	Compound 15.2
1	Compound 153
1	Compound 155
1	Compound 159
1	Compound 16
1	Compound 1.6
1	Compound 160
1	Compound 161
1	Compound 162
1	Compound 164
1	Compound 166
1	Compound 167
1	Compound 169
1	Compound 17
1	compound #170
1	Compound 170
1	Compound 171
1	Compound 172
1	Compound 17.2
1	compound 173
1	Compound 173
1	Compound 174
1	compound 175
1	Compound 175
1	compound 176
1	Compound 176
1	compound 177
1	Compound 177
1	Compound 178
1	compound 179
1	Compound 179
1	compound ( 1-8 )
1	compound 180
1	Compound 180
1	Compound 181
1	Compound 18-1
1	compound 1.9
1	compound 195
1	compound 1A
1	Compound 1A
1	compound ( 1-b )
1	compound 1C
1	Compound 1C
1	compound 1(f)
1	compound ( 2 )
1	compound 2-[
1	compound ( 20 )
1	Compound 200
1	Compound 2006
1	Compound 2007
1	Compound 201
1	COMPOUND 201
1	Compound 2015
1	Compound 205
1	Compound 206
1	Compound 207
1	Compound 2079
1	Compound 209
1	compound ( 21 )
1	Compound 210
1	Compound 214
1	Compound 215
1	Compound 216
1	Compound 217
1	Compound 218
1	compound 219
1	Compound 219
1	compound 21a
1	compound [ 22 ]
1	Compound 22
1	Compound 220
1	Compound 221
1	Compound 222
1	Compound 223
1	Compound 224
1	Compound 225
1	Compound 226
1	Compound 227
1	Compound 228
1	Compound 229
1	Compound 230
1	Compound 231
1	Compound 232
1	Compound 233
1	Compound 234
1	Compound 235
1	Compound 237
1	Compound 240
1	Compound 241
1	Compound 242
1	Compound 243
1	Compound 244
1	compound 2.45
1	Compound 246
1	Compound 247
1	Compound 249
1	compound 25
1	compound ( 25 )
1	Compound 250
1	Compound 252
1	Compound 253
1	Compound 254
1	Compound 255
1	Compound 256
1	Compound 257
1	Compound 258
1	Compound 259
1	Compound 260
1	Compound 261
1	Compound 262
1	Compound 263
1	Compound 264
1	Compound 265
1	Compound 266
1	Compound 267
1	Compound 268
1	compound 26s
1	Compound 27
1	compound 27s
1	compound 282
1	compound ( 29 )
1	Compound 2a
1	compound ( 2b )
1	compound 2c
1	compound ( 3 )
1	compound [ 3 ]
1	Compound 30
1	compound ( 301 )
1	compound 3.01
1	compound ( 303 )
1	compound ( 30a )
1	Compound 31
1	Compound 318
1	compound 31C
1	compound ( 32 )
1	Compound 322
1	Compound 32A
1	compound 3.350
1	compound 3.354
1	compound 3.355
1	compound 34
1	Compound 34
1	Compound ( 344 )
1	Compound 35.2
1	Compound 365
1	compound ( 37 )
1	Compound 37
1	Compound 38.2
1	Compound ( 39 )
1	Compound 3A
1	compound [ 4 ]
1	Compound 41
1	Compound 413
1	compound 4-2
1	compound 44
1	compound 46
1	Compound ( 4-6 )
1	compound 47
1	Compound 47
1	compound 47.1
1	compound 48
1	compound 4.8
1	Compound 48
1	Compound 49
1	Compound 4B
1	Compound [ 5 ]
1	Compound 50
1	Compound 51
1	compound 52
1	Compound 52
1	Compound 53
1	compound 54
1	compound 5402
1	Compound 55
1	Compound 55.2
1	Compound 56
1	Compound 57
1	Compound 58
1	Compound 582
1	Compound 59
1	Compound 5an
1	Compound 5ao
1	compound ( 6 )
1	Compound ( 6 )
1	Compound [ 6 ]
1	Compound 60
1	COMPOUND 612
1	Compound 62
1	Compound 63
1	Compound 64
1	Compound 65
1	COMPOUND 651
1	Compound 66
1	compound 67
1	Compound 67
1	Compound 68
1	Compound 6a
1	Compound 70
1	Compound 71
1	Compound 72
1	compound 726
1	Compound 73
1	Compound 74
1	Compound 74.2
1	Compound 75
1	Compound 76
1	Compound 76A
1	Compound 77
1	Compound 78
1	Compound 79
1	Compound 7B
1	Compound ( 8 )
1	Compound 80
1	Compound 81
1	Compound 82
1	compound 83
1	Compound 83
1	Compound 85
1	Compound 86
1	Compound 89
1	Compound 90
1	Compound 91
1	compound #92
1	Compound 93
1	Compound 96
1	Compound 97
1	Compound 99
1	compound A1
1	compound ( A2 )
1	compound b
1	compound B
1	Compound B1
1	compound B2
1	Compound C
1	compound C2
1	compound ( d1 )
1	Compound ( F )
1	Compound ( G )
1	compound ( I )
1	Compound ( I )
1	compound ( II )
1	Compound ii
1	Compound II
1	Compound ( II )
1	compound K
1	Compound ( P )
1	Compounds 100
1	compounds ( 12 )
1	Compounds 179
1	Compounds 312
1	Compounds 72
1	compounds A
1	Compounds IV
1	compound ( VI )
1	compound vii
1	compound VII
1	Compound VII
1	Compound w
1	Compound XIII
1	Compound XIV
1	compound ( XV )
1	Compound XXIII
1	compound XXVII
1	Compound XXVII
1	concentration-solution
1	copolyester
1	copolymer 2b
1	copper-I chloride
1	copper(II) carboxylate
1	Corey aldehyde
1	cream solid
1	creamy white crystals
1	creatine deoxygalactonojirimycin amide
1	creatine homomannojirimycin amide
1	cresols
1	cresylic acid ester
1	crude colourless oil
1	crude complex
1	crude compound 20
1	crude crystal
1	crude crystalline solid
1	crude dark solid
1	crude greenish-yellow solid
1	crude grey-brown oil
1	crude light yellow oil
1	crude material ( a )
1	crude off-white solid
1	crude orange solid
1	crude pale brown solid
1	crude pale yellow crystals
1	crude pink solid
1	crude product ( 137 )
1	crude product ( 5-02 )
1	crude product 53
1	crude thick oil
1	crude title compound
1	crude white powder
1	crystal 0.9
1	crystalline material
1	crystalline powder
1	crystals ( E )
1	Cu(DHBQ)
1	Cu(LMe,NMe2)2
1	(Cu++)(POL)2
1	cupric bromide
1	cupric nitrate
1	Cuprous bromide
1	cuprous chloride
1	cuprous oxide
1	cyano
1	cyanoethylphosphate triester
1	cyclic amine
1	cyclic ether
1	cyclic phosphate ester
1	cyclic phosphonate-phosphoric acid
1	cyclodextrin
1	cyclohexane ethyl
1	cyclohexane EtOAc-9
1	cyclohexane petroleum ether
1	cyclohexyl
1	cyclopropyl-(2-methoxymethyl-5,6,7,8-tetrahydrobenzo[4,5]thieno[2,3-d]pyrimidin-4-yl)-methyl-amine(N-cyclopropyl-2-(methoxymethyl)-N-methyl-5,6,7,8-tetrahydrobenzo[4,5]thieno[2,3-d]pyrimidin-4-amine)
1	(cyclopropyl)methylene Grignard reagent
1	cyclopropylmethyl ester
1	(cyclopropyl)methyl Grignard reagent
1	D-2-4-(4-chlorobenzyloxy)-1-(4-(2-hydroxy-2-methylpropoxy)-3-methoxyphenyl)pyridin-2(1H)-one
1	D3D'CH2CHMeCH2Cl
1	D5
1	D6
1	( D60 )
1	DA168
1	dark grey solid
1	dark orange oil
1	dark red oil
1	dark solid
1	decanolides
1	dehydrothio-p-toluidine-7-sulfonic acid
1	dense oil
1	deoxyribonucleoside
1	desilylated product
1	desired acid ( 43 )
1	desired acid ( 54 )
1	desired acid ( 56 )
1	desired adduct
1	desired compound 10
1	desired compound ( 10 )
1	desired compound ( 30 )
1	desired compound ( 45 )
1	desired compound ( 80 )
1	desired crude intermediate
1	desired final product
1	desired Intermediate 3B
1	desired intermediate ( c )
1	desired intermediate ( d )
1	desired intermediate ( K )
1	DESIRED PRODUCT
1	desired product ( 1R/S,2R/S,3R/S,6S/R )
1	desired product ( 20-3 )
1	desired product [ 294 ]
1	desired product ( 3b )
1	desired product [ 41 ]
1	desired product [ 47 ]
1	desired product ( 5 )
1	desired product 7,9,17,18-tetroaxatrispiro[4.2.2.4.2.2
1	desired product A5
1	desired product ( F )
1	desired solution
1	desired white solid
1	desmethylamino
1	dextrins
1	D(+)-galactosamine
1	D-galactose 4-sulfate
1	DHK-7-16
1	D(-)HPG
1	di(4,4,5,5,6,6,7,7,7-nonailuoroheptyl)amine
1	di-acetate
1	dialdehyde
1	dialkylated compound
1	dialkylated product
1	dialkyl ester
1	diamines
1	diaminoanthraquinones
1	diammonia
1	(di-arylated) and 1-(4-nitro-phenylamino)-3-(2-nitro-4-trifluoromethanesulfonyl-phenoxy)-propan-2-ol
1	diastereomeric mixture
1	diazonium
1	diazonium fluoroborate
1	diazonium nitrate
1	Diazonium salt
1	dibenzoate
1	dibenzoylated ethylenediamine
1	dibenzoyl-L( +)tartarates
1	dibenzyl
1	dibenzylhydrogen phosphite
1	dibenzylimine
1	di-Boc
1	diboron ester
1	di-(camphor-10-sulfonic acid)
1	di(camphor-10-sulfonic acid)
1	dicarbamate
1	dicarbonyl
1	Dicarboxylic acid
1	dicarboxylic acid bisdiethylamides
1	dichlorocarbene
1	dichloromethane-hexanes
1	dichloromethane-light petroleum
1	dichloromethane methanol-880 ammonia
1	dichloromethane petroleum ether
1	dichloromethylene ethylacetate
1	dicyclohexylamine molybdate
1	diene
1	diethoxyacetal
1	diethyl acetate
1	diethyl diethyl ether
1	Diethyl ester
1	diethylether˜0
1	diethyl ether light petroleum
1	diethylether silica
1	Diethyl methylglycolate
1	diethyl para-menth-6-en-2-ylphosphonate
1	(diethyl phosphono) acetates
1	diformic acid
1	difumarate•0
1	diglyceride
1	dihexyl acetal
1	dihydrobenzothiophenes
1	Dihydroconiferyl aldehyde
1	dihydroxy
1	diketal
1	dilactam
1	dimesylate
1	dimethacrylate
1	dimethanesulfonate
1	dimethyl
1	dimethyl (1R)-1-[(N-benzyl-oxycarbonyl-L-alanyl)]-benzylphosphonate
1	dimethyl 6,6'-(isophthaloyl-dioxy)-di-2,2'-naphthoate
1	dimethylacetal
1	dimethylcyanodithioimido carbonate
1	di-n-amyl malonate
1	di-o-chlorophenyl phosphorochloridate
1	Diol
1	DIOL
1	dioxide
1	dipbenylmethyl ester
1	di-p-diethylaminostyryl ketone
1	DIPEA-salt
1	dipeptide Boc-(L)-Ala-(L)-Ala-OMe
1	dipeptides Ddz-L-Val-Tyr-OMe
1	dipeptide Ser-Trp
1	diphenyl-imidazolyl-acetic acid nitrile
1	diphenylmethyl 7-β-amino-3-[(1-methyl-1H-tetrazol-5-yl)thiomethyl]-7α-methylthio-1-oxadethia-ceph-3-em-4-carboxylate
1	dipotassium
1	di-p-tert-butylphenyl phosphorochloridate
1	dipyrrole nitro ester
1	Dirhodium(II,II)
1	disilicates
1	disilyl
1	di-sodium
1	disodium sulfonate
1	disubstituted formamide
1	disubstituted phenyl-2-pyrazoline
1	disubstituted thiobarbituric acid
1	disulfonic acid
1	disulphide
1	di-t-butyl ester
1	dithioallophanimidate ester
1	di-trifluoroacetate
1	di(trifluoroacetate)
1	di-trifluoroacetic acid
1	ditrifluoroacetic acid
1	di-(Z)-2-butenedioate
1	d,l-3-[(3,5-dimethoxy-N-ethoxycarbonyl)anilino]butyric acid
1	D,L-tartaric acid
1	d,l-α-tocopherol ester
1	DMF amidine
1	(DMSO-d6)γ
1	dodecene glycol
1	DOTA-alkyl-biotin
1	double-sided aldolization product
1	dry material
1	dry organic solution
1	dry white foam
1	dry white solid
1	( E )-
1	E1
1	( E1 )
1	(E)-11-tetradecenoic acids
1	e2
1	(E)-2-(3-bromo-α-t-butylhydrazinobenzyl)-3-hydroxypyridine
1	E3
1	(E)-3-(4-methoxphenyl)-4-methyl-2-pentenal
1	E4
1	(E)-4-fluoro-N-(6-((3-(2-hydroxypropan-2-34)azetidin-1-yl)methyl)-1-(cis-4-(isopropylcarbamoyl)cyclohexyl)-1H-benzo[d]imidazol-2(3H)-ylidene)
1	E5
1	E6
1	E7
1	E8
1	E9
1	EA-hexanes
1	EA iso-hexanes
1	ed(2R,3R,4R)-1-acetyl-3,4-dihydroxy-2-hydroxymethylpyrrolidine
1	EDC.HCl 1-HOBT
1	EHMA-4-methoxylphenyl
1	Eluant 2
1	eluent E
1	[EMIM][(C4F9)2P(O)O]
1	(E)-N-[4-[(3-chloro-4-fluoro-phenyl)amino]-7-ethoxy-quinazolin-6-yl]-3-[(2R)-1-methylpyrrodin-2-yl]prop-2-enamide
1	end compound
1	enol ester
1	enol esters
1	ent-panaxytriol acetonide
1	(+)-epigalanthamine
1	Epoxide
1	epoxy acrylate
1	epsilon-lactone
1	[EPy][(C2F5)2P(O)O]
1	erythro-α-(3,5-dihydroxyphenyl)-α-(6-phenethyl-2-piperidinyl)methanol hydrochloride
1	(E)-(S)-3-{4-[3-(3′,5′-di-tert-butyl-biphenyl-4-yl)-but-2-enyloxy]-phenyl}-2propionic acid
1	Ester
1	ester diol
1	ester methyl 2-benzoylbenzoate
1	esters 3-(S)-[(1-(S)-ethoxycarbonyl-3-cyclohexyl-propyl)-amino]-1-(p-methylbenzyl)-2,3,4,5-tetrahydro-benzazepin-2-one
1	esters 3-(S)-[(1-(S)-ethoxycarbonyl-3-cyclohexyl-propyl)-amino]-1-(p-nitrobenzyl)-2,3,4,5-tetrahydro-benzazepin-2-one
1	esters 3-(S)-[(1-(S)-ethoxycarbonyl-3-cyclohexyl-propyl)-amino]-1-(p-tert-butylbenzyl)-2,3,4,5-tetrahydro-benzazepin-2-one
1	Et2O Hexanes
1	Et2O Pet. ether
1	Et2O petrol
1	Et2O petroleum ether
1	ethanedioate salt
1	ethanol hexanes
1	ether-acetone
1	ether-dichloromethane
1	ether-heptane
1	ether-heptanes
1	etherial hydrogen chloride
1	ether imide
1	ether-petroleum
1	ethoxy ethyl ester
1	Ethoxymagnesium Diethylmalonate
1	ethoxymagnesium ethyl malonate
1	Ethyl
1	ethyl 1,3-bis (dimethylamino) propane-2-carboxylate
1	(Ethyl {[15-chlorocarbonyl)isoxazol-3-yl]oxy}acetate
1	ethyl 2-{[1-chloro-6-(3-pentanoyl-1-benzofuran-2-yl)-2-naphthyl]oxy} acetate
1	ethyl-2-acetyl-3-(2-methyl-1-phenyl)propanoate
1	Ethyl 2-(N-Boc-N-ethylamino)-6-pyridylacetate LDA
1	ethyl 3-[2-(2-hydroxyethylcarbamoyl)phenyl]-2-methacrylate
1	ethyl 3-[2-(2hydroxyethylcarbamoyl)phenyl]-2-methacrylate
1	ethyl (3-amino-8-C1-5-alkyl-1,2,3,4-tetrahydro-9H-carbazol-9-yl)-acetate
1	ethyl 4-(2-chloro-6-formylpehylthio)butyrate
1	ethyl 4-hydroxy-5-oxo-5,6,7,8-tetrahydroquinonine-3-carboxylate
1	ethyl (5-chloro-2-isobutyl-3-oxo-2,3-dihydro-1-isoindol-1-yl)acetate
1	ethyl 9-bromonanoate
1	ethyl acetale heptane
1	ethyl acetate
1	ethyl acetate-as
1	ethyl acetate hexanes methanol
1	ethyl acetate-hoxane
1	ethyl acetate light petroleum
1	ethyl acetate-pet ether
1	ethyl acetate-petrol
1	ethyl acetate petroleum spirits
1	ethyl acetate silica gel
1	ethyl alcohol-ether
1	ethyl- and propyltoluene
1	ethylbenzyl
1	ethyl dimethyl ester
1	ethylene vinyl acetate copolymer
1	ethyl ether-hexanes
1	ethylglycol
1	ethyl N-(5,5,7,7-tetramethyl-4,5,6,7-tetrahydrobenzothiazol-2-yl) carbamate
1	ethyl N8(5-thiazolylcarbonyl)pipecolinate
1	ethyl [N-(phenylmethyl)phenyl]carbamate
1	ethyl oxime
1	(EtO2C)2CHCH2CH2OCH2CH2 -OCH2CH2CH(CO2Et)2
1	EtOAc(100-95%) Et3N(0-5%)
1	EtOAc CH2Cl2Cl2
1	EtOAc-ether
1	EtOAc hexanes dichloromethane
1	EtOAc isohexanes
1	EtOAc MeOH TEA
1	EtOAc n-hexanes
1	EtOAc petroleum spirit
1	EtOA-hexanes
1	EtOH hexanes
1	Eudragit L
1	Eudragit RL 30 D
1	Eu(K)
1	example 1
1	Example 114
1	Example 119
1	Example 11 ( b )
1	Example 127
1	Example 128
1	Example 129
1	Example 130
1	Example 131
1	Example 13 ( 1 )
1	Example 134
1	Example 135
1	Example 137
1	Example 138
1	Example 139
1	Example 1-4
1	Example 140
1	Example 141
1	Example 142
1	Example 143
1	Example 146
1	Example 147
1	Example 14-B
1	Example 157
1	Example 158
1	Example 159
1	Example 16
1	Example 160
1	Example 162
1	Example 164
1	Example 165
1	Example 167
1	Example 168
1	Example 169
1	Example 16-B
1	Example 17
1	Example 174
1	Example 177
1	Example 17-B
1	Example 183
1	example 19
1	example 2
1	Example 20a
1	example 21
1	Example 23
1	example 25
1	Example 25
1	Example 26
1	Example 267A
1	example 27
1	Example 27
1	Example 2-72
1	example 28
1	Example 29
1	EXAMPLE 29
1	Example 30
1	EXAMPLE 30
1	example 31
1	Example 31
1	EXAMPLE 33
1	example 34
1	Example 34
1	Example 35
1	example 36
1	Example 37
1	Example 38
1	Example 38 ( 2 )
1	example 39
1	Example 40a
1	example 42
1	Example 42a
1	example 43
1	Example 43
1	example 44
1	EXAMPLE 44
1	Example 45
1	EXAMPLE 45
1	Example 46
1	example 47
1	EXAMPLE 47
1	EXAMPLE 48
1	Example 5
1	EXAMPLE 50
1	example 52
1	example 54
1	example 55
1	example 57
1	example 58
1	example 6
1	example 61
1	example 62
1	Example 62
1	example 63
1	Example 63
1	Example 66 ( a )
1	Example 67
1	example 68
1	example 69
1	Example 75
1	Example 80
1	Example ( K )
1	exo-2,3-dicarboxylate
1	(exo-rich)5-norbornene-2-methanol
1	expected adduct
1	E,Z-butenedial bis(dimethyl acetal)
1	(E/Z)-ethyl 6-(2-phenylethylidene)-1,4,5,6-tetrahydrocyclopenta[b]pyrrole-2-carboxylate
1	F0
1	F17SO2N(Et)CH2CH2CH2Si(OMe)3
1	fatty acid chloride
1	fatty acid ester
1	Fatty acid methyl esters
1	FeCl3
1	Fe(ClO4)3
1	Fe(CN)64−
1	Fe(II)
1	fermentation mixture
1	ferrous hydroxide
1	Ficoll Hypaque
1	filtrate A
1	final compound
1	final compound BB6
1	final compounds
1	final desired product
1	final eluent
1	Final Product
1	fine-needles
1	five membered lactone
1	flavone glycosides
1	fluffy white solid
1	fluorenone ketyl
1	fluorenyl
1	fluorenylmethyl mono-ester
1	fluorides
1	fluoride salt
1	fluorinated ether
1	fluorinated saturated hydrocarbon
1	fluorine alcohol
1	fluoro
1	fluoroaryl magnesium halide
1	Fmoc-NCS
1	foams
1	formate ester
1	formic acid ester
1	Formula 102
1	Formula 11.0
1	Formula 125
1	formula 13
1	formula 14
1	Formula 142
1	Formula 15
1	Formula 150
1	Formula 16
1	Formula 17
1	Formula 18
1	formula 19
1	formula 1c
1	formula 2
1	Formula 201
1	Formula 20m
1	Formula 21
1	Formula 22
1	Formula 23
1	Formula 23.0
1	Formula 24
1	Formula 24.0
1	formula 25
1	Formula 25
1	Formula 26
1	Formula 3
1	formula 37
1	formula 5
1	Formula 5c
1	formula 7
1	Formula iv
1	formula IX
1	Formula-VII title compound
1	formula XII
1	Formula XV
1	Formula XVII
1	Formula- XVII
1	formula XXI
1	formula XXVIII
1	Formula XXXII
1	Formula XXXIII
1	Formula XXXIV
1	Formula XXXIX
1	formyl
1	formyl ester
1	free acid
1	free compound
1	free salt
1	Furan-2,5-dicarboxylic acid 2-amide 5-{[5-[3-(2-oxo-pyrrolidin-1-yl)-propylcarbamoyl]-2-(4-o-tolyl-piperazin-1-yl)-phenyl]-amide}
1	fused aromatic ring
1	fused cyclic anhydride
1	galactaric acid ester
1	glucopyranoside
1	glycal alcohol
1	glycerin acetoacetates
1	glycosides
1	glycylphytyl hydrochloride
1	golden-brown foam
1	golden crystals
1	granisetron exo-9-Methyl-9-azabicyclo[3.3.1]nonan-3-amine
1	graphite sulfonate
1	gray solid
1	gray solids
1	greenish tan solid
1	grey crystals
1	Grignard reactant
1	gums
1	gum/solid
1	)- ( H )
1	—H
1	−H
1	H20
1	H2-1
1	H2O Na2O
1	H-Ala-Ala-Tyr-NH2 peptides
1	haloacetanilide
1	haloketone
1	halopyridine sulfonamide
1	HALS diol
1	having Formula 7
1	HCO2H acetonitrile water
1	heaxane-EtOAc
1	hemi-acetone
1	hemi-fumarate salt
1	hemi-trifluoromethylsulphonate
1	heptahydrate
1	heptane—ether
1	Heptanes
1	heptanes ethyl acetate
1	heptanes EtOAc
1	Heterocycles
1	heterocyclic
1	hexa(4-substituted benzoates)
1	hexahydro
1	Hexane(1)
1	hexane-1',6'
1	hexane 1-PrOH—94
1	hexane diethyl ether-80
1	Hexane-ether-
1	hexane ether-60
1	hexane ether-80
1	hexane-EtOA
1	hexane I-PrOH—94
1	hexanes AcOEt
1	hexanes CH2Cl2 EtOAc
1	hexanes DCM
1	hexanes dichloroethane
1	hexanes Et2O CH2Cl2
1	hexanes Et2O Et3N
1	hexanes ethyl-acetate
1	Hexanes Ethyl acetate
1	hexanes iPrOH
1	hexanes MeOH
1	hexanes toluene MeCN
1	hexulose
1	Hg
1	HN(C2H5)3
1	HOAc hexanes
1	Hydrated hafnium-ammonium-ascorbate
1	Hydrated hafnium-ammonium-gluconate
1	hydrated trifluoroacetate
1	hydro bromide salt
1	hydrocabon
1	hydrochloride hemi-hydrate
1	Hydrochloride salt
1	hydrochloride salt hemi-hydrate
1	hydrochloride salt monohydrate
1	hydrochloride semihydrate
1	hydrogenated phosphatidylcholines
1	hydrogenated pyrene
1	hydrogen fumarate salt
1	hydrogen halide salt
1	hydrogen maleate salt
1	hydrogen oxalate salt
1	hydrolyzed by-product
1	hydroperoxides
1	hydroxamic acids
1	hydroxy-aldehyde
1	hydroxyapatite
1	hydroxy ester
1	hydroxyethyl imide
1	hydroxyl
1	hydroxylactone
1	hydroxypropyl-methyl-cellulose
1	hygroscopic white solid
1	I
1	I-60)as oil
1	ice water
1	(ICH2CH2OCH2CH2OCH2CH2)2 -C(CO2Et)2
1	I-Diethylcarbamoylmethyl-1H-indole-4-carboxylic acid
1	IH-CH2Cl2
1	IH—CH2Cl2
1	iii
1	III/IV
1	I-isopropyl-6-(1H-pyrazol-4-yl)-1H-indazole-4-carboxylic acid
1	imidate
1	Imidazo[1,5-a]pyridine 5-methyltriphenylphosphonium chloride
1	imidazole flavonoid
1	imide
1	imine (Z)-2,2,2-trifluoro-N-(pyridin-2-yl)acetimidoyl chloride
1	imino ester
1	indenes
1	indolizidine alkaloids
1	industrial methylated spirit water
1	ingenol-3,20-diangelate
1	initial adduct
1	initial material
1	intended compound
1	Intermediate
1	intermediate 100
1	Intermediate 1-1
1	Intermediate 1-2
1	Intermediate 13.1
1	Intermediate 1-4
1	Intermediate 147.3
1	Intermediate 1-5
1	intermediate 1-6
1	Intermediate 16.2
1	intermediate 17
1	Intermediate 1A
1	intermediate 1(c)
1	Intermediate 2
1	intermediate 2C
1	intermediate 30
1	Intermediate 32.3
1	Intermediate 36.2
1	Intermediate 37a
1	Intermediate #39
1	Intermediate 3A
1	intermediate 3B
1	intermediate 3C
1	intermediate 4
1	Intermediate 40.3
1	intermediate 42
1	Intermediate 42.3
1	INTERMEDIATE 45
1	Intermediate 46.3
1	Intermediate 47
1	Intermediate 48.3
1	intermediate ( 49 )
1	intermediate 4B
1	Intermediate 4E
1	intermediate 5
1	Intermediate 50.3
1	Intermediate 56.5
1	Intermediate 58.3
1	intermediate 59
1	intermediate 5/b
1	Intermediate ( 5b )
1	Intermediate 60.4
1	intermediate 61
1	intermediate 6/b
1	intermediate ( 6f )
1	intermediate ( 6g )
1	intermediate ( 6h )
1	Intermediate 7-1
1	Intermediate ( 76 )
1	Intermediate 78b
1	intermediate 8-C
1	intermediate A
1	Intermediate B18
1	intermediate c
1	Intermediate C2
1	Intermediate C3
1	Intermediate D1
1	Intermediate D3
1	Intermediate D5
1	Intermediate D6
1	intermediate ( e )
1	intermediate E
1	intermediate ( E )
1	Intermediate E
1	Intermediate E3
1	Intermediate F
1	INTERMEDIATE F
1	Intermediate F1
1	Intermediate H5
1	Intermediate II
1	INTERMEDIATE L
1	intermediate n
1	intermediates ( 1 )
1	Intermediates 149A-151A
1	intermediates 30
1	intermediate xx
1	intermediate XXX
1	in-water
1	I-O-1
1	I-O-55
1	I-phenethyl-1H-pyrazol-4-ylamine
1	i-propanol-ether
1	IR(CH2Cl2)
1	iron sulfates
1	Ir(ppy)2(CCPh)2Li
1	Ir(ppy)2(CNtBu)(CCPh)
1	iso-baccatin III-13-(4S,5R)-N-Boc-2-(2,4-dimethoxyphenyl)-4-phenyl-5-oxazolidinecarboxylic acid ester
1	isobutylaldehyde
1	isobutyl enol ether
1	isocyanurates 1,3-(di-p-trifluoromethoxyphenyl)-5-phenyl-1,3,5-triazine-2,4,6(1H,3H,5H)-trione
1	(iso)phytol
1	isopropanol-ether
1	isopropanol petroleum ether
1	isopropenyl isobutyrate
1	isopropyl
1	isopropyl {2-[(4-bromo-2-chlorophenyl)amino-4-chloro]-7-(1-ethylpropyl)-1H-benzimidazol-1-yl}acetate
1	isostearic acid-1-menthyl
1	isoxazole ester
1	ivory solid
1	)+( j )
1	kaolin KOH
1	kerosene
1	ketal ester
1	keto-acid
1	ketone-alcohol
1	ketones
1	Kiliani reagent
1	l-1-cyclohexyl
1	l-4-hydroxy-4-(p-fluorophenyl)butyric acid
1	l-5α-benzyloxymethyl-4β-hydroxycyclopent-2-enyl-1β-acetic acid
1	La BINOL
1	lacton
1	L-amino acid
1	L- and D-2-hydroxy-3-methylbutyric acid
1	L- and D-2-hydroxybutyric acid
1	L- and D-2-methyl-2-hydroxybutyric acid
1	L- and D-4-methylthio-2-hydroxybutyric acid
1	L- and D-cysteine
1	L- and D-lactic acid
1	L- and D-valine
1	lastmentioned compound
1	layer
1	layer 51
1	layer 54.6
1	layer ( B )
1	(L)-DBTA
1	L-DBTA
1	lecithin
1	lEtOAc-hexanes
1	levulinate ester
1	LiCI
1	Ligand ON13
1	light brown foam
1	light brown powder
1	light yellow crystals
1	light-yellow oil
1	light-yellow product
1	lignin
1	liquid ( 1 )
1	Liquid 5
1	Liquid 6
1	liquid ( A )
1	lithio-anion
1	lithium dimethylcuprate
1	Lithium methyl sulfinyl carbanion
1	L-menthoxyethanol
1	l-N-methyl ephedrine
1	lower alkanol
1	lower alkyl acetates
1	L-RhI
1	L-α-hydrazino-α-methyl-β-(3,4-dihydroxyphenyl)propionic acid
1	( M )
1	M2D'CH2CHMeCH2Cl
1	m-(6-bromonicotinoylamino)phenyl9-2,3,5,6-tetrahydroimidazo[2,1-b]thiazole
1	magnesia
1	Magnesium dibutyldiphenylborate
1	magnesium enolate
1	magnesium ion
1	magnesium sulfonate
1	maleate salt hemihydrate
1	maleic acid, maleic anhydride
1	m-AMSA methanesulfonate salt
1	Mannich bases N-dimethylaminomethyl nicotinamide
1	manoalide delta-lactone propionate
1	manoalide δ-lactone propionate
1	material D
1	material E
1	m-benzoyl α-cyanobenzyl ester
1	m-benzoyl-α-cyanobenzyl ester
1	M—CH3,1Br
1	(Me)2CuLi
1	menthyl ester
1	MeOH(NH4OH5%) CH2Cl2
1	MeOSuc-Leu-Ala-Leu-Dox
1	mercaptan
1	mercaptoalkylamine
1	mercaptoorganyl(alkoxysilanes)
1	meso-3,4-Bis(8-mercaptooctyl)hexane-1,6-diol
1	[mesotri(pentafluorophenyl)porphin]-benzene
1	metal hydroxide
1	metal oxide
1	metaphosphate
1	(meth)acrylamide
1	(meth)acrylate
1	methacrylates
1	(meth)acrylic acid tertiary ester
1	methacryloyloxy-2-ethyl-linoleic ester
1	methanesulfonate ester
1	methanesulfonyl ester
1	methanethiol ester
1	methanol-benzene
1	methanol ethyl acetate-ether
1	methanolic solution
1	methine
1	methoxy
1	methoxy carboxylic acids
1	methoxy or ethoxy ethers
1	methoxy-substituted pyranone
1	meth-tert.-butylether
1	methyl 1,3-O-benzylidene-α-D-fructofuranoside
1	methyl 1-propyl-1,2,3-triazole-5-carbonate
1	methyl (1R,2R)-2-(2-methoxyacetylamino) cyclohexanecarboxylate
1	methyl 2-(1.2-dibromo-2,2-dichloroethyl)-2,2-dimethylcyclopropanimidate
1	methyl 2-(1-aza-2-(2,3-dimethylphenyl)ethylidene)-1,3-thiazolidine-3-carboxylate
1	methyl 2,2-dimethyl octanoate
1	methyl (2,3,4-tri-O-acetyl glucopyranosyl bromide)-uronate
1	methyl (2RS,3SR,4RS,5RS)-tetrahydro-2,5-dimethyl6-oxo-4-benzylamino-2H-pyrane-3-c
1	methyl 3-(acryloyloxy) propyl sulfide
1	methyl 4-(1,3-benzodioxol-5-yl)-6-ethoxy-2-(2-methoxybenzyloxy) quinoline-3-carboxylate
1	methyl (6-phenoxy-2-pyridyl) methyl 2-(2-naphthyl)-3-methylbutanoate
1	methyl 7-[4-(2-butoxyethoxy)phenyl]-1-(2-ethyltetetrazol-5-ylmethyl)-2,3-dihydro-1-benzazepine-4-carboxylate
1	Methyl 7β-(2'-bromo-1'-chloroethylidenimino)-3-methyl-3-cephem-4-carboxylate
1	Methyl 8-(3-amino-5-fluoro-phenyl)-1-cyclopropyl-9-methyl-4-oxo-4H-quinolizine-carboxylate
1	methyl 9-pentadecanoate
1	methylamides
1	methylcellulose
1	methyl cellulose
1	methyl cinnamyl esters
1	methyl D-xyloside
1	methyl (E)-11-[2-(5-nitro-1-benzimidazolyl)ethylidene]-6,11-dihydiodibenz[b,e]oxepin-2-carboxylate
1	methyl E-1-carbomethoxy-5-(4-methdxyphenyl)hept-4-enoate
1	methyl (e)-methyl 4-(4,4,4-trifluorobut-2-en-2-yl)benzoate
1	methylenebis(tolyl isocyanate)
1	methylenecepham sulfoxide
1	methylene chloride-ether
1	methylene chloride-(tert-butyl methyl ether)
1	methylene chloroform
1	methyl ester, HCl salt
1	methyl esters
1	methyl nitramine
1	methyl N-phenyl carbamate
1	methyl(phenylmethyl)amino
1	methyl solketal
1	methyl tert-butyl ether petroleum ether
1	methyl tertbutyl ether petroleum ether diethylamine
1	methythiol ester
1	MgSO4.7H2O
1	MgSO4·7H2O
1	micro needles
1	Mitsunobu reagent
1	mixed product ( 6a )
1	mixture ( 1/1 )
1	mixture 55/45
1	mixture ( IV )
1	ml,CH2Cl2
1	( mm )
1	[MMIM][(C2F5)2P(O)O]
1	[MMPL][(C2F5)2P(O)O]
1	Mn Zn ferrite
1	mobile phase E
1	mobile yellow oil
1	molybdenum ester
1	mono-acetic acid
1	monoacetylenes 5-(2-iodo-4-methoxy-5-trimethylsilanylethynyl-phenoxy)-pyrimidine-2,4-diamine
1	monoalkali metal maleate
1	monoalkylated phenol
1	monoalkyl ester
1	monoallyl ester
1	mono and di-chloroisocyanuric acid
1	(mono-arylated) and 4-[2,3-bis-(2-nitro-4-trifluoromethanesulfonyl-phenoxy)-propylamino]-benzenesulfonamide
1	monoaryloxy-perfluorocyclobutenes
1	monoazo
1	monobenzyl ester
1	monochlorobutenes
1	monochromate
1	monoethanol
1	mono-ethanol
1	monoethanolate
1	monoethylester
1	monofluoride
1	monomer III
1	mono-methanol
1	monomethyl
1	mononitro
1	mono-olefin
1	monooxalate
1	monopropyl ester
1	monopyridinium
1	monoresorcinol triazine
1	monosaccharide
1	mono-secondary alcohol
1	monosubstituted piperazine
1	mono-substituted resorcinol
1	monosulphate
1	mono-THP ether of betulin
1	Monotriethylammonium N6-(4-monomethoxytrityl)-9-(2-phosphonylmethoxypropyl)-adenine
1	mono trifluoroacetic acid
1	morpholide
1	m-resorcinol
1	M-tBu
1	M−t-Bu
1	m-xylylenediamine aromatic dicarboxylic acid
1	N1-{(1S,2R)-1-(3,5-difluorobenzyl)-3-[({2-(dimethylamino) methyl]pyridin-4-yl}methyl)amino]-2-hydroxypropyl
1	N1-{(1S,2R)-1-(3,5-difluorobenzyl)-3-[({2-(dimethylamino)methyl]pyridin-4-yl}methyl)amino]-2-hydroxypropyl
1	N-[1,2-13C2]acetyl-D-glucosamine
1	N-[1-(2-(4-pentylycyclohexyl)-2-oxoethyl)-L-prolyl] benzylamide
1	N′-(1-(2-trimethylsilyl)-ethan-lyloxymethyl)-benzimidazol-2-ylmethyl
1	N1-(4-{4-amino-1-[1-(1-methylpiperidin-4-yl)piperidin-4-yl]-1H -pyrazolo[3,4-d]pyrimidin-3-yl}-2-methoxyphenyl)
1	N-[1-(4-trifluoromethylphenyl) prop-2-yl] glycinates
1	N1-[6-3,5-bis-trifluoromethyl-benzyl)-2-methyl-pyridin-3-yl
1	N-(1-cyanocyclopropyl)-3-pyridin-2-ylmethanesulfanyl
1	N-(1-ethyl-2-pyrrolidinylmethyl)-2-methoxy-4-methyl
1	N-(1-methyl-3-isobutyl-indole-2-carbonyl)-valinyl-3-amino-4-oxo-5-(2,3,5,6-tetral]uorophenyloxy
1	N-[(1R)-1-[(4-chlorophenyl)methyl]-2-(4-{2-[(methylsulfonyl)amino] phenylpiperazinyl)-2-oxoethyl]carbamoyl}-1,2,3,4-tetrahydroisoquinoline-2-carboxylate
1	N-((1r,4r)-4-methoxycyclohexyl)-N-methyl-3-(7-methylthieno[3,2-c]pyridin-2-yl)imidazo[1,2-b]pyridazin-6-amine
1	N -1-trifluoroacetylhexanediamine
1	N-[2-{1-(5-bromophenyl)-1,2,3,4-tetrahydro-quinolin-1-yl}]-4-methyl-1-piperazine carboxamide
1	N-[2-{1-(5-chlorophenyl)-1,2,3,4-tetrahydroquinoline-1-yl}]-4-methyl-1-piperazine carboxamide
1	N-{2-[[2-(dimethylamino)methyl-4-thiazolyl]methylthio]ethyl}-(dimethylamino)methyl-4-thiazolyl
1	N2-[4-(1 -decanoxy-6-fluoro-1H-indazol-3-yl)-1-piperazinyl]ethyl
1	N2-[4-aminocarbonylmethyleneoxy)phenyl
1	N-[2-(4-carbamoylphenyl)-2-hydroxyethyl]-N'-methanesulfonyl-N
1	N,26.34. 5,6-Diamino-1-methyl-3-propyl-2,4(1H,3H)pyrimidinedione
1	N-[2,6-d]bromo-4-(1,1,1,2,3,3,3-heptafluoropropan-2-yl)phenyl
1	N-[2-(6-methyl-1-phenyl)-1,2,3,4-tetrah quinolin-1-yl]-4-methyl-1-piperazine carboxamide
1	N-(2-bromo-4-(1-methylethyl)phenyl)-N-ethyl-4-(1-aminothyl)-6-methyl-pyrimidinamine
1	N-(2-Hydroxy-4-nitophenyl)-N'-(2-fluorophenyl)urea
1	N-(2-methylamino)homopiperazine
1	N-(2-methylamino) homopiperazine
1	N2,N4-bis[3-N-benzyloxyethyleneamino)phenyl
1	N2-phenylethyl
1	N-(2-pyridon-6-yl)-N'-propylformamidine
1	N-(2R)-hydroxy-(1S)-hydroxycarbamoyl-propyl
1	N-((2R)-hydroxy-(1S)-hydroxycarbamoyl-propyl)-4
1	N-(3-{[(2,2-dimethyl-4,6-dioxo-[1,3]dioxan-5-ylidene)-(thiophen-3-ylamnio)-ethyl]-amino}-propyl)-acetamide
1	N-[3,4-bis[(1-oxodecyl)oxy]phenyl]-N-[2-oxo-2-phenylmethoxy)ethyl
1	N-[3-4-chlorophenyl)-3-(4-fluorophenyl)-3-hydroxypropyl
1	(N-(3-(5-(4-chlorophenyl)-1-((pivaloyloxy)methyl)-1H-pyrrolo[2,3-b]pyridine-3-carbonyl)-2,4-difluorophenyl) propylsulfonamido) methyl pivalate
1	(±)-N-(3,5-dichloro-1-oxido-4-pyridinio)-5-methoxy
1	N-[3-[6-(2,3-bisphenylmethoxy)phenyl]hexyloxy]-5-[(12-phenoxydodecyl)oxy]phenyl
1	N-(3-acetylphenyl)-N′-[3-[(11R,4S,6R)-6-[(4-fluorophenyl)methyl]-2-azabicyclo[2.2.2]oct-2-yl]propyl]urea hydrochloride
1	N-(3-allyloxycarbonyloxirane-2-carbonyl)-L-tyrosine benzyl ester(EP-147)
1	N-(3-benzamido-4-chlorophenyl)-6-(2,6-dimethylmorpholin)
1	N-(3-cyanophenyl)-N'-(1-((phenyl)methane)sulfonyl)piperidin-4-yl
1	N-(3-cyanophenyl)-N′-(1-((phenyl)methane)sulfonyl)piperidin-4-yl
1	N-(3-m-methylbenzyloxycarbonyloxirane-2-carbonyl)-L-tyrosine benzyl ester(EP-148)
1	N-[3-(N',N'-dimethylamino)propyl]perfluorohexane sulfonamide
1	N-[3(R)-1-{3-(4-piperidyl)propionyl}-3-piperidylcarbonyl]-2(S)-(4-methoxycyclohexanecarbonyl)amino-β-alanine
1	N-[3β-hydroxy-11-oxo-18β-olean-12-en-30-oyl]aspartic acid
1	N-(4-{1-[4-(3,3-dimethyl-2-oxo-butoxy)-3-methyl-phenyl]-1-ethyl-propyl}-2-methyl-phenyl)-N,N-bis-ethanesulfonamide
1	N-[4-(3-[1l-(1H-benzo[d]imidazol-2-ylsulfonyl)-2-piperidyl]-1,2,4-oxadiazol-5-ylmethoxy)benzyl]-N-methylamine
1	N-{4-[3-(4-tert-butylbenzyl)-2-oxoimidazolidin-1-ylmethyl]phenyl}-N,N-bis(methanesulfonyl)imide
1	N-(4-chloro-3-methyl-5-isoxazolyl)-2-{{2-[(4,5-dimethoxy-2-methoxycarbonyl)phenylaminocarbonyl]-4,5-dimethoxy}phenylaminocarbonyl}thiophene-3-sulfonamide
1	N-(4-chlorophenylimino)-2,3-dihydro-4H-3-(3-methoxybenzyl)pyrido[3,2-e]-1,3-thiazin-4-one
1	N-(4-((N-methyl-N-(3,5-dimethylcyclohexyl))aminomethyl)-phenyl)-7-(4-methylphenyl)-2,3-dihydro-1-benzoxepine-4-carboxamide methylphenyl
1	N-(5,5,7,7-tetramethyl-4-5,6,7-tetrahydrobenzothiazol-2-yl)urea
1	N-(5-(biphenyl[1,1′]-4-yl)-6,7-dimethoxynaphthalen-1-yl)
1	N-[5-(N,N-dimethylaminosulfonyl)-1,3,4-thiadiazol-2-yl]-N-[2,2-dimethyl-2-(4-methyl-1,3-dioxan-2-yl)ethyl]-N-methylurea
1	N6 -Benzoyl-5'-O-tert-butyldimethylsilyl-2,'3'-dideoxy-3'-ethylacrylyladenosine
1	N-[(6-chloro-2-isobutyl-3-oxo-2,3-dibydro-1H-isoindol-1-yl)acetyl]guanidine
1	N-8 2,2,2-trichloro-1-(2,2,2-trichloroethoxy)-ethyl
1	Na2O·Al2O3
1	N-acetyl AMPA
1	N-acryloyl 2-glycine
1	Na[Gd(EDTA)]
1	N-alkenyl-2-aminomethyl-pyrrolidine
1	NaPF6
1	naphtha
1	Naphthalene diesters
1	naphthyl
1	N-aryl heterocyclyl-N—H alkyl
1	N-(benzyloxy)
1	N-benzyloxycarbonyl-glycine 4,6-dimethylpyrimidine-2-yl
1	N'-bis(3-aminopropyl)piperazine
1	N,-bis(3-phenylpropyl)ethylenediamine
1	[N-Boc-3-(p-cyanophenyl)-DL-alanyl]-Gly-Asp(OtBu)-Val-OtBu
1	N-Boc-(3RS)-Aminomethylcyclohexanecarboxylic acid
1	n-butyraldol
1	N-carbo-(−)-menthyloxy pyrrole
1	N-(carboxymethyl)
1	N-cis cis-3,5-Dimethylcyclohexyl-N-cyclopentyl amine
1	N-cyclopropyl-4-methyl-3-(4-methyl-3′-oxo-2-phenyl-3,4,5,6-tetrahydro-2H,3′-[1,2′]bipyrazinyl-4′-yl)-benzamide
1	N-cyclopropylmethyl-7α-(3-phenylpropionylamino)-6,14-endoethenotetrahydronorthebaine
1	N-cyclopropylmethyl-7α-(4-phenylbutylcarbamoyl)-6,14-endoethenotetrahydronormorphide
1	( nD20 )
1	needle
1	needles ( D1 )
1	neopentyl
1	neutral by-products
1	NH3— MeOH EtOH
1	NH3 petroleum ether
1	(NH4)2S2O7
1	NH4 OH
1	n-hexane-dichloromethane-ether
1	N-hexane ethyl acetate
1	n-hexanes EtOAc
1	NHPI
1	N-isobutyl 7-(3'-propenylphenyl)-(2E,6Z)-heptadienamide
1	N-isobutyl 7-(4'-phenylphenyl)-(2E,6Z)-heptadienamide
1	N-isopropyl-3,5-diethyl-(or 3-ethyl-5-methyl)aniline
1	Nitrile
1	nitroalkanes
1	nitro ester
1	nitroisocyanates
1	N-(L-menthoxyacetyl)-2-pyrroline
1	"N-methyl-[N'-[2-(N""-methyl-2-nitro-1,1-ethenediamine)ethyldisulphanyl]ethyl]-2-nitro-1,1-ethenediamine"
1	N'-methyl-N'-2-pyridyl-ureido
1	N,N-(2,6-deoxy-D-galactose) 2,6-acrylamide
1	N,N'-bis-(2'-isopropylanilide)
1	N,N'-bis(9-anthracenylmethyl)spirodiamide
1	N,N-bis(p-toluenesulfonyl)-2′-nitroaniline
1	N-[(N-BOC-(4-aminobutyl)-N-methylimidazole-4-(N-methylpyrrole-2-carboxamido)-2-carboxamido)]-N-[5-(3-benzyloxy-2-(2-chloroethyl)phenyl)benzofuran-2-carboxamido)
1	N-[(N-BOC-(4-aminobutyl)-N-methylpyrrole-4-(N-methylimidazole-2-carboxamido)-2-carboxamido)]-N-[5-(3-benzyloxy-2-(2-chloroethyl)phenyl)benzofuran-2-carboxamido)
1	N-[(N-BOC-(4-aminobutyl)-N-methylpyrrole-4-(N-methylpyrrole-2-carboxamido)-2-carboxamido)]-N-[5-(3-benzyloxy-2-(2-chloroethyl)phenyl)benzofuran-2-carboxamido)
1	[NnBu4][OsVI(N)Cl4]
1	N,N-di-(4-ethylphenyl)-2′,4′-dichloro-6′-methylaniline
1	N,N-Dimethyl
1	N,N-dimethylaminopyridine
1	N,N-dimethylformamide-ether
1	N,N-dimethyl-N-ethanolammonium
1	N,N-dimethyl-α-chloroformimidinium chloride
1	N-(N-L-y-glutamyl-S-Nitroso-L-cysteinyl)glycine
1	N-[N-[(phenylmethoxy)carbonyl)-L-phenylalanyl-D,L-2-ethoxyglycyl]-(S)2-amino-4-methyl-
1	N-[N-t-butoxycarbonyl)-3-phenyl L-alanyl
1	N,O-bis(5-chloropetanesulfonyl)propanolamine
1	N,O-dimethylamide
1	non-crystalline product
1	nonvolatile material
1	nonyl phenol-poly
1	N-phenoxycarbonyl
1	N-phenyl-2-[((3-chlorobenzo b]thien-2-yl)carbonyl)amino
1	N-phenyl-N-ethylaminoacetonitrile
1	N-propylol N'-lauryl ethylenediamine
1	N-selenoxide
1	N-substituted 2-(4-amino-7,8-dihydropyrido[4,3-d]pyrimidin-6(5H)-yl)benzonitriles
1	N-t-butoxycarbonyl-3-[2-[2-(5,6,7,8-tetrahydro-naphthyl)]ethoxy]-L-phenylalanine methyl ester
1	N-(t-butoxycarbonyl)-L-cyclohexylalaninol
1	N-tert-alkyl
1	N-(trans-4-(3-(3,6-dihydro-2H-pyran-4-yl)pyridin-2-yloxy)cyclohexyl)benzo[c/]thiazol-2-amine
1	nuclear-chlorinated compounds
1	nucleic acids
1	nucleotide
1	nylon
1	nylon 66
1	N-(α-bromoacetyl)
1	N-(β-chloroethyl)-N-methyl-N'-(2-trifluoromethyl-1,3,4-thiaidazol-5-yl)urea
1	O-(2,3,4,6-tetra-O-benzyl-β-D-galacto-pyranosyl)-(1→3)-(2-azido-4,6-di-O-benzyl-2-deoxy-α-D-galactopyranosyl)-L-theronine-L-alanine benzyl ester
1	O-[2-(N,,N-dimethylcarbamoyloxy)-2-methoxyiminoethyl] O-ethyl 2-methyl-4-chlorobenzylphosphonate
1	O-[3-(2,2-dimethoxyethylthio)phenyl]-0 N-methylcarbamate
1	O-(3-bromophenyl) O-(4-cyano-6-methylfulfonylacridin-2-yl) S-phenyl phosphorothioate
1	O-(4-fluorophenyl) O-(5-methylfulfinyl-2-anthryl) S-(4-nitrophenyl) phosphorothioate
1	O-acetates
1	O-Anisalacetone
1	obtained product
1	obtained residue
1	o-carboxyamide
1	octa-3,1′(3′H)-isobenzofuran
1	octenes
1	O-ethyl S-propyl O-[3-(benzoylhydrazonomethyl)phenyl]thiophosphate
1	of(4-chlorophenyl)(2-hydroxy-4-methoxyphenyl)methanone
1	off-white foam
1	off-white gum
1	off-white powder
1	of(R)-(-)-5-[(1,1'-biphenyl)-4-yl]-3,4-dihydroxy-5-methyl-2(5H)-furanone
1	of(R)-(−)-5-[(1,1′-biphenyl)-4-yl]-3,4-dihydroxy-5-methyl-2(5H)-furanone
1	O-glycoside
1	(OH)pa1
1	oil 14
1	oil ( 2g )
1	oil ( 350 )
1	oil 54
1	oil ( IV )
1	oil/solid 32
1	oil/solid 4a
1	olefins (±)-4-methylbenzyl (E)-4-(2-ethoxy-2-oxoethylidene)-3-fluoropiperidine-1-carboxylate
1	oligomer
1	O-methine hydrogen
1	O-Methyl
1	O-methyl(ethyl) O-aryl chlorothiophosphate
1	O-methyloxime, hydrochloride
1	ON12-tBu
1	O-octylcarbamate
1	orange-brown solid
1	organic phase
1	organic product
1	organoborane
1	organopolysiloxane
1	Orn delta-lactam
1	ortho-toluene
1	oxides
1	oxybis-methylene isobutyrate
1	oxybismethylene isobutyrate
1	oxyethylene
1	oxyindole
1	P
1	P019
1	pale brown clear oil
1	pale brown oily material
1	pale cream solid
1	pale-green oil
1	pale mobile liquid
1	pale yellow liquid
1	pale-yellow oil
1	pale-yellow solid
1	pale yellow viscous oil
1	pamidronate dipotassium
1	pamoate
1	panthenol diester
1	panthenol triester
1	paraffin
1	Para-hydroxyphenylpropionyl biocytin
1	partial hydrolysed product
1	p-(carboxymethyl)ritodrine
1	Pd(CH3CN)2Cl2
1	pentaerythritols
1	pentaerythritol tetrakis(3-menrcaptopropionate)
1	penta-hydrate
1	pentane-ether
1	pentanes
1	pentasodium
1	pentenes
1	Peptides
1	peptide thioester
1	peracids
1	perchlorylbenzene
1	perfluoroalkyl acrylate
1	perfluoropolyether
1	peroxytrifluoracetic acid
1	Pet. Ether EtOAc
1	petrol—acetone
1	petrolatum ethyl ether
1	petrol ether ethyl acetate
1	petrol EtOAc
1	petroleum benzine
1	petroleum ether
1	petroleum-ether
1	petroleum ether AcOEt
1	petroleum ether CH2Cl2 EtOAc
1	petroleum ether ethyl acetat
1	petroleum ether-ethylacetate
1	Petroleum ether EtOAc
1	petroleum spirits
1	Ph
1	phase A
1	phase B
1	phase E
1	phase Z
1	(Phe)-H
1	phenolic resin ( 6 )
1	phenyl 2,3,4-tri-O-acetyl-D-mannoside 6-dibenzylphosphate
1	Phenyl-di(2chloroethyl)phosphoramidic chloride
1	Phenylmagnesium bromide-ether
1	phenyloctadecylnitrile
1	phenylphosphonic acid 3-(1H-indol-2-yl)-1-indazol-5-yl ester benzyl ester
1	PhMe2Si(OH)
1	phosphate ester
1	phosphinite-phosphites
1	photopolymerization initiator
1	phthalimide-amine
1	Piperidine enamine
1	p-methoxybenzyl ester
1	p-nitrobenzyl α-[4-methoxymethylthio-3-phenoxyacetamido-2-oxo-acetidin-1-yl]α-(1-morpholinoethylidene)acetate
1	pnmr(CDCl3)
1	polar product
1	poly(2-vinylpyridine)
1	polyacetal
1	polyacrylate
1	polyamide
1	polyaniline
1	polybutadienes
1	polyDADMAC
1	polyether polyols
1	polyethoxylated stearyl ether
1	polyethyleneglycol ethylether propionate
1	polyethylene polyamines
1	poly(hydrazide)
1	poly(hydroxystyrene)
1	polyisobutylene
1	Poly lactic acid
1	polymer 13
1	polymer B
1	polymeric material
1	Polymers 35
1	polymethacrylic acid ester
1	polyol
1	polyolefin resin
1	polyoxyalkylene amine
1	polyoxyalkylene bisphenol A
1	polyphenylene oxide
1	polyphenyl-polymethylene-polyisocyanate
1	polyphosphoric acid
1	Poly(propylene fumarate)
1	polysaccharide
1	polysaccharides
1	poly(styrene-co-dimethylaminoethyl methacrylate)
1	poly(styrene/maleic anhydride-b-styrenelbutylacrylate)
1	(Polystyrylmethyl)trimethylammonium bicarbonate
1	poly(trimethylene terephthalate) copolyester
1	polyurethane polyurea
1	polyvinylbutyral
1	poly(vinyl butyral)
1	porphyrins
1	(POSS)(FPt-6)2(carbazole)6
1	potassium salts
1	potassium (±)-threo-5-(4-fluorophenyl)-4,5-dihydrooxazole-4-carboxylate
1	powder 31
1	powder 33
1	powder [ 340 ]
1	powder 3a
1	powder 6a
1	powders
1	pPhenyl-(2-phenylethynyl-thiazol-5-yl)-methanol
1	p-phenyleneterephthalamide
1	prenyl ester
1	PRO-04-46
1	product 110
1	product 15
1	product ( 17 )
1	product 17j
1	product ( 1-c )
1	product 3
1	product ( 3 )
1	product [ 318 ]
1	product 380
1	product 4-113
1	product ( 58 )
1	product ( 6 )
1	product 78
1	Product A
1	product B
1	product S
1	product ( S )
1	products 202
1	product ( XI )
1	product ( XII )
1	PrOH—H O—NH4OH
1	propionic acids
1	propylene iodohydrins
1	propylhydrazone
1	P(SSNa-co-PFO)
1	P(SSNa-co-PFS)
1	pSTV28-Ptac-IspSP
1	p-substituted phenoxy
1	pure black oil
1	pure light brown oily product
1	pure mixture
1	pure oil
1	pure orange-brown oil
1	pure pale yellow solid
1	pure product 4
1	pure solid
1	pure solids
1	pyrazolo[1,5-a]pyrimidin-3-ylmethylene
1	pyridin 3-quinazolin-4(3H)-one
1	pyridine nucleotides
1	(Pyridyl-2)-thiol acetate
1	pyromellitic anhydride
1	pyrrolidine enamine
1	pyrrolo(1,2-b)-(1,2)benzo-thiazin-10-one
1	( q )
1	quarterhydrate
1	quaternary ammonium
1	quinolinyl
1	R-1-(2-bromophenyl)-1'-butanoyloxyethane
1	(R)-1-(3-trifluoromethylphenyl)-propan-2-ol acetic ester
1	(R)-1-phenethylamine
1	(R)-1-Phenethylamine
1	R3-Br
1	R-[3-oxo-1-(2,4,5-trifluoro-benzyl)-3-(3-trifluoromethyl-5,6-dihydro-8H-imidazo[1,5-a]pyrazin-7-yl)-propyl]carbamic acid tert-butyl ester
1	rac-(1R,2R)-6′-chloro-2-(3-chlorophenyl)spiro[5-cyclohexene-1,3′-[3H]indole]-2′,4(1′H)-dione
1	rac-(1R,2S)-6′-chloro-2-(3-chlorophenyl)spiro[5-cyclohexene-1,3′-[3H]indole]-2′,4(1′H)-dione
1	rac-2a-{3-[4-(2-chlorophenyl)-9-methyl-6H-thieno[3,2-f][1,2,4]triazolo[4,3-a][1,4]diazepin 2-yl]-2 propynyl}-2a,3,4,5-tetrahydrobenz[cd]indol-2(1H)
1	racemic rac-(4S*,5R*)-2-(4-tert-butyl-5-chloro-2-ethoxy-phenyl)-4,5-bis-(4-chloro-phenyl)-4,5-dimethyl-4,5-dihydro-imidazol-1-yl
1	racemic rac-(4S*,5R*)-4,5-bis-(4-chloro-phenyl)-2-(2-ethoxy-4-trifluoromethyl-phenyl)-4,5-dimethyl-4,5-dihydro-imidazol-1-yl
1	racemic trans 6-benzenesulfonyl-1-(1-benzyl-3-methyl-piperidin-4-yl)-1,6-dihydro-1,2,3,5,6-tetraaza-as-indacene
1	R-(+)- and S-(-)-8-methoxy-2-aminotetralin
1	raw materials
1	Rayon
1	(R)-azido-2-cyclohexylpropanol-2
1	(Rb2)Xb2nb2(OH)pb1
1	R-curcumene
1	recovered1-bromobutane
1	red amorphous powder
1	reddish-brown oil
1	reddish oil
1	red-orange liquid
1	red powder
1	reduced amino-pyrazine
1	reduced compound
1	red viscous oil
1	required products
1	residual heavy by-products
1	residual material
1	residue 10
1	residue 42
1	residue 549
1	residue 56
1	residue ( 5.79 )
1	residues
1	resin 1
1	resin 3
1	resultant compound
1	resultant residues
1	( R )-form
1	Rh
1	RLys
1	(R)-N-(3-amino-propyl)-N-[1-(3-benzyl-7-chloro-4-oxo-3,4-dihydro-quinalolin-2-yl)-2-methyl-propyl]-4-methyl-benzamide
1	RP505
1	(RR,SS)-2-benzenesulfonyl-2-(6-methyl-2,3,4,9-tetrahydro-1H-carbazol-2-yl)-propionitrile
1	(RS)-1-[5-(4-Fluoro-phenyl)2-methyl-thiazol-4-yl]-1-{2-[1-(2-trimethylsilanyl-oxymethyl)-1H-indol-2-ylmethyl]-piperidin-1-yl}-methanone
1	(RS)-4-methyl
1	(RS)-N-(2-cyclopropyl-2-hydroxy-propyl)-6-cyclopropylmethoxy-5-(4-trifluoro-methoxy-phenyl)-nicotinamide
1	Ru
1	(R)-(α)-phenylethylamine
1	( s )
1	S2-2-1
1	(S)-2-(4-cyclohexyl-phenoxymethyl)-6-methanesulfonyl-2,3-dihydro-oxazolo[3,2a]pyrimidin-7-one
1	(S)2-(4-isobutylphenyl)
1	(S)-3-cyclohexyl-3-butanenitrile
1	(S)-6-chloro-1,2,3,11a-tetrahydro-5H-pyrrolo[2,1-c][1,4]benzodiazepine-5,11(10)
1	S8C
1	S8F
1	saccharide
1	salicylic acids
1	salt 4
1	salt K
1	(S)-amine
1	saturated acids
1	saturated secondary alcohol
1	S-curcumene
1	second eluted compound
1	semihydrate
1	S-ethyl S-propyl O-(2-formylphenyl)trithiophosphate
1	( S )-form
1	Si
1	SIAB
1	sialoside
1	side product
1	SiIica gel
1	silanes
1	silicone
1	siloxane
1	silver halide
1	silver ion
1	silyl ketene acetal
1	⃝-sinensal
1	SiO2 CH2Cl2 hexane
1	SiO2 CHCl3
1	SiO2 ethanol
1	SiO2 hexane
1	SiO2 MeCN MeOH
1	six
1	Sixteen
1	Sn
1	(S)—N-(2′-amino-3-bromo-5′,6′-dihydrospiro[chromeno[2,3-b]pyridine-5,4′-[1,3]oxazin]-7-yl)-5-methoxypyrazine-2-10 carboxamide
1	(S)—N-((2S,3S)-1,2-his(tert-butyldimethylsilyloxy)pent-4-en-3-yl)-2-methylpropane-2-sulfinamide
1	Sn-Beta zeolite
1	SO2CF
1	sodium 6-(1-aminocyclohexanecarboxamido)penicillanate
1	sodium cation
1	sodium cerous phosphate
1	sodiumdodecylsulfate polyacrylamide
1	sodium enolate
1	sodium salts
1	sodium trimethylsilanoate
1	solid 13
1	solid.14
1	solid.15
1	solid 16
1	solid 20
1	solid 21
1	solid [ 310 ]
1	solid 34
1	solid 36
1	solid 41
1	solid 43
1	solid 45
1	solid 51
1	solid 52
1	solid 53
1	solid 7a
1	Solution 1
1	solution 106
1	solution ( 84 )
1	solution ( B )
1	solution ( I )
1	Solution II
1	solvent A
1	spiro[3,3-diphenyl-2,3-dihydro(1H)indene-1,3′-2′-cyanooxirane]
1	spirocyclic
1	spiroether
1	spiro-ether
1	S-propyl O-(2-formylphenyl) ethylthiophosphate
1	spyri[2.5]octan-4-ylmethanol
1	(S)-RuCl[(1R,2R)-p-TsNCH(C6H6)CH(C6H6)NH2](η-benzene)
1	S,S-dioxide
1	stainless steel
1	stannic chloride
1	stannous chloride
1	stannouschloride dihydrate
1	Starbon-Pd
1	starch-g
1	starch iodide
1	starting acid
1	starting product
1	steroid
1	Steroids
1	stolonoxide B methyl ester
1	straight chain fatty acids
1	styrene acrylic resin
1	styrene-maleic anhydride copolymer
1	Styrene-(meth)acrylate ester
1	styryl ester
1	substituted 1-indanones
1	substituted-2-methyl
1	substituted 3-benzoylacrylic acids
1	substituted acrylamide
1	substituted amino
1	substituted aromatic hydrazone 2-hydroxy-1-naphthaldehyde-p-(t-butyl)-benzoyl hydrazone
1	substituted benzaldehyde
1	substituted benzyloxy
1	substituted cyclohexyl
1	Substituted deoxybenzoins
1	substituted phenoxyacetic acid 5-[2-(p-carboxymethoxy]phenyl)ethen-1-yl
1	substituted phthalic anhydride
1	substituted tetralone
1	sub-title compound
1	subtitled compounds
1	sugar alcohol
1	sulfated monomer
1	sulfates
1	sulfenylated diphenylamine
1	sulfinyl
1	sulfonated polystyrene
1	sulphide
1	sulphonic acid
1	sulphonic acids
1	sulphoxide
1	Sumatriptan-Na2FDKP
1	symmetric product
1	syn
1	syn- and anti-methyloximes
1	S(−) α-methylbenzylamine
1	S(−)α-methylbenzylamine
1	Tamiphosphor guanidine monoester
1	tan liquid
1	tan needles
1	tannin
1	tannish yellow solid
1	tan powder
1	target product
1	TBDMS
1	t-butoxycarbonyl
1	t-butyl (3R)-2-methyl-3-dodecanoyloxy butanoate
1	t-butyl (S)-2-[[(R)-γ-[[(S)-1-[[(1S,2S,4S)-1-(cyclohexylmethyl)-2-hydroxy-4-isopropyl-5-hexenyl]carbamoyl]-2-imidazol-4-ylethyl]carbamoyl]phenethyl]acetyl]-1-pyrrolidinecarboxylate
1	t-dodecyl mercaptan
1	TEA MeOH
1	ten
1	terephthaloyl chloride 2,6-naphthaloyl dichloride dibenzoyl chloride
1	terpenes
1	tert-butyl
1	tert-butyl (3-(24(4-methoxy-6-(4-methylpiperazin-1-yl)pyridin-3-yl)amino)-7-oxopyrido[2,3-d]pyrimidin-8(7H)-yl)phenyl
1	tert-butyl (3R,5S)-6-benzyloxy-3-hydroxy-5-tetahydropyranyloxyhexanoate
1	tert-butyl 6-bromo-2,2,4,4-tetramethyl-2,3,7,8-hexahydro-1H-cyclopenta[h]quinoline-3,9-dione-1-carboxylate
1	tert-butyl cis-(4-fluorophenyl)-8-hydroxy-11-oxa-3-azaspiro[5.5]undecane-3-carboxylate
1	tert-butyl Grignard reagent
1	tert-butyloxalic acid chloride
1	tert-butyloxycarbonyl
1	tert-butyl ((R)-2-methyl-44-((R)-(4-(4-methylphenyl)phenyl)- (phenyl)methyl)-piperazin-1-yl)acetate
1	tert-hydroperoxide
1	tertiary alkyl (meth)acrylate
1	tertiary amines
1	tertiary phosphine oxides
1	tertrahydro-1-(5-t-butyl-1,3,4-thiadiazol-2-yl)-3-methyl-6-[N-methyl-N-(3,4-dichlorophenyl)carbamoyloxy]
1	tetraalkali metal
1	tetrachloroferrate
1	tetraen-9-yl carbamoyl
1	tetra-formate
1	tetrahydro-1-(5-methyl-1,3,4-thiadiazol-2 -f)-3-methyl-6-hydroxy-2(1H)-pyrimidinone
1	(tetrahydroabietyl)-2,4 di-tert-butyl phenyl phosphite
1	(tetrahydroabietyl)2,4 di-tert-butyl phenyl phosphite
1	tetrahydrochloride
1	tetrahydrofuran hexanes
1	tetrahydroisoquinoline ester
1	tetrakis(methoxycarbonyl)
1	tetrakistrifluoroacetate
1	tetrakis (triphenylphosphine)palladium(0)
1	tetrapentyl 2-(3-phenylpropyl)-1,3-propylidenediphosphonate
1	tetrapeptide (ε-INOC)Lys-Asn-Phe-Phe-OMe.2HCl
1	tetra(pivaloyloxymethyl)ester
1	the2′-ethoxyl-1,1′-biphenyl-2-ol
1	(THF)2
1	thiadiazolyl
1	thiazolidine carboxylic acids
1	thick liquid
1	thieno [2,3-b]pyrrolizin-4-one
1	thienyl-2 thioacetamide
1	thio-5 -benzofuranol
1	thiohydrazide
1	thione
1	TiO2
1	Ti(O-t-Bu)4
1	title compound 135
1	title compound 2-[
1	title compound 20
1	title compound ( 21c )
1	title compound 24
1	title compound 26
1	title compound 27
1	title compound 73
1	title compound 7D
1	title compound 9
1	title compound ( A )
1	title compound ( I )
1	title compounds 223
1	title compounds 261
1	title copolymer
1	TMPTA ADA
1	TMPTA-PDA-9NH
1	toluene-hexanes
1	trans-1-(2-chloromethylcyclopropylmethyl)-4-[2-(3,3,5,5-tetrantethylcyclohexyl)phenyl]piperazine
1	trans-1-(3-methoxy-4-nitrophenyl)-4-(morpholin-4-yl)cyclohexanecarbonitrile
1	trans-3-[3-(tert-butyldimethylsilanyloxymethyl)cyclobutl]-8-chloroimidazo[1,5-a]pyrazine
1	trans-3-[3-(tert-butyldimethylsilanyloxynethyl)cyclobutyl]-8-chloroimidazo[1,5-a]pyrazine
1	trans-3-(6,8-diisopropyl-4-oxo-4H-quinazolin)-3-yl
1	trans-6-sulfanylamido-2,2-dimethyl-1,3-dioxepane-5-ol
1	trans alkylene
1	trans-cyclooctenol
1	Trans-methyl 4-(3-ethoxy-3-oxopropanoyl)-2-(2-fluoro-4-(trifluoromethyl)phenyl) piperidine-1-carboxylate
1	transs-5-[4-(benzyloxy)phenyl]-7-[4-(4-methylpiperazino)cyclohexyl]-7H-pyrrolo[2,3-d]pyrimidin-4-amine
1	tri-2-ethylhexylamine
1	tri(acryloyloxyethyl)isocyanurate
1	trialkylammonium formate
1	triamine
1	tribenzoate
1	trichloride
1	trichloromethane petroleum ether
1	trichloropropenes
1	triester pentaerythritol tributyrate
1	triethylamine ethyl acetate-hexanes
1	triethylamine hydrochloride Et3N.HCl
1	triethylene tetramine monobehenamide
1	trifaoromethanol-tetraphenylporphyrin
1	trifluoro-acetic
1	trifluoroacetyl ester
1	trifluoromethanesulphonyloxy
1	triglyceride
1	triglycidyl ether
1	tri-HCl
1	tri-hydrochloride
1	triisocyanate
1	tri-isocyanato-isocyanurate
1	trimaleate
1	trimellitic anhydride
1	trimellitic anhydride monochloride
1	trimethanesulfonate
1	trimethyl(6-alk-3-(tetrahydro-2H-pyran-2-yloxy)hex-5-en-1-ynyl)silane
1	(Trimethylammoniomethyl)ferricinium bis(tetrafluoroborate)
1	trimethyl or triethyl phosphite
1	Trimethyl sulfonium 5-(2-chloro-4-trifluoro-methylphenoxy)-2-nitrobenzoate
1	triol
1	tri-peptide
1	tripeptides rhizocticine C
1	triphenylsulfonium (1-pyrrolidonemethoxycarbonyl)-difluoromethanesulfonate
1	tri-p-toluenesulfonyl
1	tris-trifluoroacetate
1	tristrisfluoroacetic acid
1	trivinyl ether
1	TTA-tBu
1	tungsten ester
1	tween-80
1	Tween 80
1	U-Cu-A
1	UDP-GlcNGc
1	unconverted reactant
1	unknown products
1	unreacted material
1	unsaturated alcohol 3-methyl-2-nonen-1-ol
1	unsaturated fatty acids
1	urea-formaldehyde resin
1	urethane acrylates
1	( v )
1	V
1	valeramide polystyrene
1	vanillyl-alkadienamide
1	V(CH2Cl2)
1	( vi )
1	( vii )
1	vinyl butyral
1	viscous product
1	viscous residue
1	( W )
1	water, HCl
1	white oily solid
1	( XV )
1	( XVII )
1	xx
1	( XXV )
1	( XXVII )
1	XXX
1	xylan
1	xylenes
1	Y2O3
1	yellow-brown gummy oil
1	yellowish liquid
1	yellowish residue
1	yellow oily product
1	yellow semi-solid
1	yellow-solid
1	yellow viscous oil
1	( Z )
1	Z-Asp dialkali metal
1	Z-Asp-OBn aldehyde
1	( Z )-isomer
1	Zn(BH4)2
1	α
1	( α )
1	α-allyloxy-ω-(1-propenoxy)alkane
1	α- and γ-monoethyl esters
1	α-bromoketone
1	α-fluorostearone
1	α-keto acid ester
1	(-) -α-methoxy-α-trifluoromethyl
1	α-naphthyl cyclohexyl carbamate
1	α-olefins 1-pentadecene
1	α-[p-cyclooctenyl)-phenoxy
1	α-p-(diethylamino)phenyl
1	α-sulphoxide
1	α,α'-bis[3-(N,N-diethylcarbamoyl)pyridinium] p-xylene dihydrobromide
1	α,α′-bis(4-methoxy)-tetracyclone
1	α,β unsaturated ester
1	β-acetoxyethyl ester
1	β-Chloro-N- 2-furfurylpropionamide
1	β-glycoside
1	β-(N-ethyl)-3,4-dimethoxyphenethylamine
1	β-N-ethyl-N-methylaminoethyl 2-(5-oxo-5H-dibenzo[a,d]cyclohepten-2-yl)-propionate
1	β-N,N-dimethylaminoethyl ester
1	β-tert butyl diester
1	β-tert-butyl diester
1	β,β-dibromodiethyl ether
1	γ
1	γ-lactone
1	γ-THP-oxy-propylhydrazine
1	δ(DMSO)
1	( ε6,390 )
1	Ψ-ester
1	ψ-ester
1	ω-2-β-dimethylaminoethyl isobutyrate
1	ω-dodecanelactam
1	ω-hydroxy-caproic acid
